gcp_id,scene_id,target_year,requested_pool_size,candidate_pool_size,nearest_candidate_error_px,coverage_2px,coverage_5px,coverage_10px,true_candidate_available
ctx_51RUQ_000001,51RUQ_20250916T024141,2025,100,100,652.4860417910711,False,False,False,False
ctx_51RUQ_000001,51RUQ_20250916T024141,2025,500,500,128.25919401891193,False,False,False,False
ctx_51RUQ_000001,51RUQ_20250916T024141,2025,1000,1000,128.25919401891193,False,False,False,False
ctx_51RUQ_000001,51RUQ_20250916T024141,2025,5000,5000,42.62025292949825,False,False,False,False
ctx_51RUQ_000003,51RUQ_20250916T024141,2025,100,100,404.6161388237953,False,False,False,False
ctx_51RUQ_000003,51RUQ_20250916T024141,2025,500,500,81.62555276353108,False,False,False,False
ctx_51RUQ_000003,51RUQ_20250916T024141,2025,1000,1000,61.3900590712189,False,False,False,False
ctx_51RUQ_000003,51RUQ_20250916T024141,2025,5000,5000,8.288257470506485,False,False,True,False
ctx_51RUQ_000004,51RUQ_20250916T024141,2025,100,100,22.125001441981222,False,False,False,False
ctx_51RUQ_000004,51RUQ_20250916T024141,2025,500,500,7.998855443725296,False,False,True,False
ctx_51RUQ_000004,51RUQ_20250916T024141,2025,1000,1000,7.998855443725296,False,False,True,False
ctx_51RUQ_000004,51RUQ_20250916T024141,2025,5000,5000,7.998855443725296,False,False,True,False
ctx_51RUQ_000005,51RUQ_20250916T024141,2025,100,100,73.31266698411831,False,False,False,False
ctx_51RUQ_000005,51RUQ_20250916T024141,2025,500,500,49.12513535587477,False,False,False,False
ctx_51RUQ_000005,51RUQ_20250916T024141,2025,1000,1000,49.12513535587477,False,False,False,False
ctx_51RUQ_000005,51RUQ_20250916T024141,2025,5000,5000,48.6168646805717,False,False,False,False
ctx_51RUQ_000007,51RUQ_20250916T024141,2025,100,100,439.01721897504683,False,False,False,False
ctx_51RUQ_000007,51RUQ_20250916T024141,2025,500,500,75.36943838476924,False,False,False,False
ctx_51RUQ_000007,51RUQ_20250916T024141,2025,1000,1000,73.88957940258594,False,False,False,False
ctx_51RUQ_000007,51RUQ_20250916T024141,2025,5000,5000,52.10864111920843,False,False,False,False
ctx_51RUQ_000009,51RUQ_20250916T024141,2025,100,100,319.7662138862381,False,False,False,False
ctx_51RUQ_000009,51RUQ_20250916T024141,2025,500,500,319.7662138862381,False,False,False,False
ctx_51RUQ_000009,51RUQ_20250916T024141,2025,1000,1000,319.7662138862381,False,False,False,False
ctx_51RUQ_000009,51RUQ_20250916T024141,2025,5000,5000,63.939841573529954,False,False,False,False
ctx_51RUQ_000027,51RUQ_20250916T024141,2025,100,100,407.8116231891089,False,False,False,False
ctx_51RUQ_000027,51RUQ_20250916T024141,2025,500,500,86.09300114026675,False,False,False,False
ctx_51RUQ_000027,51RUQ_20250916T024141,2025,1000,1000,57.123730409435055,False,False,False,False
ctx_51RUQ_000027,51RUQ_20250916T024141,2025,5000,5000,57.123730409435055,False,False,False,False
ctx_51RUQ_000028,51RUQ_20250916T024141,2025,100,100,335.3752015209088,False,False,False,False
ctx_51RUQ_000028,51RUQ_20250916T024141,2025,500,500,126.82480129362551,False,False,False,False
ctx_51RUQ_000028,51RUQ_20250916T024141,2025,1000,1000,126.82480129362551,False,False,False,False
ctx_51RUQ_000028,51RUQ_20250916T024141,2025,5000,5000,69.01606035147424,False,False,False,False
ctx_51RUQ_000030,51RUQ_20250916T024141,2025,100,100,801.8333738744252,False,False,False,False
ctx_51RUQ_000030,51RUQ_20250916T024141,2025,500,500,161.43956877903517,False,False,False,False
ctx_51RUQ_000030,51RUQ_20250916T024141,2025,1000,1000,144.02342374081954,False,False,False,False
ctx_51RUQ_000030,51RUQ_20250916T024141,2025,5000,5000,123.76366322666601,False,False,False,False
ctx_51RUQ_000055,51RUQ_20250916T024141,2025,100,100,111.45392801803119,False,False,False,False
ctx_51RUQ_000055,51RUQ_20250916T024141,2025,500,500,111.45392801803119,False,False,False,False
ctx_51RUQ_000055,51RUQ_20250916T024141,2025,1000,1000,111.45392801803119,False,False,False,False
ctx_51RUQ_000055,51RUQ_20250916T024141,2025,5000,5000,111.45392801803119,False,False,False,False
ctx_51RUQ_000056,51RUQ_20250916T024141,2025,100,100,195.32378113050112,False,False,False,False
ctx_51RUQ_000056,51RUQ_20250916T024141,2025,500,500,195.32378113050112,False,False,False,False
ctx_51RUQ_000056,51RUQ_20250916T024141,2025,1000,1000,107.98736702242994,False,False,False,False
ctx_51RUQ_000056,51RUQ_20250916T024141,2025,5000,5000,73.42706616795138,False,False,False,False
ctx_51RUQ_000057,51RUQ_20250916T024141,2025,100,100,204.85076381273913,False,False,False,False
ctx_51RUQ_000057,51RUQ_20250916T024141,2025,500,500,95.09691552573638,False,False,False,False
ctx_51RUQ_000057,51RUQ_20250916T024141,2025,1000,1000,49.3128202830096,False,False,False,False
ctx_51RUQ_000057,51RUQ_20250916T024141,2025,5000,5000,32.67832048217765,False,False,False,False
ctx_51RUQ_000073,51RUQ_20250916T024141,2025,100,100,241.5585665959792,False,False,False,False
ctx_51RUQ_000073,51RUQ_20250916T024141,2025,500,500,77.13544078765717,False,False,False,False
ctx_51RUQ_000073,51RUQ_20250916T024141,2025,1000,1000,77.13544078765717,False,False,False,False
ctx_51RUQ_000073,51RUQ_20250916T024141,2025,5000,5000,34.86905220123927,False,False,False,False
ctx_51RUQ_000077,51RUQ_20250916T024141,2025,100,100,529.7307165689049,False,False,False,False
ctx_51RUQ_000077,51RUQ_20250916T024141,2025,500,500,206.39226126100277,False,False,False,False
ctx_51RUQ_000077,51RUQ_20250916T024141,2025,1000,1000,175.15517226939411,False,False,False,False
ctx_51RUQ_000077,51RUQ_20250916T024141,2025,5000,5000,4.788087253023978,False,True,True,True
ctx_51RUQ_000094,51RUQ_20250916T024141,2025,100,100,282.99446936373016,False,False,False,False
ctx_51RUQ_000094,51RUQ_20250916T024141,2025,500,500,133.5746157848608,False,False,False,False
ctx_51RUQ_000094,51RUQ_20250916T024141,2025,1000,1000,123.36875470966106,False,False,False,False
ctx_51RUQ_000094,51RUQ_20250916T024141,2025,5000,5000,75.43880984488128,False,False,False,False
ctx_51RUQ_000095,51RUQ_20250916T024141,2025,100,100,139.1353100273373,False,False,False,False
ctx_51RUQ_000095,51RUQ_20250916T024141,2025,500,500,117.33254436740131,False,False,False,False
ctx_51RUQ_000095,51RUQ_20250916T024141,2025,1000,1000,117.33254436740131,False,False,False,False
ctx_51RUQ_000095,51RUQ_20250916T024141,2025,5000,5000,59.603989455345896,False,False,False,False
ctx_51RUQ_000098,51RUQ_20250916T024141,2025,100,100,336.18213215302546,False,False,False,False
ctx_51RUQ_000098,51RUQ_20250916T024141,2025,500,500,336.18213215302546,False,False,False,False
ctx_51RUQ_000098,51RUQ_20250916T024141,2025,1000,1000,336.18213215302546,False,False,False,False
ctx_51RUQ_000098,51RUQ_20250916T024141,2025,5000,5000,16.415368582154308,False,False,False,False
ctx_51RUQ_000130,51RUQ_20250916T024141,2025,100,100,93.8216082253842,False,False,False,False
ctx_51RUQ_000130,51RUQ_20250916T024141,2025,500,500,93.8216082253842,False,False,False,False
ctx_51RUQ_000130,51RUQ_20250916T024141,2025,1000,1000,93.8216082253842,False,False,False,False
ctx_51RUQ_000130,51RUQ_20250916T024141,2025,5000,5000,26.6206365730271,False,False,False,False
ctx_51RUQ_000131,51RUQ_20250916T024141,2025,100,100,123.21729591566242,False,False,False,False
ctx_51RUQ_000131,51RUQ_20250916T024141,2025,500,500,123.21729591566242,False,False,False,False
ctx_51RUQ_000131,51RUQ_20250916T024141,2025,1000,1000,123.21729591566242,False,False,False,False
ctx_51RUQ_000131,51RUQ_20250916T024141,2025,5000,5000,13.254277240869014,False,False,False,False
ctx_51RUQ_000132,51RUQ_20250916T024141,2025,100,100,243.75281738298887,False,False,False,False
ctx_51RUQ_000132,51RUQ_20250916T024141,2025,500,500,243.75281738298887,False,False,False,False
ctx_51RUQ_000132,51RUQ_20250916T024141,2025,1000,1000,243.75281738298887,False,False,False,False
ctx_51RUQ_000132,51RUQ_20250916T024141,2025,5000,5000,26.31751651966844,False,False,False,False
ctx_51RUQ_000134,51RUQ_20250916T024141,2025,100,100,308.5230882894943,False,False,False,False
ctx_51RUQ_000134,51RUQ_20250916T024141,2025,500,500,231.36436761811603,False,False,False,False
ctx_51RUQ_000134,51RUQ_20250916T024141,2025,1000,1000,162.04773824706794,False,False,False,False
ctx_51RUQ_000134,51RUQ_20250916T024141,2025,5000,5000,36.27301355644975,False,False,False,False
ctx_51RUQ_000146,51RUQ_20250916T024141,2025,100,100,211.96176138641283,False,False,False,False
ctx_51RUQ_000146,51RUQ_20250916T024141,2025,500,500,116.7158851002735,False,False,False,False
ctx_51RUQ_000146,51RUQ_20250916T024141,2025,1000,1000,100.90733057643229,False,False,False,False
ctx_51RUQ_000146,51RUQ_20250916T024141,2025,5000,5000,100.90733057643229,False,False,False,False
ctx_51RUQ_000147,51RUQ_20250916T024141,2025,100,100,190.13577683037278,False,False,False,False
ctx_51RUQ_000147,51RUQ_20250916T024141,2025,500,500,73.28924861641993,False,False,False,False
ctx_51RUQ_000147,51RUQ_20250916T024141,2025,1000,1000,73.28924861641993,False,False,False,False
ctx_51RUQ_000147,51RUQ_20250916T024141,2025,5000,5000,34.61316561911503,False,False,False,False
ctx_51RUQ_000148,51RUQ_20250916T024141,2025,100,100,342.66690130819734,False,False,False,False
ctx_51RUQ_000148,51RUQ_20250916T024141,2025,500,500,144.4091154799911,False,False,False,False
ctx_51RUQ_000148,51RUQ_20250916T024141,2025,1000,1000,56.45647229448848,False,False,False,False
ctx_51RUQ_000148,51RUQ_20250916T024141,2025,5000,5000,45.476045696901494,False,False,False,False
ctx_51RUQ_000162,51RUQ_20250916T024141,2025,100,100,172.2306463492411,False,False,False,False
ctx_51RUQ_000162,51RUQ_20250916T024141,2025,500,500,172.2306463492411,False,False,False,False
ctx_51RUQ_000162,51RUQ_20250916T024141,2025,1000,1000,135.63294112919564,False,False,False,False
ctx_51RUQ_000162,51RUQ_20250916T024141,2025,5000,5000,50.035179085648245,False,False,False,False
ctx_51RUQ_000165,51RUQ_20250916T024141,2025,100,100,432.601309364942,False,False,False,False
ctx_51RUQ_000165,51RUQ_20250916T024141,2025,500,500,191.2541695347578,False,False,False,False
ctx_51RUQ_000165,51RUQ_20250916T024141,2025,1000,1000,132.24890001934958,False,False,False,False
ctx_51RUQ_000165,51RUQ_20250916T024141,2025,5000,5000,114.75209658696296,False,False,False,False
ctx_51RUQ_000179,51RUQ_20250916T024141,2025,100,100,382.977751409458,False,False,False,False
ctx_51RUQ_000179,51RUQ_20250916T024141,2025,500,500,96.94195059534957,False,False,False,False
ctx_51RUQ_000179,51RUQ_20250916T024141,2025,1000,1000,96.94195059534957,False,False,False,False
ctx_51RUQ_000179,51RUQ_20250916T024141,2025,5000,5000,93.2204977846181,False,False,False,False
ctx_51RUQ_000191,51RUQ_20250916T024141,2025,100,100,244.55760207568608,False,False,False,False
ctx_51RUQ_000191,51RUQ_20250916T024141,2025,500,500,172.81733001364387,False,False,False,False
ctx_51RUQ_000191,51RUQ_20250916T024141,2025,1000,1000,78.63974583640382,False,False,False,False
ctx_51RUQ_000191,51RUQ_20250916T024141,2025,5000,5000,68.68330135038134,False,False,False,False
ctx_51RUQ_000206,51RUQ_20250916T024141,2025,100,100,296.8172142789889,False,False,False,False
ctx_51RUQ_000206,51RUQ_20250916T024141,2025,500,500,112.71462151323082,False,False,False,False
ctx_51RUQ_000206,51RUQ_20250916T024141,2025,1000,1000,112.71462151323082,False,False,False,False
ctx_51RUQ_000206,51RUQ_20250916T024141,2025,5000,5000,39.9129365826601,False,False,False,False
ctx_51RUQ_000207,51RUQ_20250916T024141,2025,100,100,516.5842188102404,False,False,False,False
ctx_51RUQ_000207,51RUQ_20250916T024141,2025,500,500,119.79274302509573,False,False,False,False
ctx_51RUQ_000207,51RUQ_20250916T024141,2025,1000,1000,45.092392297506045,False,False,False,False
ctx_51RUQ_000207,51RUQ_20250916T024141,2025,5000,5000,1.5392591251791872,True,True,True,True
ctx_51RUQ_000219,51RUQ_20250916T024141,2025,100,100,97.02399165624705,False,False,False,False
ctx_51RUQ_000219,51RUQ_20250916T024141,2025,500,500,97.02399165624705,False,False,False,False
ctx_51RUQ_000219,51RUQ_20250916T024141,2025,1000,1000,97.02399165624705,False,False,False,False
ctx_51RUQ_000219,51RUQ_20250916T024141,2025,5000,5000,37.23681635341925,False,False,False,False
ctx_51RUQ_000243,51RUQ_20250916T024141,2025,100,100,476.9003174940018,False,False,False,False
ctx_51RUQ_000243,51RUQ_20250916T024141,2025,500,500,160.51008137824385,False,False,False,False
ctx_51RUQ_000243,51RUQ_20250916T024141,2025,1000,1000,158.95736285014223,False,False,False,False
ctx_51RUQ_000243,51RUQ_20250916T024141,2025,5000,5000,66.16739015364938,False,False,False,False
ctx_51RUQ_000244,51RUQ_20250916T024141,2025,100,100,168.26254243615014,False,False,False,False
ctx_51RUQ_000244,51RUQ_20250916T024141,2025,500,500,168.26254243615014,False,False,False,False
ctx_51RUQ_000244,51RUQ_20250916T024141,2025,1000,1000,0.2297320775090907,True,True,True,True
ctx_51RUQ_000244,51RUQ_20250916T024141,2025,5000,5000,0.2297320775090907,True,True,True,True
ctx_51RUQ_000254,51RUQ_20250916T024141,2025,100,100,865.5273815539166,False,False,False,False
ctx_51RUQ_000254,51RUQ_20250916T024141,2025,500,500,188.09112616841645,False,False,False,False
ctx_51RUQ_000254,51RUQ_20250916T024141,2025,1000,1000,125.57502490736842,False,False,False,False
ctx_51RUQ_000254,51RUQ_20250916T024141,2025,5000,5000,48.04482795527755,False,False,False,False
ctx_51RUQ_000255,51RUQ_20250916T024141,2025,100,100,185.8023286643796,False,False,False,False
ctx_51RUQ_000255,51RUQ_20250916T024141,2025,500,500,108.51975914011093,False,False,False,False
ctx_51RUQ_000255,51RUQ_20250916T024141,2025,1000,1000,88.51849273037298,False,False,False,False
ctx_51RUQ_000255,51RUQ_20250916T024141,2025,5000,5000,88.51849273037298,False,False,False,False
ctx_51RUQ_000256,51RUQ_20250916T024141,2025,100,100,2928.732361895443,False,False,False,False
ctx_51RUQ_000256,51RUQ_20250916T024141,2025,500,500,25.850523799718008,False,False,False,False
ctx_51RUQ_000256,51RUQ_20250916T024141,2025,1000,1000,9.141442820073227,False,False,True,False
ctx_51RUQ_000256,51RUQ_20250916T024141,2025,5000,5000,9.141442820073227,False,False,True,False
ctx_51RUQ_000265,51RUQ_20250916T024141,2025,100,100,237.43095520010587,False,False,False,False
ctx_51RUQ_000265,51RUQ_20250916T024141,2025,500,500,77.8819843498444,False,False,False,False
ctx_51RUQ_000265,51RUQ_20250916T024141,2025,1000,1000,77.8819843498444,False,False,False,False
ctx_51RUQ_000265,51RUQ_20250916T024141,2025,5000,5000,77.8819843498444,False,False,False,False
ctx_51RUQ_000277,51RUQ_20250916T024141,2025,100,100,202.72282107535224,False,False,False,False
ctx_51RUQ_000277,51RUQ_20250916T024141,2025,500,500,202.72282107535224,False,False,False,False
ctx_51RUQ_000277,51RUQ_20250916T024141,2025,1000,1000,202.72282107535224,False,False,False,False
ctx_51RUQ_000277,51RUQ_20250916T024141,2025,5000,5000,52.35253849902683,False,False,False,False
ctx_51RUQ_000279,51RUQ_20250916T024141,2025,100,100,450.641077159628,False,False,False,False
ctx_51RUQ_000279,51RUQ_20250916T024141,2025,500,500,165.89890611546213,False,False,False,False
ctx_51RUQ_000279,51RUQ_20250916T024141,2025,1000,1000,113.44833509083662,False,False,False,False
ctx_51RUQ_000279,51RUQ_20250916T024141,2025,5000,5000,20.055074126537804,False,False,False,False
ctx_51RUQ_000286,51RUQ_20250916T024141,2025,100,100,479.0792333525292,False,False,False,False
ctx_51RUQ_000286,51RUQ_20250916T024141,2025,500,500,106.62238662039194,False,False,False,False
ctx_51RUQ_000286,51RUQ_20250916T024141,2025,1000,1000,106.62238662039194,False,False,False,False
ctx_51RUQ_000286,51RUQ_20250916T024141,2025,5000,5000,30.137590787657626,False,False,False,False
ctx_51RUQ_000288,51RUQ_20250916T024141,2025,100,100,199.39530816322025,False,False,False,False
ctx_51RUQ_000288,51RUQ_20250916T024141,2025,500,500,199.39530816322025,False,False,False,False
ctx_51RUQ_000288,51RUQ_20250916T024141,2025,1000,1000,182.11714557841185,False,False,False,False
ctx_51RUQ_000288,51RUQ_20250916T024141,2025,5000,5000,36.633035536973466,False,False,False,False
ctx_51RUQ_000289,51RUQ_20250916T024141,2025,100,100,561.1430452819326,False,False,False,False
ctx_51RUQ_000289,51RUQ_20250916T024141,2025,500,500,160.20671885291253,False,False,False,False
ctx_51RUQ_000289,51RUQ_20250916T024141,2025,1000,1000,160.20671885291253,False,False,False,False
ctx_51RUQ_000289,51RUQ_20250916T024141,2025,5000,5000,160.20671885291253,False,False,False,False
ctx_51RUQ_000290,51RUQ_20250916T024141,2025,100,100,269.65214659519614,False,False,False,False
ctx_51RUQ_000290,51RUQ_20250916T024141,2025,500,500,44.118018540507265,False,False,False,False
ctx_51RUQ_000290,51RUQ_20250916T024141,2025,1000,1000,44.118018540507265,False,False,False,False
ctx_51RUQ_000290,51RUQ_20250916T024141,2025,5000,5000,39.16816437823879,False,False,False,False
ctx_51RUQ_000297,51RUQ_20250916T024141,2025,100,100,615.0849654718569,False,False,False,False
ctx_51RUQ_000297,51RUQ_20250916T024141,2025,500,500,161.72589123672026,False,False,False,False
ctx_51RUQ_000297,51RUQ_20250916T024141,2025,1000,1000,100.9997210563084,False,False,False,False
ctx_51RUQ_000297,51RUQ_20250916T024141,2025,5000,5000,62.905309642949206,False,False,False,False
ctx_51RUQ_000300,51RUQ_20250916T024141,2025,100,100,303.8930447122454,False,False,False,False
ctx_51RUQ_000300,51RUQ_20250916T024141,2025,500,500,58.82568010130273,False,False,False,False
ctx_51RUQ_000300,51RUQ_20250916T024141,2025,1000,1000,58.82568010130273,False,False,False,False
ctx_51RUQ_000300,51RUQ_20250916T024141,2025,5000,5000,18.5556831491948,False,False,False,False
ctx_51RUQ_000307,51RUQ_20250916T024141,2025,100,100,243.36065546412263,False,False,False,False
ctx_51RUQ_000307,51RUQ_20250916T024141,2025,500,500,79.08111037195309,False,False,False,False
ctx_51RUQ_000307,51RUQ_20250916T024141,2025,1000,1000,45.00269580285792,False,False,False,False
ctx_51RUQ_000307,51RUQ_20250916T024141,2025,5000,5000,45.00269580285792,False,False,False,False
ctx_51RUQ_000309,51RUQ_20250916T024141,2025,100,100,591.606421951089,False,False,False,False
ctx_51RUQ_000309,51RUQ_20250916T024141,2025,500,500,144.39891684754787,False,False,False,False
ctx_51RUQ_000309,51RUQ_20250916T024141,2025,1000,1000,104.35203491947813,False,False,False,False
ctx_51RUQ_000309,51RUQ_20250916T024141,2025,5000,5000,104.35203491947813,False,False,False,False
ctx_51RUQ_000318,51RUQ_20250916T024141,2025,100,100,302.8469025742825,False,False,False,False
ctx_51RUQ_000318,51RUQ_20250916T024141,2025,500,500,145.7115622867874,False,False,False,False
ctx_51RUQ_000318,51RUQ_20250916T024141,2025,1000,1000,145.7115622867874,False,False,False,False
ctx_51RUQ_000318,51RUQ_20250916T024141,2025,5000,5000,47.9034111114468,False,False,False,False
ctx_51RUQ_000320,51RUQ_20250916T024141,2025,100,100,412.9984176288872,False,False,False,False
ctx_51RUQ_000320,51RUQ_20250916T024141,2025,500,500,184.1812311703556,False,False,False,False
ctx_51RUQ_000320,51RUQ_20250916T024141,2025,1000,1000,41.494718058570946,False,False,False,False
ctx_51RUQ_000320,51RUQ_20250916T024141,2025,5000,5000,41.494718058570946,False,False,False,False
ctx_51RUQ_000326,51RUQ_20250916T024141,2025,100,100,310.72349292400196,False,False,False,False
ctx_51RUQ_000326,51RUQ_20250916T024141,2025,500,500,150.3170833065494,False,False,False,False
ctx_51RUQ_000326,51RUQ_20250916T024141,2025,1000,1000,150.3170833065494,False,False,False,False
ctx_51RUQ_000326,51RUQ_20250916T024141,2025,5000,5000,33.949123310338514,False,False,False,False
ctx_51RUQ_000335,51RUQ_20250916T024141,2025,100,100,181.40684263557196,False,False,False,False
ctx_51RUQ_000335,51RUQ_20250916T024141,2025,500,500,118.77059015029876,False,False,False,False
ctx_51RUQ_000335,51RUQ_20250916T024141,2025,1000,1000,118.77059015029876,False,False,False,False
ctx_51RUQ_000335,51RUQ_20250916T024141,2025,5000,5000,33.103514800808945,False,False,False,False
ctx_51RUQ_000336,51RUQ_20250916T024141,2025,100,100,174.1490808405541,False,False,False,False
ctx_51RUQ_000336,51RUQ_20250916T024141,2025,500,500,167.98038507240625,False,False,False,False
ctx_51RUQ_000336,51RUQ_20250916T024141,2025,1000,1000,167.98038507240625,False,False,False,False
ctx_51RUQ_000336,51RUQ_20250916T024141,2025,5000,5000,107.62817744718123,False,False,False,False
ctx_51RUQ_000344,51RUQ_20250916T024141,2025,100,100,307.159734941899,False,False,False,False
ctx_51RUQ_000344,51RUQ_20250916T024141,2025,500,500,127.27173209761224,False,False,False,False
ctx_51RUQ_000344,51RUQ_20250916T024141,2025,1000,1000,63.541529954616465,False,False,False,False
ctx_51RUQ_000344,51RUQ_20250916T024141,2025,5000,5000,36.430213872648594,False,False,False,False
ctx_51RUQ_000349,51RUQ_20250916T024141,2025,100,100,555.7287267998528,False,False,False,False
ctx_51RUQ_000349,51RUQ_20250916T024141,2025,500,500,153.5494182400462,False,False,False,False
ctx_51RUQ_000349,51RUQ_20250916T024141,2025,1000,1000,153.5494182400462,False,False,False,False
ctx_51RUQ_000349,51RUQ_20250916T024141,2025,5000,5000,54.46907920466028,False,False,False,False
ctx_51RUQ_000350,51RUQ_20250916T024141,2025,100,100,48.20231957410295,False,False,False,False
ctx_51RUQ_000350,51RUQ_20250916T024141,2025,500,500,48.20231957410295,False,False,False,False
ctx_51RUQ_000350,51RUQ_20250916T024141,2025,1000,1000,48.20231957410295,False,False,False,False
ctx_51RUQ_000350,51RUQ_20250916T024141,2025,5000,5000,43.73200651756777,False,False,False,False
ctx_51RUQ_000355,51RUQ_20250916T024141,2025,100,100,439.7788609042581,False,False,False,False
ctx_51RUQ_000355,51RUQ_20250916T024141,2025,500,500,90.82813873889988,False,False,False,False
ctx_51RUQ_000355,51RUQ_20250916T024141,2025,1000,1000,90.82813873889988,False,False,False,False
ctx_51RUQ_000355,51RUQ_20250916T024141,2025,5000,5000,65.42436477865866,False,False,False,False
ctx_51RUQ_000365,51RUQ_20250916T024141,2025,100,100,388.803093270967,False,False,False,False
ctx_51RUQ_000365,51RUQ_20250916T024141,2025,500,500,183.2060524572093,False,False,False,False
ctx_51RUQ_000365,51RUQ_20250916T024141,2025,1000,1000,134.5280044812179,False,False,False,False
ctx_51RUQ_000365,51RUQ_20250916T024141,2025,5000,5000,43.26857709321032,False,False,False,False
ctx_51RUQ_000366,51RUQ_20250916T024141,2025,100,100,209.3821795850459,False,False,False,False
ctx_51RUQ_000366,51RUQ_20250916T024141,2025,500,500,66.93354625207138,False,False,False,False
ctx_51RUQ_000366,51RUQ_20250916T024141,2025,1000,1000,66.93354625207138,False,False,False,False
ctx_51RUQ_000366,51RUQ_20250916T024141,2025,5000,5000,42.599105835577944,False,False,False,False
ctx_51RUQ_000370,51RUQ_20250916T024141,2025,100,100,76.98432128847888,False,False,False,False
ctx_51RUQ_000370,51RUQ_20250916T024141,2025,500,500,59.68168803415273,False,False,False,False
ctx_51RUQ_000370,51RUQ_20250916T024141,2025,1000,1000,59.68168803415273,False,False,False,False
ctx_51RUQ_000370,51RUQ_20250916T024141,2025,5000,5000,0.13973024360796904,True,True,True,True
ctx_51RUQ_000373,51RUQ_20250916T024141,2025,100,100,422.36124150864083,False,False,False,False
ctx_51RUQ_000373,51RUQ_20250916T024141,2025,500,500,263.10267673763093,False,False,False,False
ctx_51RUQ_000373,51RUQ_20250916T024141,2025,1000,1000,76.30976244992635,False,False,False,False
ctx_51RUQ_000373,51RUQ_20250916T024141,2025,5000,5000,65.76094595176627,False,False,False,False
ctx_51RUQ_000374,51RUQ_20250916T024141,2025,100,100,384.22978420685786,False,False,False,False
ctx_51RUQ_000374,51RUQ_20250916T024141,2025,500,500,91.26556546290148,False,False,False,False
ctx_51RUQ_000374,51RUQ_20250916T024141,2025,1000,1000,91.26556546290148,False,False,False,False
ctx_51RUQ_000374,51RUQ_20250916T024141,2025,5000,5000,53.58154663192106,False,False,False,False
ctx_51RUQ_000381,51RUQ_20250916T024141,2025,100,100,251.05228614994328,False,False,False,False
ctx_51RUQ_000381,51RUQ_20250916T024141,2025,500,500,149.9560613983853,False,False,False,False
ctx_51RUQ_000381,51RUQ_20250916T024141,2025,1000,1000,149.9560613983853,False,False,False,False
ctx_51RUQ_000381,51RUQ_20250916T024141,2025,5000,5000,64.24795288363072,False,False,False,False
ctx_51RUQ_000385,51RUQ_20250916T024141,2025,100,100,351.97507729092155,False,False,False,False
ctx_51RUQ_000385,51RUQ_20250916T024141,2025,500,500,31.017720039460013,False,False,False,False
ctx_51RUQ_000385,51RUQ_20250916T024141,2025,1000,1000,31.017720039460013,False,False,False,False
ctx_51RUQ_000385,51RUQ_20250916T024141,2025,5000,5000,31.017720039460013,False,False,False,False
ctx_51RUQ_000386,51RUQ_20250916T024141,2025,100,100,255.18727792529174,False,False,False,False
ctx_51RUQ_000386,51RUQ_20250916T024141,2025,500,500,151.92191900720547,False,False,False,False
ctx_51RUQ_000386,51RUQ_20250916T024141,2025,1000,1000,151.92191900720547,False,False,False,False
ctx_51RUQ_000386,51RUQ_20250916T024141,2025,5000,5000,50.42138051518101,False,False,False,False
ctx_51RUQ_000389,51RUQ_20250916T024141,2025,100,100,252.25286072114014,False,False,False,False
ctx_51RUQ_000389,51RUQ_20250916T024141,2025,500,500,249.15956904690222,False,False,False,False
ctx_51RUQ_000389,51RUQ_20250916T024141,2025,1000,1000,150.72432460860762,False,False,False,False
ctx_51RUQ_000389,51RUQ_20250916T024141,2025,5000,5000,0.23930110557644638,True,True,True,True
ctx_51RUQ_000393,51RUQ_20250916T024141,2025,100,100,126.65014179051929,False,False,False,False
ctx_51RUQ_000393,51RUQ_20250916T024141,2025,500,500,126.65014179051929,False,False,False,False
ctx_51RUQ_000393,51RUQ_20250916T024141,2025,1000,1000,114.12436451967105,False,False,False,False
ctx_51RUQ_000393,51RUQ_20250916T024141,2025,5000,5000,38.17966610478892,False,False,False,False
ctx_51RUQ_000397,51RUQ_20250916T024141,2025,100,100,528.9529861616468,False,False,False,False
ctx_51RUQ_000397,51RUQ_20250916T024141,2025,500,500,43.17663024178456,False,False,False,False
ctx_51RUQ_000397,51RUQ_20250916T024141,2025,1000,1000,43.17663024178456,False,False,False,False
ctx_51RUQ_000397,51RUQ_20250916T024141,2025,5000,5000,30.83668902160832,False,False,False,False
ctx_51RUQ_000409,51RUQ_20250916T024141,2025,100,100,416.9481565715397,False,False,False,False
ctx_51RUQ_000409,51RUQ_20250916T024141,2025,500,500,134.165226403187,False,False,False,False
ctx_51RUQ_000409,51RUQ_20250916T024141,2025,1000,1000,134.165226403187,False,False,False,False
ctx_51RUQ_000409,51RUQ_20250916T024141,2025,5000,5000,50.424734186857954,False,False,False,False
ctx_51RUQ_000413,51RUQ_20250916T024141,2025,100,100,375.6176583850267,False,False,False,False
ctx_51RUQ_000413,51RUQ_20250916T024141,2025,500,500,114.49739944916607,False,False,False,False
ctx_51RUQ_000413,51RUQ_20250916T024141,2025,1000,1000,46.7214575746968,False,False,False,False
ctx_51RUQ_000413,51RUQ_20250916T024141,2025,5000,5000,23.20164549449409,False,False,False,False
ctx_51RUQ_000425,51RUQ_20250916T024141,2025,100,100,111.1935076078729,False,False,False,False
ctx_51RUQ_000425,51RUQ_20250916T024141,2025,500,500,111.1935076078729,False,False,False,False
ctx_51RUQ_000425,51RUQ_20250916T024141,2025,1000,1000,111.1935076078729,False,False,False,False
ctx_51RUQ_000425,51RUQ_20250916T024141,2025,5000,5000,29.958343247977886,False,False,False,False
ctx_51RUQ_000429,51RUQ_20250916T024141,2025,100,100,124.03059199530811,False,False,False,False
ctx_51RUQ_000429,51RUQ_20250916T024141,2025,500,500,110.67066303889995,False,False,False,False
ctx_51RUQ_000429,51RUQ_20250916T024141,2025,1000,1000,95.41179205058029,False,False,False,False
ctx_51RUQ_000429,51RUQ_20250916T024141,2025,5000,5000,76.32121684717296,False,False,False,False
ctx_51RUQ_000430,51RUQ_20250916T024141,2025,100,100,287.78091093627836,False,False,False,False
ctx_51RUQ_000430,51RUQ_20250916T024141,2025,500,500,215.98196796168108,False,False,False,False
ctx_51RUQ_000430,51RUQ_20250916T024141,2025,1000,1000,119.95568908725977,False,False,False,False
ctx_51RUQ_000430,51RUQ_20250916T024141,2025,5000,5000,70.11250955606414,False,False,False,False
ctx_51RUQ_000433,51RUQ_20250916T024141,2025,100,100,293.39205584633385,False,False,False,False
ctx_51RUQ_000433,51RUQ_20250916T024141,2025,500,500,161.73005244910235,False,False,False,False
ctx_51RUQ_000433,51RUQ_20250916T024141,2025,1000,1000,64.3733096299392,False,False,False,False
ctx_51RUQ_000433,51RUQ_20250916T024141,2025,5000,5000,5.488230205756599,False,False,True,False
ctx_51RUQ_000438,51RUQ_20250916T024141,2025,100,100,287.22207861122246,False,False,False,False
ctx_51RUQ_000438,51RUQ_20250916T024141,2025,500,500,267.20465178395375,False,False,False,False
ctx_51RUQ_000438,51RUQ_20250916T024141,2025,1000,1000,150.6422114700474,False,False,False,False
ctx_51RUQ_000438,51RUQ_20250916T024141,2025,5000,5000,68.17732276453145,False,False,False,False
ctx_51RUQ_000445,51RUQ_20250916T024141,2025,100,100,261.0088419350302,False,False,False,False
ctx_51RUQ_000445,51RUQ_20250916T024141,2025,500,500,101.29488512466202,False,False,False,False
ctx_51RUQ_000445,51RUQ_20250916T024141,2025,1000,1000,77.23745325270836,False,False,False,False
ctx_51RUQ_000445,51RUQ_20250916T024141,2025,5000,5000,56.958864298096124,False,False,False,False
ctx_51RUQ_000446,51RUQ_20250916T024141,2025,100,100,614.8114615674282,False,False,False,False
ctx_51RUQ_000446,51RUQ_20250916T024141,2025,500,500,154.38001646154285,False,False,False,False
ctx_51RUQ_000446,51RUQ_20250916T024141,2025,1000,1000,154.38001646154285,False,False,False,False
ctx_51RUQ_000446,51RUQ_20250916T024141,2025,5000,5000,95.01494063337144,False,False,False,False
ctx_51RUQ_000449,51RUQ_20250916T024141,2025,100,100,719.8049561925197,False,False,False,False
ctx_51RUQ_000449,51RUQ_20250916T024141,2025,500,500,35.21584771712676,False,False,False,False
ctx_51RUQ_000449,51RUQ_20250916T024141,2025,1000,1000,35.21584771712676,False,False,False,False
ctx_51RUQ_000449,51RUQ_20250916T024141,2025,5000,5000,12.748615049864352,False,False,False,False
ctx_51RUQ_000450,51RUQ_20250916T024141,2025,100,100,378.61379907753906,False,False,False,False
ctx_51RUQ_000450,51RUQ_20250916T024141,2025,500,500,290.28317385727365,False,False,False,False
ctx_51RUQ_000450,51RUQ_20250916T024141,2025,1000,1000,144.65994301051583,False,False,False,False
ctx_51RUQ_000450,51RUQ_20250916T024141,2025,5000,5000,22.146660229471248,False,False,False,False
ctx_51RUQ_000457,51RUQ_20250916T024141,2025,100,100,472.97639991920704,False,False,False,False
ctx_51RUQ_000457,51RUQ_20250916T024141,2025,500,500,231.56156690274003,False,False,False,False
ctx_51RUQ_000457,51RUQ_20250916T024141,2025,1000,1000,137.44777293531203,False,False,False,False
ctx_51RUQ_000457,51RUQ_20250916T024141,2025,5000,5000,0.8148016581069825,True,True,True,True
ctx_51RUQ_000458,51RUQ_20250916T024141,2025,100,100,183.24093274010536,False,False,False,False
ctx_51RUQ_000458,51RUQ_20250916T024141,2025,500,500,121.79456027868272,False,False,False,False
ctx_51RUQ_000458,51RUQ_20250916T024141,2025,1000,1000,7.354016921963892,False,False,True,False
ctx_51RUQ_000458,51RUQ_20250916T024141,2025,5000,5000,7.354016921963892,False,False,True,False
ctx_51RUQ_000470,51RUQ_20250916T024141,2025,100,100,325.7807197185415,False,False,False,False
ctx_51RUQ_000470,51RUQ_20250916T024141,2025,500,500,119.561189631181,False,False,False,False
ctx_51RUQ_000470,51RUQ_20250916T024141,2025,1000,1000,70.01111656441589,False,False,False,False
ctx_51RUQ_000470,51RUQ_20250916T024141,2025,5000,5000,49.41795653819047,False,False,False,False
ctx_51RUQ_000473,51RUQ_20250916T024141,2025,100,100,339.0265917133287,False,False,False,False
ctx_51RUQ_000473,51RUQ_20250916T024141,2025,500,500,158.4069409933288,False,False,False,False
ctx_51RUQ_000473,51RUQ_20250916T024141,2025,1000,1000,158.4069409933288,False,False,False,False
ctx_51RUQ_000473,51RUQ_20250916T024141,2025,5000,5000,85.37498878980301,False,False,False,False
ctx_51RUQ_000474,51RUQ_20250916T024141,2025,100,100,355.40197832666286,False,False,False,False
ctx_51RUQ_000474,51RUQ_20250916T024141,2025,500,500,170.9463073734591,False,False,False,False
ctx_51RUQ_000474,51RUQ_20250916T024141,2025,1000,1000,77.81282285613511,False,False,False,False
ctx_51RUQ_000474,51RUQ_20250916T024141,2025,5000,5000,40.45637621456204,False,False,False,False
ctx_51RUQ_000478,51RUQ_20250916T024141,2025,100,100,47.727224004203386,False,False,False,False
ctx_51RUQ_000478,51RUQ_20250916T024141,2025,500,500,47.727224004203386,False,False,False,False
ctx_51RUQ_000478,51RUQ_20250916T024141,2025,1000,1000,47.727224004203386,False,False,False,False
ctx_51RUQ_000478,51RUQ_20250916T024141,2025,5000,5000,47.727224004203386,False,False,False,False
ctx_51RUQ_000485,51RUQ_20250916T024141,2025,100,100,338.4763265220563,False,False,False,False
ctx_51RUQ_000485,51RUQ_20250916T024141,2025,500,500,26.047208801610825,False,False,False,False
ctx_51RUQ_000485,51RUQ_20250916T024141,2025,1000,1000,26.047208801610825,False,False,False,False
ctx_51RUQ_000485,51RUQ_20250916T024141,2025,5000,5000,5.048636742331697,False,False,True,False
ctx_51RUQ_000489,51RUQ_20250916T024141,2025,100,100,172.53900504564132,False,False,False,False
ctx_51RUQ_000489,51RUQ_20250916T024141,2025,500,500,169.3197196392467,False,False,False,False
ctx_51RUQ_000489,51RUQ_20250916T024141,2025,1000,1000,169.3197196392467,False,False,False,False
ctx_51RUQ_000489,51RUQ_20250916T024141,2025,5000,5000,79.05492907431271,False,False,False,False
ctx_51RUQ_000490,51RUQ_20250916T024141,2025,100,100,222.79898838295935,False,False,False,False
ctx_51RUQ_000490,51RUQ_20250916T024141,2025,500,500,222.79898838295935,False,False,False,False
ctx_51RUQ_000490,51RUQ_20250916T024141,2025,1000,1000,86.8842615443472,False,False,False,False
ctx_51RUQ_000490,51RUQ_20250916T024141,2025,5000,5000,85.04577075505108,False,False,False,False
ctx_51RUQ_000495,51RUQ_20250916T024141,2025,100,100,283.5185507364314,False,False,False,False
ctx_51RUQ_000495,51RUQ_20250916T024141,2025,500,500,210.501177778761,False,False,False,False
ctx_51RUQ_000495,51RUQ_20250916T024141,2025,1000,1000,191.03437073088813,False,False,False,False
ctx_51RUQ_000495,51RUQ_20250916T024141,2025,5000,5000,26.237496422848448,False,False,False,False
ctx_51RUQ_000496,51RUQ_20250916T024141,2025,100,100,240.45951704390177,False,False,False,False
ctx_51RUQ_000496,51RUQ_20250916T024141,2025,500,500,105.17760787733339,False,False,False,False
ctx_51RUQ_000496,51RUQ_20250916T024141,2025,1000,1000,105.17760787733339,False,False,False,False
ctx_51RUQ_000496,51RUQ_20250916T024141,2025,5000,5000,87.7135938566933,False,False,False,False
ctx_51RUQ_000498,51RUQ_20250916T024141,2025,100,100,231.38962716065234,False,False,False,False
ctx_51RUQ_000498,51RUQ_20250916T024141,2025,500,500,81.21113910476838,False,False,False,False
ctx_51RUQ_000498,51RUQ_20250916T024141,2025,1000,1000,66.79205926754307,False,False,False,False
ctx_51RUQ_000498,51RUQ_20250916T024141,2025,5000,5000,53.65258484519879,False,False,False,False
ctx_51RUQ_000501,51RUQ_20250916T024141,2025,100,100,469.7460628807231,False,False,False,False
ctx_51RUQ_000501,51RUQ_20250916T024141,2025,500,500,178.61231482090108,False,False,False,False
ctx_51RUQ_000501,51RUQ_20250916T024141,2025,1000,1000,138.0820213232444,False,False,False,False
ctx_51RUQ_000501,51RUQ_20250916T024141,2025,5000,5000,50.19309415434455,False,False,False,False
ctx_51RUQ_000504,51RUQ_20250916T024141,2025,100,100,696.2953335446522,False,False,False,False
ctx_51RUQ_000504,51RUQ_20250916T024141,2025,500,500,96.33941337928387,False,False,False,False
ctx_51RUQ_000504,51RUQ_20250916T024141,2025,1000,1000,96.33941337928387,False,False,False,False
ctx_51RUQ_000504,51RUQ_20250916T024141,2025,5000,5000,31.355060386166237,False,False,False,False
ctx_51RUQ_000507,51RUQ_20250916T024141,2025,100,100,673.3570367781653,False,False,False,False
ctx_51RUQ_000507,51RUQ_20250916T024141,2025,500,500,88.14069225928522,False,False,False,False
ctx_51RUQ_000507,51RUQ_20250916T024141,2025,1000,1000,88.14069225928522,False,False,False,False
ctx_51RUQ_000507,51RUQ_20250916T024141,2025,5000,5000,46.61385059347697,False,False,False,False
ctx_51RUQ_000508,51RUQ_20250916T024141,2025,100,100,422.97948223199603,False,False,False,False
ctx_51RUQ_000508,51RUQ_20250916T024141,2025,500,500,110.0859240801013,False,False,False,False
ctx_51RUQ_000508,51RUQ_20250916T024141,2025,1000,1000,110.0859240801013,False,False,False,False
ctx_51RUQ_000508,51RUQ_20250916T024141,2025,5000,5000,39.060332064427904,False,False,False,False
ctx_51RUQ_000510,51RUQ_20250916T024141,2025,100,100,120.74015074751905,False,False,False,False
ctx_51RUQ_000510,51RUQ_20250916T024141,2025,500,500,120.74015074751905,False,False,False,False
ctx_51RUQ_000510,51RUQ_20250916T024141,2025,1000,1000,120.74015074751905,False,False,False,False
ctx_51RUQ_000510,51RUQ_20250916T024141,2025,5000,5000,1.1686799273362152,True,True,True,True
ctx_51RUQ_000513,51RUQ_20250916T024141,2025,100,100,307.3875637302484,False,False,False,False
ctx_51RUQ_000513,51RUQ_20250916T024141,2025,500,500,297.48976093544854,False,False,False,False
ctx_51RUQ_000513,51RUQ_20250916T024141,2025,1000,1000,148.46840554365178,False,False,False,False
ctx_51RUQ_000513,51RUQ_20250916T024141,2025,5000,5000,79.89028437213312,False,False,False,False
ctx_51RUQ_000516,51RUQ_20250916T024141,2025,100,100,37.29201058918759,False,False,False,False
ctx_51RUQ_000516,51RUQ_20250916T024141,2025,500,500,36.808706260351364,False,False,False,False
ctx_51RUQ_000516,51RUQ_20250916T024141,2025,1000,1000,36.808706260351364,False,False,False,False
ctx_51RUQ_000516,51RUQ_20250916T024141,2025,5000,5000,36.808706260351364,False,False,False,False
ctx_51RUQ_000517,51RUQ_20250916T024141,2025,100,100,206.60143131434253,False,False,False,False
ctx_51RUQ_000517,51RUQ_20250916T024141,2025,500,500,166.66388247809869,False,False,False,False
ctx_51RUQ_000517,51RUQ_20250916T024141,2025,1000,1000,128.0411271844982,False,False,False,False
ctx_51RUQ_000517,51RUQ_20250916T024141,2025,5000,5000,0.24020625262754028,True,True,True,True
ctx_51RUQ_000520,51RUQ_20250916T024141,2025,100,100,386.130719656271,False,False,False,False
ctx_51RUQ_000520,51RUQ_20250916T024141,2025,500,500,179.9286979299398,False,False,False,False
ctx_51RUQ_000520,51RUQ_20250916T024141,2025,1000,1000,179.9286979299398,False,False,False,False
ctx_51RUQ_000520,51RUQ_20250916T024141,2025,5000,5000,96.62456632861544,False,False,False,False
ctx_51RUQ_000522,51RUQ_20250916T024141,2025,100,100,220.69463965119422,False,False,False,False
ctx_51RUQ_000522,51RUQ_20250916T024141,2025,500,500,192.10966323567314,False,False,False,False
ctx_51RUQ_000522,51RUQ_20250916T024141,2025,1000,1000,192.10966323567314,False,False,False,False
ctx_51RUQ_000522,51RUQ_20250916T024141,2025,5000,5000,22.861169584213094,False,False,False,False
ctx_51RUQ_000523,51RUQ_20250916T024141,2025,100,100,333.3381255969579,False,False,False,False
ctx_51RUQ_000523,51RUQ_20250916T024141,2025,500,500,214.57434357018286,False,False,False,False
ctx_51RUQ_000523,51RUQ_20250916T024141,2025,1000,1000,214.57434357018286,False,False,False,False
ctx_51RUQ_000523,51RUQ_20250916T024141,2025,5000,5000,102.83184498655055,False,False,False,False
ctx_51RUQ_000526,51RUQ_20250916T024141,2025,100,100,133.85297938799303,False,False,False,False
ctx_51RUQ_000526,51RUQ_20250916T024141,2025,500,500,58.022867747263895,False,False,False,False
ctx_51RUQ_000526,51RUQ_20250916T024141,2025,1000,1000,58.022867747263895,False,False,False,False
ctx_51RUQ_000526,51RUQ_20250916T024141,2025,5000,5000,10.123757303080247,False,False,False,False
ctx_51RUQ_000531,51RUQ_20250916T024141,2025,100,100,165.64271436939728,False,False,False,False
ctx_51RUQ_000531,51RUQ_20250916T024141,2025,500,500,165.64271436939728,False,False,False,False
ctx_51RUQ_000531,51RUQ_20250916T024141,2025,1000,1000,57.55542393638282,False,False,False,False
ctx_51RUQ_000531,51RUQ_20250916T024141,2025,5000,5000,20.06134803198413,False,False,False,False
ctx_51RUQ_000532,51RUQ_20250916T024141,2025,100,100,294.99400458787545,False,False,False,False
ctx_51RUQ_000532,51RUQ_20250916T024141,2025,500,500,294.99400458787545,False,False,False,False
ctx_51RUQ_000532,51RUQ_20250916T024141,2025,1000,1000,280.9231507997003,False,False,False,False
ctx_51RUQ_000532,51RUQ_20250916T024141,2025,5000,5000,101.09722833466925,False,False,False,False
ctx_51RUQ_000535,51RUQ_20250916T024141,2025,100,100,284.69858222548606,False,False,False,False
ctx_51RUQ_000535,51RUQ_20250916T024141,2025,500,500,232.74907354822042,False,False,False,False
ctx_51RUQ_000535,51RUQ_20250916T024141,2025,1000,1000,150.0473119759527,False,False,False,False
ctx_51RUQ_000535,51RUQ_20250916T024141,2025,5000,5000,13.323455684517212,False,False,False,False
ctx_51RUQ_000540,51RUQ_20250916T024141,2025,100,100,163.508078371655,False,False,False,False
ctx_51RUQ_000540,51RUQ_20250916T024141,2025,500,500,127.33086381704075,False,False,False,False
ctx_51RUQ_000540,51RUQ_20250916T024141,2025,1000,1000,127.33086381704075,False,False,False,False
ctx_51RUQ_000540,51RUQ_20250916T024141,2025,5000,5000,51.31227653928338,False,False,False,False
ctx_51RUQ_000541,51RUQ_20250916T024141,2025,100,100,290.0155761637045,False,False,False,False
ctx_51RUQ_000541,51RUQ_20250916T024141,2025,500,500,144.9524714013141,False,False,False,False
ctx_51RUQ_000541,51RUQ_20250916T024141,2025,1000,1000,139.50676331672324,False,False,False,False
ctx_51RUQ_000541,51RUQ_20250916T024141,2025,5000,5000,98.90825118155655,False,False,False,False
ctx_51RUQ_000543,51RUQ_20250916T024141,2025,100,100,50.7013190074986,False,False,False,False
ctx_51RUQ_000543,51RUQ_20250916T024141,2025,500,500,50.7013190074986,False,False,False,False
ctx_51RUQ_000543,51RUQ_20250916T024141,2025,1000,1000,0.2920434955023104,True,True,True,True
ctx_51RUQ_000543,51RUQ_20250916T024141,2025,5000,5000,0.2920434955023104,True,True,True,True
ctx_51RUQ_000544,51RUQ_20250916T024141,2025,100,100,407.1943859583497,False,False,False,False
ctx_51RUQ_000544,51RUQ_20250916T024141,2025,500,500,0.7225339284411736,True,True,True,True
ctx_51RUQ_000544,51RUQ_20250916T024141,2025,1000,1000,0.7225339284411736,True,True,True,True
ctx_51RUQ_000544,51RUQ_20250916T024141,2025,5000,5000,0.7225339284411736,True,True,True,True
ctx_51RUQ_000552,51RUQ_20250916T024141,2025,100,100,301.3847099253213,False,False,False,False
ctx_51RUQ_000552,51RUQ_20250916T024141,2025,500,500,106.34074130290003,False,False,False,False
ctx_51RUQ_000552,51RUQ_20250916T024141,2025,1000,1000,96.45861220366382,False,False,False,False
ctx_51RUQ_000552,51RUQ_20250916T024141,2025,5000,5000,78.95059514749873,False,False,False,False
ctx_51RUQ_000553,51RUQ_20250916T024141,2025,100,100,288.1934615927672,False,False,False,False
ctx_51RUQ_000553,51RUQ_20250916T024141,2025,500,500,269.5117156244903,False,False,False,False
ctx_51RUQ_000553,51RUQ_20250916T024141,2025,1000,1000,269.5117156244903,False,False,False,False
ctx_51RUQ_000553,51RUQ_20250916T024141,2025,5000,5000,100.92885364578045,False,False,False,False
ctx_51RUQ_000555,51RUQ_20250916T024141,2025,100,100,449.3519994394083,False,False,False,False
ctx_51RUQ_000555,51RUQ_20250916T024141,2025,500,500,8.473111495486453,False,False,True,False
ctx_51RUQ_000555,51RUQ_20250916T024141,2025,1000,1000,8.473111495486453,False,False,True,False
ctx_51RUQ_000555,51RUQ_20250916T024141,2025,5000,5000,8.473111495486453,False,False,True,False
ctx_51RUQ_000558,51RUQ_20250916T024141,2025,100,100,398.6381772255423,False,False,False,False
ctx_51RUQ_000558,51RUQ_20250916T024141,2025,500,500,73.22800677997009,False,False,False,False
ctx_51RUQ_000558,51RUQ_20250916T024141,2025,1000,1000,73.22800677997009,False,False,False,False
ctx_51RUQ_000558,51RUQ_20250916T024141,2025,5000,5000,13.8454550477171,False,False,False,False
ctx_51RUQ_000559,51RUQ_20250916T024141,2025,100,100,62.07682779332128,False,False,False,False
ctx_51RUQ_000559,51RUQ_20250916T024141,2025,500,500,62.07682779332128,False,False,False,False
ctx_51RUQ_000559,51RUQ_20250916T024141,2025,1000,1000,50.84647333645347,False,False,False,False
ctx_51RUQ_000559,51RUQ_20250916T024141,2025,5000,5000,50.84647333645347,False,False,False,False
ctx_51RUQ_000562,51RUQ_20250916T024141,2025,100,100,132.27377751938232,False,False,False,False
ctx_51RUQ_000562,51RUQ_20250916T024141,2025,500,500,132.27377751938232,False,False,False,False
ctx_51RUQ_000562,51RUQ_20250916T024141,2025,1000,1000,99.51371151777356,False,False,False,False
ctx_51RUQ_000562,51RUQ_20250916T024141,2025,5000,5000,39.04168539049521,False,False,False,False
ctx_51RUQ_000565,51RUQ_20250916T024141,2025,100,100,34.651424786475964,False,False,False,False
ctx_51RUQ_000565,51RUQ_20250916T024141,2025,500,500,34.651424786475964,False,False,False,False
ctx_51RUQ_000565,51RUQ_20250916T024141,2025,1000,1000,34.651424786475964,False,False,False,False
ctx_51RUQ_000565,51RUQ_20250916T024141,2025,5000,5000,17.656336324274378,False,False,False,False
ctx_51RUQ_000567,51RUQ_20250916T024141,2025,100,100,173.82310472591885,False,False,False,False
ctx_51RUQ_000567,51RUQ_20250916T024141,2025,500,500,141.61407547793144,False,False,False,False
ctx_51RUQ_000567,51RUQ_20250916T024141,2025,1000,1000,109.39970481416609,False,False,False,False
ctx_51RUQ_000567,51RUQ_20250916T024141,2025,5000,5000,11.493751866665805,False,False,False,False
ctx_51RUQ_000568,51RUQ_20250916T024141,2025,100,100,256.8562273962251,False,False,False,False
ctx_51RUQ_000568,51RUQ_20250916T024141,2025,500,500,34.34497005786711,False,False,False,False
ctx_51RUQ_000568,51RUQ_20250916T024141,2025,1000,1000,34.34497005786711,False,False,False,False
ctx_51RUQ_000568,51RUQ_20250916T024141,2025,5000,5000,34.34497005786711,False,False,False,False
ctx_51RUQ_000570,51RUQ_20250916T024141,2025,100,100,364.08169570431767,False,False,False,False
ctx_51RUQ_000570,51RUQ_20250916T024141,2025,500,500,175.93660027368992,False,False,False,False
ctx_51RUQ_000570,51RUQ_20250916T024141,2025,1000,1000,90.59414084712999,False,False,False,False
ctx_51RUQ_000570,51RUQ_20250916T024141,2025,5000,5000,32.40394442332142,False,False,False,False
ctx_51RUQ_000571,51RUQ_20250916T024141,2025,100,100,392.006605414313,False,False,False,False
ctx_51RUQ_000571,51RUQ_20250916T024141,2025,500,500,256.83514644613695,False,False,False,False
ctx_51RUQ_000571,51RUQ_20250916T024141,2025,1000,1000,94.97423387892604,False,False,False,False
ctx_51RUQ_000571,51RUQ_20250916T024141,2025,5000,5000,6.001024842079648,False,False,True,False
ctx_51RUQ_000579,51RUQ_20250916T024141,2025,100,100,534.8994339350737,False,False,False,False
ctx_51RUQ_000579,51RUQ_20250916T024141,2025,500,500,166.34143602760983,False,False,False,False
ctx_51RUQ_000579,51RUQ_20250916T024141,2025,1000,1000,54.86099470349979,False,False,False,False
ctx_51RUQ_000579,51RUQ_20250916T024141,2025,5000,5000,52.80186634384344,False,False,False,False
ctx_51RUQ_000580,51RUQ_20250916T024141,2025,100,100,235.1198842591277,False,False,False,False
ctx_51RUQ_000580,51RUQ_20250916T024141,2025,500,500,133.718246045215,False,False,False,False
ctx_51RUQ_000580,51RUQ_20250916T024141,2025,1000,1000,133.718246045215,False,False,False,False
ctx_51RUQ_000580,51RUQ_20250916T024141,2025,5000,5000,48.72214948137471,False,False,False,False
ctx_51RUQ_000582,51RUQ_20250916T024141,2025,100,100,600.844458498368,False,False,False,False
ctx_51RUQ_000582,51RUQ_20250916T024141,2025,500,500,147.5718498223848,False,False,False,False
ctx_51RUQ_000582,51RUQ_20250916T024141,2025,1000,1000,147.5718498223848,False,False,False,False
ctx_51RUQ_000582,51RUQ_20250916T024141,2025,5000,5000,94.7714112292805,False,False,False,False
ctx_51RUQ_000583,51RUQ_20250916T024141,2025,100,100,324.1609664581225,False,False,False,False
ctx_51RUQ_000583,51RUQ_20250916T024141,2025,500,500,258.0466612333537,False,False,False,False
ctx_51RUQ_000583,51RUQ_20250916T024141,2025,1000,1000,124.76015596446615,False,False,False,False
ctx_51RUQ_000583,51RUQ_20250916T024141,2025,5000,5000,48.951016529010715,False,False,False,False
ctx_51RUQ_000586,51RUQ_20250916T024141,2025,100,100,345.06197060497306,False,False,False,False
ctx_51RUQ_000586,51RUQ_20250916T024141,2025,500,500,152.18179508478116,False,False,False,False
ctx_51RUQ_000586,51RUQ_20250916T024141,2025,1000,1000,28.657407609181398,False,False,False,False
ctx_51RUQ_000586,51RUQ_20250916T024141,2025,5000,5000,28.657407609181398,False,False,False,False
ctx_51RUQ_000591,51RUQ_20250916T024141,2025,100,100,563.0307306742624,False,False,False,False
ctx_51RUQ_000591,51RUQ_20250916T024141,2025,500,500,210.57833631464078,False,False,False,False
ctx_51RUQ_000591,51RUQ_20250916T024141,2025,1000,1000,70.55230132028527,False,False,False,False
ctx_51RUQ_000591,51RUQ_20250916T024141,2025,5000,5000,70.55230132028527,False,False,False,False
ctx_51RUQ_000594,51RUQ_20250916T024141,2025,100,100,229.07786012737503,False,False,False,False
ctx_51RUQ_000594,51RUQ_20250916T024141,2025,500,500,225.9768978795387,False,False,False,False
ctx_51RUQ_000594,51RUQ_20250916T024141,2025,1000,1000,225.9768978795387,False,False,False,False
ctx_51RUQ_000594,51RUQ_20250916T024141,2025,5000,5000,66.34983858848257,False,False,False,False
ctx_51RUQ_000597,51RUQ_20250916T024141,2025,100,100,665.8623349630751,False,False,False,False
ctx_51RUQ_000597,51RUQ_20250916T024141,2025,500,500,91.75757373908245,False,False,False,False
ctx_51RUQ_000597,51RUQ_20250916T024141,2025,1000,1000,91.75757373908245,False,False,False,False
ctx_51RUQ_000597,51RUQ_20250916T024141,2025,5000,5000,15.427158296289619,False,False,False,False
ctx_51RUQ_000598,51RUQ_20250916T024141,2025,100,100,229.16895229122912,False,False,False,False
ctx_51RUQ_000598,51RUQ_20250916T024141,2025,500,500,164.4806134528707,False,False,False,False
ctx_51RUQ_000598,51RUQ_20250916T024141,2025,1000,1000,58.170227898125226,False,False,False,False
ctx_51RUQ_000598,51RUQ_20250916T024141,2025,5000,5000,0.8667595980845405,True,True,True,True
ctx_51RUQ_000604,51RUQ_20250916T024141,2025,100,100,366.35388460907933,False,False,False,False
ctx_51RUQ_000604,51RUQ_20250916T024141,2025,500,500,288.8236218590888,False,False,False,False
ctx_51RUQ_000604,51RUQ_20250916T024141,2025,1000,1000,221.11605474929442,False,False,False,False
ctx_51RUQ_000604,51RUQ_20250916T024141,2025,5000,5000,149.6169343629159,False,False,False,False
ctx_51RUQ_000609,51RUQ_20250916T024141,2025,100,100,401.9758221538905,False,False,False,False
ctx_51RUQ_000609,51RUQ_20250916T024141,2025,500,500,121.70847815209184,False,False,False,False
ctx_51RUQ_000609,51RUQ_20250916T024141,2025,1000,1000,104.72527982070768,False,False,False,False
ctx_51RUQ_000609,51RUQ_20250916T024141,2025,5000,5000,44.33834319244821,False,False,False,False
ctx_51RUQ_000622,51RUQ_20250916T024141,2025,100,100,332.2168981867217,False,False,False,False
ctx_51RUQ_000622,51RUQ_20250916T024141,2025,500,500,110.03000818378344,False,False,False,False
ctx_51RUQ_000622,51RUQ_20250916T024141,2025,1000,1000,110.03000818378344,False,False,False,False
ctx_51RUQ_000622,51RUQ_20250916T024141,2025,5000,5000,77.10624721681945,False,False,False,False
ctx_51RUQ_000625,51RUQ_20250916T024141,2025,100,100,213.1979808560342,False,False,False,False
ctx_51RUQ_000625,51RUQ_20250916T024141,2025,500,500,176.0014536544359,False,False,False,False
ctx_51RUQ_000625,51RUQ_20250916T024141,2025,1000,1000,87.17263326254849,False,False,False,False
ctx_51RUQ_000625,51RUQ_20250916T024141,2025,5000,5000,49.841290867452614,False,False,False,False
ctx_51RUQ_000627,51RUQ_20250916T024141,2025,100,100,208.59670804005302,False,False,False,False
ctx_51RUQ_000627,51RUQ_20250916T024141,2025,500,500,201.0512158162801,False,False,False,False
ctx_51RUQ_000627,51RUQ_20250916T024141,2025,1000,1000,39.093523700882116,False,False,False,False
ctx_51RUQ_000627,51RUQ_20250916T024141,2025,5000,5000,13.379080539551907,False,False,False,False
ctx_51RUQ_000630,51RUQ_20250916T024141,2025,100,100,344.799919269634,False,False,False,False
ctx_51RUQ_000630,51RUQ_20250916T024141,2025,500,500,260.25836184218775,False,False,False,False
ctx_51RUQ_000630,51RUQ_20250916T024141,2025,1000,1000,189.0273314335211,False,False,False,False
ctx_51RUQ_000630,51RUQ_20250916T024141,2025,5000,5000,69.85684264910638,False,False,False,False
ctx_51RUQ_000631,51RUQ_20250916T024141,2025,100,100,265.39312954719026,False,False,False,False
ctx_51RUQ_000631,51RUQ_20250916T024141,2025,500,500,180.7878499408034,False,False,False,False
ctx_51RUQ_000631,51RUQ_20250916T024141,2025,1000,1000,180.7878499408034,False,False,False,False
ctx_51RUQ_000631,51RUQ_20250916T024141,2025,5000,5000,23.438474106834875,False,False,False,False
ctx_51RUQ_000634,51RUQ_20250916T024141,2025,100,100,104.1208628781929,False,False,False,False
ctx_51RUQ_000634,51RUQ_20250916T024141,2025,500,500,104.1208628781929,False,False,False,False
ctx_51RUQ_000634,51RUQ_20250916T024141,2025,1000,1000,104.1208628781929,False,False,False,False
ctx_51RUQ_000634,51RUQ_20250916T024141,2025,5000,5000,27.954311508212317,False,False,False,False
ctx_51RUQ_000639,51RUQ_20250916T024141,2025,100,100,139.42186973410477,False,False,False,False
ctx_51RUQ_000639,51RUQ_20250916T024141,2025,500,500,37.198523671322754,False,False,False,False
ctx_51RUQ_000639,51RUQ_20250916T024141,2025,1000,1000,0.931247487161445,True,True,True,True
ctx_51RUQ_000639,51RUQ_20250916T024141,2025,5000,5000,0.931247487161445,True,True,True,True
ctx_51RUQ_000640,51RUQ_20250916T024141,2025,100,100,293.0214810983842,False,False,False,False
ctx_51RUQ_000640,51RUQ_20250916T024141,2025,500,500,276.2493095267682,False,False,False,False
ctx_51RUQ_000640,51RUQ_20250916T024141,2025,1000,1000,170.32174370874012,False,False,False,False
ctx_51RUQ_000640,51RUQ_20250916T024141,2025,5000,5000,87.7703106230404,False,False,False,False
ctx_51RUQ_000642,51RUQ_20250916T024141,2025,100,100,240.7308698336517,False,False,False,False
ctx_51RUQ_000642,51RUQ_20250916T024141,2025,500,500,101.80377384658327,False,False,False,False
ctx_51RUQ_000642,51RUQ_20250916T024141,2025,1000,1000,41.10556839655301,False,False,False,False
ctx_51RUQ_000642,51RUQ_20250916T024141,2025,5000,5000,41.10556839655301,False,False,False,False
ctx_51RUQ_000643,51RUQ_20250916T024141,2025,100,100,287.6554061191244,False,False,False,False
ctx_51RUQ_000643,51RUQ_20250916T024141,2025,500,500,136.8603006544973,False,False,False,False
ctx_51RUQ_000643,51RUQ_20250916T024141,2025,1000,1000,136.8603006544973,False,False,False,False
ctx_51RUQ_000643,51RUQ_20250916T024141,2025,5000,5000,20.598777766853875,False,False,False,False
ctx_51RUQ_000646,51RUQ_20250916T024141,2025,100,100,28.521927764781775,False,False,False,False
ctx_51RUQ_000646,51RUQ_20250916T024141,2025,500,500,28.521927764781775,False,False,False,False
ctx_51RUQ_000646,51RUQ_20250916T024141,2025,1000,1000,28.521927764781775,False,False,False,False
ctx_51RUQ_000646,51RUQ_20250916T024141,2025,5000,5000,28.521927764781775,False,False,False,False
ctx_51RUQ_000648,51RUQ_20250916T024141,2025,100,100,590.6393774342495,False,False,False,False
ctx_51RUQ_000648,51RUQ_20250916T024141,2025,500,500,143.83242573110533,False,False,False,False
ctx_51RUQ_000648,51RUQ_20250916T024141,2025,1000,1000,142.179032186573,False,False,False,False
ctx_51RUQ_000648,51RUQ_20250916T024141,2025,5000,5000,38.241711037872484,False,False,False,False
ctx_51RUQ_000649,51RUQ_20250916T024141,2025,100,100,402.05008708024735,False,False,False,False
ctx_51RUQ_000649,51RUQ_20250916T024141,2025,500,500,56.66508644079798,False,False,False,False
ctx_51RUQ_000649,51RUQ_20250916T024141,2025,1000,1000,56.66508644079798,False,False,False,False
ctx_51RUQ_000649,51RUQ_20250916T024141,2025,5000,5000,56.66508644079798,False,False,False,False
ctx_51RUQ_000652,51RUQ_20250916T024141,2025,100,100,220.9991195092019,False,False,False,False
ctx_51RUQ_000652,51RUQ_20250916T024141,2025,500,500,218.43856782742813,False,False,False,False
ctx_51RUQ_000652,51RUQ_20250916T024141,2025,1000,1000,154.64992745266505,False,False,False,False
ctx_51RUQ_000652,51RUQ_20250916T024141,2025,5000,5000,53.6070803157925,False,False,False,False
ctx_51RUQ_000654,51RUQ_20250916T024141,2025,100,100,612.0103564996218,False,False,False,False
ctx_51RUQ_000654,51RUQ_20250916T024141,2025,500,500,125.88173438402,False,False,False,False
ctx_51RUQ_000654,51RUQ_20250916T024141,2025,1000,1000,125.88173438402,False,False,False,False
ctx_51RUQ_000654,51RUQ_20250916T024141,2025,5000,5000,54.55280230231387,False,False,False,False
ctx_51RUQ_000656,51RUQ_20250916T024141,2025,100,100,244.76644494979362,False,False,False,False
ctx_51RUQ_000656,51RUQ_20250916T024141,2025,500,500,105.07708365151971,False,False,False,False
ctx_51RUQ_000656,51RUQ_20250916T024141,2025,1000,1000,105.07708365151971,False,False,False,False
ctx_51RUQ_000656,51RUQ_20250916T024141,2025,5000,5000,38.33631085237731,False,False,False,False
ctx_51RUQ_000659,51RUQ_20250916T024141,2025,100,100,392.85519833484136,False,False,False,False
ctx_51RUQ_000659,51RUQ_20250916T024141,2025,500,500,180.45076075769455,False,False,False,False
ctx_51RUQ_000659,51RUQ_20250916T024141,2025,1000,1000,115.23046593055037,False,False,False,False
ctx_51RUQ_000659,51RUQ_20250916T024141,2025,5000,5000,115.23046593055037,False,False,False,False
ctx_51RUQ_000660,51RUQ_20250916T024141,2025,100,100,174.72244845849855,False,False,False,False
ctx_51RUQ_000660,51RUQ_20250916T024141,2025,500,500,92.17489594588582,False,False,False,False
ctx_51RUQ_000660,51RUQ_20250916T024141,2025,1000,1000,29.123009365356932,False,False,False,False
ctx_51RUQ_000660,51RUQ_20250916T024141,2025,5000,5000,24.365863450283683,False,False,False,False
ctx_51RUQ_000661,51RUQ_20250916T024141,2025,100,100,438.96701062901883,False,False,False,False
ctx_51RUQ_000661,51RUQ_20250916T024141,2025,500,500,98.91916181766992,False,False,False,False
ctx_51RUQ_000661,51RUQ_20250916T024141,2025,1000,1000,98.91916181766992,False,False,False,False
ctx_51RUQ_000661,51RUQ_20250916T024141,2025,5000,5000,15.563011617829678,False,False,False,False
ctx_51RUQ_000664,51RUQ_20250916T024141,2025,100,100,426.57254013981236,False,False,False,False
ctx_51RUQ_000664,51RUQ_20250916T024141,2025,500,500,179.19283418856293,False,False,False,False
ctx_51RUQ_000664,51RUQ_20250916T024141,2025,1000,1000,70.39883236665074,False,False,False,False
ctx_51RUQ_000664,51RUQ_20250916T024141,2025,5000,5000,70.39883236665074,False,False,False,False
ctx_51RUQ_000666,51RUQ_20250916T024141,2025,100,100,727.7372692737699,False,False,False,False
ctx_51RUQ_000666,51RUQ_20250916T024141,2025,500,500,137.1328518617496,False,False,False,False
ctx_51RUQ_000666,51RUQ_20250916T024141,2025,1000,1000,137.1328518617496,False,False,False,False
ctx_51RUQ_000666,51RUQ_20250916T024141,2025,5000,5000,28.872404893541177,False,False,False,False
ctx_51RUQ_000668,51RUQ_20250916T024141,2025,100,100,59.307357282556424,False,False,False,False
ctx_51RUQ_000668,51RUQ_20250916T024141,2025,500,500,59.307357282556424,False,False,False,False
ctx_51RUQ_000668,51RUQ_20250916T024141,2025,1000,1000,59.307357282556424,False,False,False,False
ctx_51RUQ_000668,51RUQ_20250916T024141,2025,5000,5000,24.90495070584422,False,False,False,False
ctx_51RUQ_000670,51RUQ_20250916T024141,2025,100,100,350.89834401211704,False,False,False,False
ctx_51RUQ_000670,51RUQ_20250916T024141,2025,500,500,192.86046533004048,False,False,False,False
ctx_51RUQ_000670,51RUQ_20250916T024141,2025,1000,1000,133.2468865574976,False,False,False,False
ctx_51RUQ_000670,51RUQ_20250916T024141,2025,5000,5000,101.46446632360555,False,False,False,False
ctx_51RUQ_000673,51RUQ_20250916T024141,2025,100,100,157.9797868966657,False,False,False,False
ctx_51RUQ_000673,51RUQ_20250916T024141,2025,500,500,98.36610264392382,False,False,False,False
ctx_51RUQ_000673,51RUQ_20250916T024141,2025,1000,1000,98.36610264392382,False,False,False,False
ctx_51RUQ_000673,51RUQ_20250916T024141,2025,5000,5000,26.650800860340457,False,False,False,False
ctx_51RUQ_000677,51RUQ_20250916T024141,2025,100,100,421.74830289190817,False,False,False,False
ctx_51RUQ_000677,51RUQ_20250916T024141,2025,500,500,92.747094515617,False,False,False,False
ctx_51RUQ_000677,51RUQ_20250916T024141,2025,1000,1000,92.747094515617,False,False,False,False
ctx_51RUQ_000677,51RUQ_20250916T024141,2025,5000,5000,75.2581683162811,False,False,False,False
ctx_51RUQ_000678,51RUQ_20250916T024141,2025,100,100,0.7460326140134959,True,True,True,True
ctx_51RUQ_000678,51RUQ_20250916T024141,2025,500,500,0.7460326140134959,True,True,True,True
ctx_51RUQ_000678,51RUQ_20250916T024141,2025,1000,1000,0.7460326140134959,True,True,True,True
ctx_51RUQ_000678,51RUQ_20250916T024141,2025,5000,5000,0.7460326140134959,True,True,True,True
ctx_51RUQ_000683,51RUQ_20250916T024141,2025,100,100,567.5807211857616,False,False,False,False
ctx_51RUQ_000683,51RUQ_20250916T024141,2025,500,500,75.16467299477983,False,False,False,False
ctx_51RUQ_000683,51RUQ_20250916T024141,2025,1000,1000,66.01734960889317,False,False,False,False
ctx_51RUQ_000683,51RUQ_20250916T024141,2025,5000,5000,27.044765443634358,False,False,False,False
ctx_51RUQ_000684,51RUQ_20250916T024141,2025,100,100,137.78467518817232,False,False,False,False
ctx_51RUQ_000684,51RUQ_20250916T024141,2025,500,500,95.62487061965882,False,False,False,False
ctx_51RUQ_000684,51RUQ_20250916T024141,2025,1000,1000,95.62487061965882,False,False,False,False
ctx_51RUQ_000684,51RUQ_20250916T024141,2025,5000,5000,49.69543252025442,False,False,False,False
ctx_51RUQ_000686,51RUQ_20250916T024141,2025,100,100,360.2524173789369,False,False,False,False
ctx_51RUQ_000686,51RUQ_20250916T024141,2025,500,500,71.41469278117951,False,False,False,False
ctx_51RUQ_000686,51RUQ_20250916T024141,2025,1000,1000,71.41469278117951,False,False,False,False
ctx_51RUQ_000686,51RUQ_20250916T024141,2025,5000,5000,71.41469278117951,False,False,False,False
ctx_51RUQ_000687,51RUQ_20250916T024141,2025,100,100,360.24795359718837,False,False,False,False
ctx_51RUQ_000687,51RUQ_20250916T024141,2025,500,500,65.77650750116297,False,False,False,False
ctx_51RUQ_000687,51RUQ_20250916T024141,2025,1000,1000,65.77650750116297,False,False,False,False
ctx_51RUQ_000687,51RUQ_20250916T024141,2025,5000,5000,55.70051591025237,False,False,False,False
ctx_51RUQ_000689,51RUQ_20250916T024141,2025,100,100,292.6484646145072,False,False,False,False
ctx_51RUQ_000689,51RUQ_20250916T024141,2025,500,500,235.94056281694589,False,False,False,False
ctx_51RUQ_000689,51RUQ_20250916T024141,2025,1000,1000,76.78189211463636,False,False,False,False
ctx_51RUQ_000689,51RUQ_20250916T024141,2025,5000,5000,76.78189211463636,False,False,False,False
ctx_51RUQ_000690,51RUQ_20250916T024141,2025,100,100,462.36946634938823,False,False,False,False
ctx_51RUQ_000690,51RUQ_20250916T024141,2025,500,500,293.31514785390317,False,False,False,False
ctx_51RUQ_000690,51RUQ_20250916T024141,2025,1000,1000,41.241830449040364,False,False,False,False
ctx_51RUQ_000690,51RUQ_20250916T024141,2025,5000,5000,41.241830449040364,False,False,False,False
ctx_51RUQ_000693,51RUQ_20250916T024141,2025,100,100,81.48007047629582,False,False,False,False
ctx_51RUQ_000693,51RUQ_20250916T024141,2025,500,500,81.48007047629582,False,False,False,False
ctx_51RUQ_000693,51RUQ_20250916T024141,2025,1000,1000,81.48007047629582,False,False,False,False
ctx_51RUQ_000693,51RUQ_20250916T024141,2025,5000,5000,37.077337508827945,False,False,False,False
ctx_51RUQ_000695,51RUQ_20250916T024141,2025,100,100,234.20033522123776,False,False,False,False
ctx_51RUQ_000695,51RUQ_20250916T024141,2025,500,500,176.68328815411903,False,False,False,False
ctx_51RUQ_000695,51RUQ_20250916T024141,2025,1000,1000,176.68328815411903,False,False,False,False
ctx_51RUQ_000695,51RUQ_20250916T024141,2025,5000,5000,62.38476979168791,False,False,False,False
ctx_51RUQ_000698,51RUQ_20250916T024141,2025,100,100,243.75163373125446,False,False,False,False
ctx_51RUQ_000698,51RUQ_20250916T024141,2025,500,500,70.32852149253988,False,False,False,False
ctx_51RUQ_000698,51RUQ_20250916T024141,2025,1000,1000,42.39208382464509,False,False,False,False
ctx_51RUQ_000698,51RUQ_20250916T024141,2025,5000,5000,42.39208382464509,False,False,False,False
ctx_51RUQ_000701,51RUQ_20250916T024141,2025,100,100,250.18640003235583,False,False,False,False
ctx_51RUQ_000701,51RUQ_20250916T024141,2025,500,500,100.16204898708699,False,False,False,False
ctx_51RUQ_000701,51RUQ_20250916T024141,2025,1000,1000,94.48151450576688,False,False,False,False
ctx_51RUQ_000701,51RUQ_20250916T024141,2025,5000,5000,65.38618712721878,False,False,False,False
ctx_51RUQ_000704,51RUQ_20250916T024141,2025,100,100,139.2543488772149,False,False,False,False
ctx_51RUQ_000704,51RUQ_20250916T024141,2025,500,500,89.2857311347055,False,False,False,False
ctx_51RUQ_000704,51RUQ_20250916T024141,2025,1000,1000,89.2857311347055,False,False,False,False
ctx_51RUQ_000704,51RUQ_20250916T024141,2025,5000,5000,67.63137639149788,False,False,False,False
ctx_51RUQ_000706,51RUQ_20250916T024141,2025,100,100,588.3962512168648,False,False,False,False
ctx_51RUQ_000706,51RUQ_20250916T024141,2025,500,500,51.94168038823796,False,False,False,False
ctx_51RUQ_000706,51RUQ_20250916T024141,2025,1000,1000,43.999781757516295,False,False,False,False
ctx_51RUQ_000706,51RUQ_20250916T024141,2025,5000,5000,31.246554297865003,False,False,False,False
ctx_51RUQ_000708,51RUQ_20250916T024141,2025,100,100,334.6380134255829,False,False,False,False
ctx_51RUQ_000708,51RUQ_20250916T024141,2025,500,500,225.02342887092897,False,False,False,False
ctx_51RUQ_000708,51RUQ_20250916T024141,2025,1000,1000,16.040703732135928,False,False,False,False
ctx_51RUQ_000708,51RUQ_20250916T024141,2025,5000,5000,1.1657780363025254,True,True,True,True
ctx_51RUQ_000711,51RUQ_20250916T024141,2025,100,100,92.33086261152162,False,False,False,False
ctx_51RUQ_000711,51RUQ_20250916T024141,2025,500,500,92.33086261152162,False,False,False,False
ctx_51RUQ_000711,51RUQ_20250916T024141,2025,1000,1000,71.196084934624,False,False,False,False
ctx_51RUQ_000711,51RUQ_20250916T024141,2025,5000,5000,4.421816945359343,False,True,True,True
ctx_51RUQ_000712,51RUQ_20250916T024141,2025,100,100,513.1587995073086,False,False,False,False
ctx_51RUQ_000712,51RUQ_20250916T024141,2025,500,500,64.38853676406086,False,False,False,False
ctx_51RUQ_000712,51RUQ_20250916T024141,2025,1000,1000,39.750915300830954,False,False,False,False
ctx_51RUQ_000712,51RUQ_20250916T024141,2025,5000,5000,36.87721713811432,False,False,False,False
ctx_51RUQ_000716,51RUQ_20250916T024141,2025,100,100,249.0219764897504,False,False,False,False
ctx_51RUQ_000716,51RUQ_20250916T024141,2025,500,500,249.0219764897504,False,False,False,False
ctx_51RUQ_000716,51RUQ_20250916T024141,2025,1000,1000,60.26511909291768,False,False,False,False
ctx_51RUQ_000716,51RUQ_20250916T024141,2025,5000,5000,43.662768967208855,False,False,False,False
ctx_51RUQ_000723,51RUQ_20250916T024141,2025,100,100,102.18583653686323,False,False,False,False
ctx_51RUQ_000723,51RUQ_20250916T024141,2025,500,500,33.8116962597074,False,False,False,False
ctx_51RUQ_000723,51RUQ_20250916T024141,2025,1000,1000,33.8116962597074,False,False,False,False
ctx_51RUQ_000723,51RUQ_20250916T024141,2025,5000,5000,31.058727417418126,False,False,False,False
ctx_51RUQ_000724,51RUQ_20250916T024141,2025,100,100,667.8101135746189,False,False,False,False
ctx_51RUQ_000724,51RUQ_20250916T024141,2025,500,500,199.2575194935851,False,False,False,False
ctx_51RUQ_000724,51RUQ_20250916T024141,2025,1000,1000,85.51067353121098,False,False,False,False
ctx_51RUQ_000724,51RUQ_20250916T024141,2025,5000,5000,39.09922729646602,False,False,False,False
ctx_51RUQ_000729,51RUQ_20250916T024141,2025,100,100,512.7520797831932,False,False,False,False
ctx_51RUQ_000729,51RUQ_20250916T024141,2025,500,500,157.7949101942127,False,False,False,False
ctx_51RUQ_000729,51RUQ_20250916T024141,2025,1000,1000,60.828263530254645,False,False,False,False
ctx_51RUQ_000729,51RUQ_20250916T024141,2025,5000,5000,60.828263530254645,False,False,False,False
ctx_51RUQ_000735,51RUQ_20250916T024141,2025,100,100,201.84255869011525,False,False,False,False
ctx_51RUQ_000735,51RUQ_20250916T024141,2025,500,500,45.579083207452605,False,False,False,False
ctx_51RUQ_000735,51RUQ_20250916T024141,2025,1000,1000,45.579083207452605,False,False,False,False
ctx_51RUQ_000735,51RUQ_20250916T024141,2025,5000,5000,19.006269922665908,False,False,False,False
ctx_51RUQ_000737,51RUQ_20250916T024141,2025,100,100,493.75031968682435,False,False,False,False
ctx_51RUQ_000737,51RUQ_20250916T024141,2025,500,500,165.98163139320175,False,False,False,False
ctx_51RUQ_000737,51RUQ_20250916T024141,2025,1000,1000,165.98163139320175,False,False,False,False
ctx_51RUQ_000737,51RUQ_20250916T024141,2025,5000,5000,38.900854978540984,False,False,False,False
ctx_51RUQ_000738,51RUQ_20250916T024141,2025,100,100,286.5345344602388,False,False,False,False
ctx_51RUQ_000738,51RUQ_20250916T024141,2025,500,500,60.350717782485866,False,False,False,False
ctx_51RUQ_000738,51RUQ_20250916T024141,2025,1000,1000,60.350717782485866,False,False,False,False
ctx_51RUQ_000738,51RUQ_20250916T024141,2025,5000,5000,27.105054607522057,False,False,False,False
ctx_51RUQ_000739,51RUQ_20250916T024141,2025,100,100,551.3253156189181,False,False,False,False
ctx_51RUQ_000739,51RUQ_20250916T024141,2025,500,500,279.9343204124731,False,False,False,False
ctx_51RUQ_000739,51RUQ_20250916T024141,2025,1000,1000,241.96908124902404,False,False,False,False
ctx_51RUQ_000739,51RUQ_20250916T024141,2025,5000,5000,33.12156204627189,False,False,False,False
ctx_51RUQ_000741,51RUQ_20250916T024141,2025,100,100,496.1845382493042,False,False,False,False
ctx_51RUQ_000741,51RUQ_20250916T024141,2025,500,500,172.50906440300474,False,False,False,False
ctx_51RUQ_000741,51RUQ_20250916T024141,2025,1000,1000,151.58992793762394,False,False,False,False
ctx_51RUQ_000741,51RUQ_20250916T024141,2025,5000,5000,87.24426103978843,False,False,False,False
ctx_51RUQ_000743,51RUQ_20250916T024141,2025,100,100,351.0999295405139,False,False,False,False
ctx_51RUQ_000743,51RUQ_20250916T024141,2025,500,500,155.947051515168,False,False,False,False
ctx_51RUQ_000743,51RUQ_20250916T024141,2025,1000,1000,155.947051515168,False,False,False,False
ctx_51RUQ_000743,51RUQ_20250916T024141,2025,5000,5000,72.02776484142397,False,False,False,False
ctx_51RUQ_000745,51RUQ_20250916T024141,2025,100,100,268.2911233510788,False,False,False,False
ctx_51RUQ_000745,51RUQ_20250916T024141,2025,500,500,125.48581893248776,False,False,False,False
ctx_51RUQ_000745,51RUQ_20250916T024141,2025,1000,1000,71.33495481373983,False,False,False,False
ctx_51RUQ_000745,51RUQ_20250916T024141,2025,5000,5000,71.33495481373983,False,False,False,False
ctx_51RUQ_000748,51RUQ_20250916T024141,2025,100,100,150.08708461472656,False,False,False,False
ctx_51RUQ_000748,51RUQ_20250916T024141,2025,500,500,80.09261961407555,False,False,False,False
ctx_51RUQ_000748,51RUQ_20250916T024141,2025,1000,1000,40.924891559556066,False,False,False,False
ctx_51RUQ_000748,51RUQ_20250916T024141,2025,5000,5000,40.924891559556066,False,False,False,False
ctx_51RUQ_000749,51RUQ_20250916T024141,2025,100,100,642.4821799175282,False,False,False,False
ctx_51RUQ_000749,51RUQ_20250916T024141,2025,500,500,165.9419479781108,False,False,False,False
ctx_51RUQ_000749,51RUQ_20250916T024141,2025,1000,1000,165.9419479781108,False,False,False,False
ctx_51RUQ_000749,51RUQ_20250916T024141,2025,5000,5000,106.34930368205045,False,False,False,False
ctx_51RUQ_000750,51RUQ_20250916T024141,2025,100,100,64.41314465464772,False,False,False,False
ctx_51RUQ_000750,51RUQ_20250916T024141,2025,500,500,64.41314465464772,False,False,False,False
ctx_51RUQ_000750,51RUQ_20250916T024141,2025,1000,1000,64.41314465464772,False,False,False,False
ctx_51RUQ_000750,51RUQ_20250916T024141,2025,5000,5000,46.03946166275539,False,False,False,False
ctx_51RUQ_000751,51RUQ_20250916T024141,2025,100,100,97.51654336560243,False,False,False,False
ctx_51RUQ_000751,51RUQ_20250916T024141,2025,500,500,85.35322889904934,False,False,False,False
ctx_51RUQ_000751,51RUQ_20250916T024141,2025,1000,1000,85.35322889904934,False,False,False,False
ctx_51RUQ_000751,51RUQ_20250916T024141,2025,5000,5000,31.849432807902577,False,False,False,False
ctx_51RUQ_000752,51RUQ_20250916T024141,2025,100,100,326.38199805708916,False,False,False,False
ctx_51RUQ_000752,51RUQ_20250916T024141,2025,500,500,61.216985073229054,False,False,False,False
ctx_51RUQ_000752,51RUQ_20250916T024141,2025,1000,1000,61.216985073229054,False,False,False,False
ctx_51RUQ_000752,51RUQ_20250916T024141,2025,5000,5000,0.2311852141008413,True,True,True,True
ctx_51RUQ_000756,51RUQ_20250916T024141,2025,100,100,262.96778474496347,False,False,False,False
ctx_51RUQ_000756,51RUQ_20250916T024141,2025,500,500,262.96778474496347,False,False,False,False
ctx_51RUQ_000756,51RUQ_20250916T024141,2025,1000,1000,194.8343852432238,False,False,False,False
ctx_51RUQ_000756,51RUQ_20250916T024141,2025,5000,5000,34.82089777609259,False,False,False,False
ctx_51RUQ_000769,51RUQ_20250916T024141,2025,100,100,257.57720301747275,False,False,False,False
ctx_51RUQ_000769,51RUQ_20250916T024141,2025,500,500,159.2800406286456,False,False,False,False
ctx_51RUQ_000769,51RUQ_20250916T024141,2025,1000,1000,126.80922999511985,False,False,False,False
ctx_51RUQ_000769,51RUQ_20250916T024141,2025,5000,5000,39.66188497335997,False,False,False,False
ctx_51RUQ_000770,51RUQ_20250916T024141,2025,100,100,360.1814781662095,False,False,False,False
ctx_51RUQ_000770,51RUQ_20250916T024141,2025,500,500,49.78873127525995,False,False,False,False
ctx_51RUQ_000770,51RUQ_20250916T024141,2025,1000,1000,49.78873127525995,False,False,False,False
ctx_51RUQ_000770,51RUQ_20250916T024141,2025,5000,5000,49.78873127525995,False,False,False,False
ctx_51RUQ_000771,51RUQ_20250916T024141,2025,100,100,212.34977004086838,False,False,False,False
ctx_51RUQ_000771,51RUQ_20250916T024141,2025,500,500,135.672212097252,False,False,False,False
ctx_51RUQ_000771,51RUQ_20250916T024141,2025,1000,1000,106.17718452197401,False,False,False,False
ctx_51RUQ_000771,51RUQ_20250916T024141,2025,5000,5000,0.22452984352455116,True,True,True,True
ctx_51RUQ_000776,51RUQ_20250916T024141,2025,100,100,373.2553904181319,False,False,False,False
ctx_51RUQ_000776,51RUQ_20250916T024141,2025,500,500,131.56327198426226,False,False,False,False
ctx_51RUQ_000776,51RUQ_20250916T024141,2025,1000,1000,131.56327198426226,False,False,False,False
ctx_51RUQ_000776,51RUQ_20250916T024141,2025,5000,5000,48.27926724044266,False,False,False,False
ctx_51RUQ_000777,51RUQ_20250916T024141,2025,100,100,15.09566907168653,False,False,False,False
ctx_51RUQ_000777,51RUQ_20250916T024141,2025,500,500,15.09566907168653,False,False,False,False
ctx_51RUQ_000777,51RUQ_20250916T024141,2025,1000,1000,15.09566907168653,False,False,False,False
ctx_51RUQ_000777,51RUQ_20250916T024141,2025,5000,5000,15.09566907168653,False,False,False,False
ctx_51RUQ_000778,51RUQ_20250916T024141,2025,100,100,416.4984152632658,False,False,False,False
ctx_51RUQ_000778,51RUQ_20250916T024141,2025,500,500,163.84963324110842,False,False,False,False
ctx_51RUQ_000778,51RUQ_20250916T024141,2025,1000,1000,114.41767688060679,False,False,False,False
ctx_51RUQ_000778,51RUQ_20250916T024141,2025,5000,5000,30.225837633155397,False,False,False,False
ctx_51RUQ_000779,51RUQ_20250916T024141,2025,100,100,369.7223831583091,False,False,False,False
ctx_51RUQ_000779,51RUQ_20250916T024141,2025,500,500,107.54026538446288,False,False,False,False
ctx_51RUQ_000779,51RUQ_20250916T024141,2025,1000,1000,74.40754349375443,False,False,False,False
ctx_51RUQ_000779,51RUQ_20250916T024141,2025,5000,5000,35.837921511797674,False,False,False,False
ctx_51RUQ_000781,51RUQ_20250916T024141,2025,100,100,401.00846759574154,False,False,False,False
ctx_51RUQ_000781,51RUQ_20250916T024141,2025,500,500,86.54456784480361,False,False,False,False
ctx_51RUQ_000781,51RUQ_20250916T024141,2025,1000,1000,86.54456784480361,False,False,False,False
ctx_51RUQ_000781,51RUQ_20250916T024141,2025,5000,5000,52.233192243897456,False,False,False,False
ctx_51RUQ_000782,51RUQ_20250916T024141,2025,100,100,371.36390144031037,False,False,False,False
ctx_51RUQ_000782,51RUQ_20250916T024141,2025,500,500,167.5206129855362,False,False,False,False
ctx_51RUQ_000782,51RUQ_20250916T024141,2025,1000,1000,78.56986278771241,False,False,False,False
ctx_51RUQ_000782,51RUQ_20250916T024141,2025,5000,5000,78.56986278771241,False,False,False,False
ctx_51RUQ_000784,51RUQ_20250916T024141,2025,100,100,228.92444546174596,False,False,False,False
ctx_51RUQ_000784,51RUQ_20250916T024141,2025,500,500,181.96250423319714,False,False,False,False
ctx_51RUQ_000784,51RUQ_20250916T024141,2025,1000,1000,54.97770046130207,False,False,False,False
ctx_51RUQ_000784,51RUQ_20250916T024141,2025,5000,5000,0.7495191199838256,True,True,True,True
ctx_51RUQ_000785,51RUQ_20250916T024141,2025,100,100,557.1482733731817,False,False,False,False
ctx_51RUQ_000785,51RUQ_20250916T024141,2025,500,500,280.1071768389987,False,False,False,False
ctx_51RUQ_000785,51RUQ_20250916T024141,2025,1000,1000,194.1393867071974,False,False,False,False
ctx_51RUQ_000785,51RUQ_20250916T024141,2025,5000,5000,71.21830015602589,False,False,False,False
ctx_51RUQ_000790,51RUQ_20250916T024141,2025,100,100,450.97974869315084,False,False,False,False
ctx_51RUQ_000790,51RUQ_20250916T024141,2025,500,500,86.9810154224293,False,False,False,False
ctx_51RUQ_000790,51RUQ_20250916T024141,2025,1000,1000,86.9810154224293,False,False,False,False
ctx_51RUQ_000790,51RUQ_20250916T024141,2025,5000,5000,7.695811333969039,False,False,True,False
ctx_51RUQ_000791,51RUQ_20250916T024141,2025,100,100,126.89586867162764,False,False,False,False
ctx_51RUQ_000791,51RUQ_20250916T024141,2025,500,500,89.48991449852673,False,False,False,False
ctx_51RUQ_000791,51RUQ_20250916T024141,2025,1000,1000,89.48991449852673,False,False,False,False
ctx_51RUQ_000791,51RUQ_20250916T024141,2025,5000,5000,69.49129180867116,False,False,False,False
ctx_51RUQ_000794,51RUQ_20250916T024141,2025,100,100,135.90378528230121,False,False,False,False
ctx_51RUQ_000794,51RUQ_20250916T024141,2025,500,500,135.90378528230121,False,False,False,False
ctx_51RUQ_000794,51RUQ_20250916T024141,2025,1000,1000,135.90378528230121,False,False,False,False
ctx_51RUQ_000794,51RUQ_20250916T024141,2025,5000,5000,66.11055311529157,False,False,False,False
ctx_51RUQ_000800,51RUQ_20250916T024141,2025,100,100,105.69733677006407,False,False,False,False
ctx_51RUQ_000800,51RUQ_20250916T024141,2025,500,500,94.97590037528427,False,False,False,False
ctx_51RUQ_000800,51RUQ_20250916T024141,2025,1000,1000,94.97590037528427,False,False,False,False
ctx_51RUQ_000800,51RUQ_20250916T024141,2025,5000,5000,72.11878159024769,False,False,False,False
ctx_51RUQ_000801,51RUQ_20250916T024141,2025,100,100,269.56803919594057,False,False,False,False
ctx_51RUQ_000801,51RUQ_20250916T024141,2025,500,500,269.56803919594057,False,False,False,False
ctx_51RUQ_000801,51RUQ_20250916T024141,2025,1000,1000,239.4519855260031,False,False,False,False
ctx_51RUQ_000801,51RUQ_20250916T024141,2025,5000,5000,113.45533575952695,False,False,False,False
ctx_51RUQ_000805,51RUQ_20250916T024141,2025,100,100,351.53345968330234,False,False,False,False
ctx_51RUQ_000805,51RUQ_20250916T024141,2025,500,500,55.03717295146201,False,False,False,False
ctx_51RUQ_000805,51RUQ_20250916T024141,2025,1000,1000,29.25681407140841,False,False,False,False
ctx_51RUQ_000805,51RUQ_20250916T024141,2025,5000,5000,23.232738781320116,False,False,False,False
ctx_51RUQ_000808,51RUQ_20250916T024141,2025,100,100,290.2614013428016,False,False,False,False
ctx_51RUQ_000808,51RUQ_20250916T024141,2025,500,500,210.34795042897161,False,False,False,False
ctx_51RUQ_000808,51RUQ_20250916T024141,2025,1000,1000,72.98211633938753,False,False,False,False
ctx_51RUQ_000808,51RUQ_20250916T024141,2025,5000,5000,35.952276431341396,False,False,False,False
ctx_51RUQ_000812,51RUQ_20250916T024141,2025,100,100,502.67935911424473,False,False,False,False
ctx_51RUQ_000812,51RUQ_20250916T024141,2025,500,500,204.3293286650309,False,False,False,False
ctx_51RUQ_000812,51RUQ_20250916T024141,2025,1000,1000,79.1237895085586,False,False,False,False
ctx_51RUQ_000812,51RUQ_20250916T024141,2025,5000,5000,69.50746746503962,False,False,False,False
ctx_51RUQ_000814,51RUQ_20250916T024141,2025,100,100,102.35789176559787,False,False,False,False
ctx_51RUQ_000814,51RUQ_20250916T024141,2025,500,500,48.07194589916831,False,False,False,False
ctx_51RUQ_000814,51RUQ_20250916T024141,2025,1000,1000,48.07194589916831,False,False,False,False
ctx_51RUQ_000814,51RUQ_20250916T024141,2025,5000,5000,0.21057423624543306,True,True,True,True
ctx_51RUQ_000817,51RUQ_20250916T024141,2025,100,100,323.3578208015483,False,False,False,False
ctx_51RUQ_000817,51RUQ_20250916T024141,2025,500,500,237.84633429959644,False,False,False,False
ctx_51RUQ_000817,51RUQ_20250916T024141,2025,1000,1000,123.1700320637809,False,False,False,False
ctx_51RUQ_000817,51RUQ_20250916T024141,2025,5000,5000,83.36906781094585,False,False,False,False
ctx_51RUQ_000820,51RUQ_20250916T024141,2025,100,100,342.3983716849636,False,False,False,False
ctx_51RUQ_000820,51RUQ_20250916T024141,2025,500,500,144.0689154020732,False,False,False,False
ctx_51RUQ_000820,51RUQ_20250916T024141,2025,1000,1000,29.006741840344812,False,False,False,False
ctx_51RUQ_000820,51RUQ_20250916T024141,2025,5000,5000,27.739007211365497,False,False,False,False
ctx_51RUQ_000824,51RUQ_20250916T024141,2025,100,100,111.25016324540042,False,False,False,False
ctx_51RUQ_000824,51RUQ_20250916T024141,2025,500,500,111.25016324540042,False,False,False,False
ctx_51RUQ_000824,51RUQ_20250916T024141,2025,1000,1000,107.84364686989116,False,False,False,False
ctx_51RUQ_000824,51RUQ_20250916T024141,2025,5000,5000,67.18513751087977,False,False,False,False
ctx_51RUQ_000830,51RUQ_20250916T024141,2025,100,100,278.5835136769832,False,False,False,False
ctx_51RUQ_000830,51RUQ_20250916T024141,2025,500,500,188.035529876072,False,False,False,False
ctx_51RUQ_000830,51RUQ_20250916T024141,2025,1000,1000,0.27831540421696455,True,True,True,True
ctx_51RUQ_000830,51RUQ_20250916T024141,2025,5000,5000,0.27831540421696455,True,True,True,True
ctx_51RUQ_000831,51RUQ_20250916T024141,2025,100,100,329.3891585494079,False,False,False,False
ctx_51RUQ_000831,51RUQ_20250916T024141,2025,500,500,205.21049248297075,False,False,False,False
ctx_51RUQ_000831,51RUQ_20250916T024141,2025,1000,1000,205.21049248297075,False,False,False,False
ctx_51RUQ_000831,51RUQ_20250916T024141,2025,5000,5000,82.07188228727237,False,False,False,False
ctx_51RUQ_000835,51RUQ_20250916T024141,2025,100,100,195.76821057862014,False,False,False,False
ctx_51RUQ_000835,51RUQ_20250916T024141,2025,500,500,58.62524755431558,False,False,False,False
ctx_51RUQ_000835,51RUQ_20250916T024141,2025,1000,1000,58.62524755431558,False,False,False,False
ctx_51RUQ_000835,51RUQ_20250916T024141,2025,5000,5000,25.999538719323667,False,False,False,False
ctx_51RUQ_000842,51RUQ_20250916T024141,2025,100,100,267.3051743472892,False,False,False,False
ctx_51RUQ_000842,51RUQ_20250916T024141,2025,500,500,156.7436585123836,False,False,False,False
ctx_51RUQ_000842,51RUQ_20250916T024141,2025,1000,1000,101.76169584837857,False,False,False,False
ctx_51RUQ_000842,51RUQ_20250916T024141,2025,5000,5000,35.532718899847374,False,False,False,False
ctx_51RUQ_000843,51RUQ_20250916T024141,2025,100,100,379.39841432433565,False,False,False,False
ctx_51RUQ_000843,51RUQ_20250916T024141,2025,500,500,113.98532775471743,False,False,False,False
ctx_51RUQ_000843,51RUQ_20250916T024141,2025,1000,1000,47.201587767368565,False,False,False,False
ctx_51RUQ_000843,51RUQ_20250916T024141,2025,5000,5000,29.715134144429353,False,False,False,False
ctx_51RUQ_000844,51RUQ_20250916T024141,2025,100,100,187.8660107968224,False,False,False,False
ctx_51RUQ_000844,51RUQ_20250916T024141,2025,500,500,187.8660107968224,False,False,False,False
ctx_51RUQ_000844,51RUQ_20250916T024141,2025,1000,1000,2.7579289999398497,False,True,True,True
ctx_51RUQ_000844,51RUQ_20250916T024141,2025,5000,5000,2.7579289999398497,False,True,True,True
ctx_51RUQ_000846,51RUQ_20250916T024141,2025,100,100,333.60155249083897,False,False,False,False
ctx_51RUQ_000846,51RUQ_20250916T024141,2025,500,500,46.634367782695136,False,False,False,False
ctx_51RUQ_000846,51RUQ_20250916T024141,2025,1000,1000,34.5437138604797,False,False,False,False
ctx_51RUQ_000846,51RUQ_20250916T024141,2025,5000,5000,34.5437138604797,False,False,False,False
ctx_51RUQ_000848,51RUQ_20250916T024141,2025,100,100,74.80063454789587,False,False,False,False
ctx_51RUQ_000848,51RUQ_20250916T024141,2025,500,500,26.435839481384104,False,False,False,False
ctx_51RUQ_000848,51RUQ_20250916T024141,2025,1000,1000,26.435839481384104,False,False,False,False
ctx_51RUQ_000848,51RUQ_20250916T024141,2025,5000,5000,18.330926144059244,False,False,False,False
ctx_51RUQ_000858,51RUQ_20250916T024141,2025,100,100,362.9301142299396,False,False,False,False
ctx_51RUQ_000858,51RUQ_20250916T024141,2025,500,500,137.38359803658543,False,False,False,False
ctx_51RUQ_000858,51RUQ_20250916T024141,2025,1000,1000,134.01467094423123,False,False,False,False
ctx_51RUQ_000858,51RUQ_20250916T024141,2025,5000,5000,66.64681838314101,False,False,False,False
ctx_51RUQ_000861,51RUQ_20250916T024141,2025,100,100,406.9813021123768,False,False,False,False
ctx_51RUQ_000861,51RUQ_20250916T024141,2025,500,500,136.28825792488567,False,False,False,False
ctx_51RUQ_000861,51RUQ_20250916T024141,2025,1000,1000,136.28825792488567,False,False,False,False
ctx_51RUQ_000861,51RUQ_20250916T024141,2025,5000,5000,82.41195449182837,False,False,False,False
ctx_51RUQ_000862,51RUQ_20250916T024141,2025,100,100,442.8634255061285,False,False,False,False
ctx_51RUQ_000862,51RUQ_20250916T024141,2025,500,500,117.40024901261322,False,False,False,False
ctx_51RUQ_000862,51RUQ_20250916T024141,2025,1000,1000,89.13083662533606,False,False,False,False
ctx_51RUQ_000862,51RUQ_20250916T024141,2025,5000,5000,57.38025202208867,False,False,False,False
ctx_51RUQ_000864,51RUQ_20250916T024141,2025,100,100,586.9895550510478,False,False,False,False
ctx_51RUQ_000864,51RUQ_20250916T024141,2025,500,500,101.8152070566483,False,False,False,False
ctx_51RUQ_000864,51RUQ_20250916T024141,2025,1000,1000,20.683531695824026,False,False,False,False
ctx_51RUQ_000864,51RUQ_20250916T024141,2025,5000,5000,1.2563256189372003,True,True,True,True
ctx_51RUQ_000867,51RUQ_20250916T024141,2025,100,100,200.8670765222732,False,False,False,False
ctx_51RUQ_000867,51RUQ_20250916T024141,2025,500,500,125.83386265691246,False,False,False,False
ctx_51RUQ_000867,51RUQ_20250916T024141,2025,1000,1000,69.28350400269818,False,False,False,False
ctx_51RUQ_000867,51RUQ_20250916T024141,2025,5000,5000,36.46936773107961,False,False,False,False
ctx_51RUQ_000870,51RUQ_20250916T024141,2025,100,100,52.51532728663809,False,False,False,False
ctx_51RUQ_000870,51RUQ_20250916T024141,2025,500,500,52.51532728663809,False,False,False,False
ctx_51RUQ_000870,51RUQ_20250916T024141,2025,1000,1000,49.47241035382273,False,False,False,False
ctx_51RUQ_000870,51RUQ_20250916T024141,2025,5000,5000,35.081334179036226,False,False,False,False
ctx_51RUQ_000871,51RUQ_20250916T024141,2025,100,100,315.2215529225565,False,False,False,False
ctx_51RUQ_000871,51RUQ_20250916T024141,2025,500,500,132.13216740115027,False,False,False,False
ctx_51RUQ_000871,51RUQ_20250916T024141,2025,1000,1000,132.13216740115027,False,False,False,False
ctx_51RUQ_000871,51RUQ_20250916T024141,2025,5000,5000,93.15025692134948,False,False,False,False
ctx_51RUQ_000873,51RUQ_20250916T024141,2025,100,100,595.1387967078668,False,False,False,False
ctx_51RUQ_000873,51RUQ_20250916T024141,2025,500,500,233.5245384884977,False,False,False,False
ctx_51RUQ_000873,51RUQ_20250916T024141,2025,1000,1000,65.5354247893494,False,False,False,False
ctx_51RUQ_000873,51RUQ_20250916T024141,2025,5000,5000,65.5354247893494,False,False,False,False
ctx_51RUQ_000874,51RUQ_20250916T024141,2025,100,100,182.95081683529088,False,False,False,False
ctx_51RUQ_000874,51RUQ_20250916T024141,2025,500,500,182.95081683529088,False,False,False,False
ctx_51RUQ_000874,51RUQ_20250916T024141,2025,1000,1000,61.07977937438599,False,False,False,False
ctx_51RUQ_000874,51RUQ_20250916T024141,2025,5000,5000,61.07977937438599,False,False,False,False
ctx_51RUQ_000875,51RUQ_20250916T024141,2025,100,100,372.26078471406925,False,False,False,False
ctx_51RUQ_000875,51RUQ_20250916T024141,2025,500,500,86.688957524279,False,False,False,False
ctx_51RUQ_000875,51RUQ_20250916T024141,2025,1000,1000,20.23757388651889,False,False,False,False
ctx_51RUQ_000875,51RUQ_20250916T024141,2025,5000,5000,3.8661909817086086,False,True,True,True
ctx_51RUQ_000880,51RUQ_20250916T024141,2025,100,100,444.44089376174884,False,False,False,False
ctx_51RUQ_000880,51RUQ_20250916T024141,2025,500,500,268.81712578901517,False,False,False,False
ctx_51RUQ_000880,51RUQ_20250916T024141,2025,1000,1000,151.81348564242958,False,False,False,False
ctx_51RUQ_000880,51RUQ_20250916T024141,2025,5000,5000,146.7275109779801,False,False,False,False
ctx_51RUQ_000882,51RUQ_20250916T024141,2025,100,100,207.25100110308915,False,False,False,False
ctx_51RUQ_000882,51RUQ_20250916T024141,2025,500,500,197.7854706481953,False,False,False,False
ctx_51RUQ_000882,51RUQ_20250916T024141,2025,1000,1000,74.16125874934107,False,False,False,False
ctx_51RUQ_000882,51RUQ_20250916T024141,2025,5000,5000,25.030588374296652,False,False,False,False
ctx_51RUQ_000885,51RUQ_20250916T024141,2025,100,100,283.1371657999016,False,False,False,False
ctx_51RUQ_000885,51RUQ_20250916T024141,2025,500,500,36.70235445227644,False,False,False,False
ctx_51RUQ_000885,51RUQ_20250916T024141,2025,1000,1000,36.70235445227644,False,False,False,False
ctx_51RUQ_000885,51RUQ_20250916T024141,2025,5000,5000,20.68537680214685,False,False,False,False
ctx_51RUQ_000886,51RUQ_20250916T024141,2025,100,100,47.23442169863869,False,False,False,False
ctx_51RUQ_000886,51RUQ_20250916T024141,2025,500,500,47.23442169863869,False,False,False,False
ctx_51RUQ_000886,51RUQ_20250916T024141,2025,1000,1000,43.00764691638722,False,False,False,False
ctx_51RUQ_000886,51RUQ_20250916T024141,2025,5000,5000,0.7726527098318033,True,True,True,True
ctx_51RUQ_000889,51RUQ_20250916T024141,2025,100,100,390.89102453341457,False,False,False,False
ctx_51RUQ_000889,51RUQ_20250916T024141,2025,500,500,16.31595645699533,False,False,False,False
ctx_51RUQ_000889,51RUQ_20250916T024141,2025,1000,1000,16.31595645699533,False,False,False,False
ctx_51RUQ_000889,51RUQ_20250916T024141,2025,5000,5000,16.31595645699533,False,False,False,False
ctx_51RUQ_000890,51RUQ_20250916T024141,2025,100,100,408.93227540200854,False,False,False,False
ctx_51RUQ_000890,51RUQ_20250916T024141,2025,500,500,6.231688382385415,False,False,True,False
ctx_51RUQ_000890,51RUQ_20250916T024141,2025,1000,1000,6.231688382385415,False,False,True,False
ctx_51RUQ_000890,51RUQ_20250916T024141,2025,5000,5000,6.231688382385415,False,False,True,False
ctx_51RUQ_000892,51RUQ_20250916T024141,2025,100,100,252.9931226421666,False,False,False,False
ctx_51RUQ_000892,51RUQ_20250916T024141,2025,500,500,50.90136006647578,False,False,False,False
ctx_51RUQ_000892,51RUQ_20250916T024141,2025,1000,1000,50.90136006647578,False,False,False,False
ctx_51RUQ_000892,51RUQ_20250916T024141,2025,5000,5000,10.211199757764367,False,False,False,False
ctx_51RUQ_000894,51RUQ_20250916T024141,2025,100,100,188.037891855303,False,False,False,False
ctx_51RUQ_000894,51RUQ_20250916T024141,2025,500,500,123.38598132559811,False,False,False,False
ctx_51RUQ_000894,51RUQ_20250916T024141,2025,1000,1000,123.38598132559811,False,False,False,False
ctx_51RUQ_000894,51RUQ_20250916T024141,2025,5000,5000,73.41828762833359,False,False,False,False
ctx_51RUQ_000895,51RUQ_20250916T024141,2025,100,100,474.46044443541064,False,False,False,False
ctx_51RUQ_000895,51RUQ_20250916T024141,2025,500,500,105.785632596876,False,False,False,False
ctx_51RUQ_000895,51RUQ_20250916T024141,2025,1000,1000,83.95402469312646,False,False,False,False
ctx_51RUQ_000895,51RUQ_20250916T024141,2025,5000,5000,66.55893571506292,False,False,False,False
ctx_51RUQ_000897,51RUQ_20250916T024141,2025,100,100,404.7703100655877,False,False,False,False
ctx_51RUQ_000897,51RUQ_20250916T024141,2025,500,500,67.15887510785224,False,False,False,False
ctx_51RUQ_000897,51RUQ_20250916T024141,2025,1000,1000,13.192587453014253,False,False,False,False
ctx_51RUQ_000897,51RUQ_20250916T024141,2025,5000,5000,6.130104140223777,False,False,True,False
ctx_51RUQ_000900,51RUQ_20250916T024141,2025,100,100,265.0984242203173,False,False,False,False
ctx_51RUQ_000900,51RUQ_20250916T024141,2025,500,500,251.46170276774714,False,False,False,False
ctx_51RUQ_000900,51RUQ_20250916T024141,2025,1000,1000,91.21264828436162,False,False,False,False
ctx_51RUQ_000900,51RUQ_20250916T024141,2025,5000,5000,52.84529377085663,False,False,False,False
ctx_51RUQ_000901,51RUQ_20250916T024141,2025,100,100,400.54162063114904,False,False,False,False
ctx_51RUQ_000901,51RUQ_20250916T024141,2025,500,500,151.8042297352831,False,False,False,False
ctx_51RUQ_000901,51RUQ_20250916T024141,2025,1000,1000,151.8042297352831,False,False,False,False
ctx_51RUQ_000901,51RUQ_20250916T024141,2025,5000,5000,30.466553355747255,False,False,False,False
ctx_51RUQ_000902,51RUQ_20250916T024141,2025,100,100,135.91480097936034,False,False,False,False
ctx_51RUQ_000902,51RUQ_20250916T024141,2025,500,500,135.91480097936034,False,False,False,False
ctx_51RUQ_000902,51RUQ_20250916T024141,2025,1000,1000,110.7587862307509,False,False,False,False
ctx_51RUQ_000902,51RUQ_20250916T024141,2025,5000,5000,63.363873483014814,False,False,False,False
ctx_51RUQ_000905,51RUQ_20250916T024141,2025,100,100,390.2243936035711,False,False,False,False
ctx_51RUQ_000905,51RUQ_20250916T024141,2025,500,500,76.77942984650299,False,False,False,False
ctx_51RUQ_000905,51RUQ_20250916T024141,2025,1000,1000,76.77942984650299,False,False,False,False
ctx_51RUQ_000905,51RUQ_20250916T024141,2025,5000,5000,76.77942984650299,False,False,False,False
ctx_51RUQ_000906,51RUQ_20250916T024141,2025,100,100,508.7441738230644,False,False,False,False
ctx_51RUQ_000906,51RUQ_20250916T024141,2025,500,500,112.90168591094732,False,False,False,False
ctx_51RUQ_000906,51RUQ_20250916T024141,2025,1000,1000,112.90168591094732,False,False,False,False
ctx_51RUQ_000906,51RUQ_20250916T024141,2025,5000,5000,23.844057133480245,False,False,False,False
ctx_51RUQ_000908,51RUQ_20250916T024141,2025,100,100,353.4617352938004,False,False,False,False
ctx_51RUQ_000908,51RUQ_20250916T024141,2025,500,500,0.21976627915292682,True,True,True,True
ctx_51RUQ_000908,51RUQ_20250916T024141,2025,1000,1000,0.21976627915292682,True,True,True,True
ctx_51RUQ_000908,51RUQ_20250916T024141,2025,5000,5000,0.21976627915292682,True,True,True,True
ctx_51RUQ_000910,51RUQ_20250916T024141,2025,100,100,671.5536743848104,False,False,False,False
ctx_51RUQ_000910,51RUQ_20250916T024141,2025,500,500,48.25010121528265,False,False,False,False
ctx_51RUQ_000910,51RUQ_20250916T024141,2025,1000,1000,48.25010121528265,False,False,False,False
ctx_51RUQ_000910,51RUQ_20250916T024141,2025,5000,5000,4.535456574508465,False,True,True,True
ctx_51RUQ_000912,51RUQ_20250916T024141,2025,100,100,264.01918924179466,False,False,False,False
ctx_51RUQ_000912,51RUQ_20250916T024141,2025,500,500,51.80500681665037,False,False,False,False
ctx_51RUQ_000912,51RUQ_20250916T024141,2025,1000,1000,51.80500681665037,False,False,False,False
ctx_51RUQ_000912,51RUQ_20250916T024141,2025,5000,5000,51.80500681665037,False,False,False,False
ctx_51RUQ_000913,51RUQ_20250916T024141,2025,100,100,432.3755467536805,False,False,False,False
ctx_51RUQ_000913,51RUQ_20250916T024141,2025,500,500,60.8815261858055,False,False,False,False
ctx_51RUQ_000913,51RUQ_20250916T024141,2025,1000,1000,60.8815261858055,False,False,False,False
ctx_51RUQ_000913,51RUQ_20250916T024141,2025,5000,5000,0.8372835756760342,True,True,True,True
ctx_51RUQ_000915,51RUQ_20250916T024141,2025,100,100,298.04740698114426,False,False,False,False
ctx_51RUQ_000915,51RUQ_20250916T024141,2025,500,500,171.21979725343078,False,False,False,False
ctx_51RUQ_000915,51RUQ_20250916T024141,2025,1000,1000,167.33515762619334,False,False,False,False
ctx_51RUQ_000915,51RUQ_20250916T024141,2025,5000,5000,57.524948240490254,False,False,False,False
ctx_51RUQ_000917,51RUQ_20250916T024141,2025,100,100,61.07651781099213,False,False,False,False
ctx_51RUQ_000917,51RUQ_20250916T024141,2025,500,500,61.07651781099213,False,False,False,False
ctx_51RUQ_000917,51RUQ_20250916T024141,2025,1000,1000,61.07651781099213,False,False,False,False
ctx_51RUQ_000917,51RUQ_20250916T024141,2025,5000,5000,49.51195531558872,False,False,False,False
ctx_51RUQ_000918,51RUQ_20250916T024141,2025,100,100,355.2745711006302,False,False,False,False
ctx_51RUQ_000918,51RUQ_20250916T024141,2025,500,500,90.24135601035117,False,False,False,False
ctx_51RUQ_000918,51RUQ_20250916T024141,2025,1000,1000,90.24135601035117,False,False,False,False
ctx_51RUQ_000918,51RUQ_20250916T024141,2025,5000,5000,29.11032499096149,False,False,False,False
ctx_51RUQ_000919,51RUQ_20250916T024141,2025,100,100,389.57903081463434,False,False,False,False
ctx_51RUQ_000919,51RUQ_20250916T024141,2025,500,500,212.8772951798259,False,False,False,False
ctx_51RUQ_000919,51RUQ_20250916T024141,2025,1000,1000,212.8772951798259,False,False,False,False
ctx_51RUQ_000919,51RUQ_20250916T024141,2025,5000,5000,54.71996028396621,False,False,False,False
ctx_51RUQ_000921,51RUQ_20250916T024141,2025,100,100,373.5672309088547,False,False,False,False
ctx_51RUQ_000921,51RUQ_20250916T024141,2025,500,500,72.01278397323703,False,False,False,False
ctx_51RUQ_000921,51RUQ_20250916T024141,2025,1000,1000,68.322538255171,False,False,False,False
ctx_51RUQ_000921,51RUQ_20250916T024141,2025,5000,5000,24.36305582782933,False,False,False,False
ctx_51RUQ_000922,51RUQ_20250916T024141,2025,100,100,590.765651798882,False,False,False,False
ctx_51RUQ_000922,51RUQ_20250916T024141,2025,500,500,175.5637947703722,False,False,False,False
ctx_51RUQ_000922,51RUQ_20250916T024141,2025,1000,1000,40.42769323575396,False,False,False,False
ctx_51RUQ_000922,51RUQ_20250916T024141,2025,5000,5000,40.42769323575396,False,False,False,False
ctx_51RUQ_000928,51RUQ_20250916T024141,2025,100,100,582.5812581668531,False,False,False,False
ctx_51RUQ_000928,51RUQ_20250916T024141,2025,500,500,344.9022836585363,False,False,False,False
ctx_51RUQ_000928,51RUQ_20250916T024141,2025,1000,1000,106.63213816675601,False,False,False,False
ctx_51RUQ_000928,51RUQ_20250916T024141,2025,5000,5000,35.55356380918049,False,False,False,False
ctx_51RUQ_000929,51RUQ_20250916T024141,2025,100,100,484.3956076480921,False,False,False,False
ctx_51RUQ_000929,51RUQ_20250916T024141,2025,500,500,123.33233748796486,False,False,False,False
ctx_51RUQ_000929,51RUQ_20250916T024141,2025,1000,1000,112.35175326694407,False,False,False,False
ctx_51RUQ_000929,51RUQ_20250916T024141,2025,5000,5000,68.96965466661472,False,False,False,False
ctx_51RUQ_000930,51RUQ_20250916T024141,2025,100,100,364.94336367674003,False,False,False,False
ctx_51RUQ_000930,51RUQ_20250916T024141,2025,500,500,249.9084457768691,False,False,False,False
ctx_51RUQ_000930,51RUQ_20250916T024141,2025,1000,1000,23.14797154476853,False,False,False,False
ctx_51RUQ_000930,51RUQ_20250916T024141,2025,5000,5000,23.14797154476853,False,False,False,False
ctx_51RUQ_000932,51RUQ_20250916T024141,2025,100,100,176.89061777324818,False,False,False,False
ctx_51RUQ_000932,51RUQ_20250916T024141,2025,500,500,176.89061777324818,False,False,False,False
ctx_51RUQ_000932,51RUQ_20250916T024141,2025,1000,1000,93.03552954145957,False,False,False,False
ctx_51RUQ_000932,51RUQ_20250916T024141,2025,5000,5000,40.890839073180814,False,False,False,False
ctx_51RUQ_000933,51RUQ_20250916T024141,2025,100,100,565.8155525919142,False,False,False,False
ctx_51RUQ_000933,51RUQ_20250916T024141,2025,500,500,89.28201840756292,False,False,False,False
ctx_51RUQ_000933,51RUQ_20250916T024141,2025,1000,1000,84.59602603174264,False,False,False,False
ctx_51RUQ_000933,51RUQ_20250916T024141,2025,5000,5000,65.01838081943131,False,False,False,False
ctx_51RUQ_000934,51RUQ_20250916T024141,2025,100,100,370.16130057867696,False,False,False,False
ctx_51RUQ_000934,51RUQ_20250916T024141,2025,500,500,203.75436345894195,False,False,False,False
ctx_51RUQ_000934,51RUQ_20250916T024141,2025,1000,1000,203.75436345894195,False,False,False,False
ctx_51RUQ_000934,51RUQ_20250916T024141,2025,5000,5000,78.04616207533391,False,False,False,False
ctx_51RUQ_000939,51RUQ_20250916T024141,2025,100,100,287.0330487907912,False,False,False,False
ctx_51RUQ_000939,51RUQ_20250916T024141,2025,500,500,44.311806047500966,False,False,False,False
ctx_51RUQ_000939,51RUQ_20250916T024141,2025,1000,1000,44.311806047500966,False,False,False,False
ctx_51RUQ_000939,51RUQ_20250916T024141,2025,5000,5000,12.040890109414944,False,False,False,False
ctx_51RUQ_000940,51RUQ_20250916T024141,2025,100,100,483.87759334195545,False,False,False,False
ctx_51RUQ_000940,51RUQ_20250916T024141,2025,500,500,33.576134359242545,False,False,False,False
ctx_51RUQ_000940,51RUQ_20250916T024141,2025,1000,1000,33.576134359242545,False,False,False,False
ctx_51RUQ_000940,51RUQ_20250916T024141,2025,5000,5000,6.84112107133801,False,False,True,False
ctx_51RUQ_000942,51RUQ_20250916T024141,2025,100,100,253.08877751159767,False,False,False,False
ctx_51RUQ_000942,51RUQ_20250916T024141,2025,500,500,79.3198511231277,False,False,False,False
ctx_51RUQ_000942,51RUQ_20250916T024141,2025,1000,1000,79.3198511231277,False,False,False,False
ctx_51RUQ_000942,51RUQ_20250916T024141,2025,5000,5000,66.92256787441286,False,False,False,False
ctx_51RUQ_000943,51RUQ_20250916T024141,2025,100,100,405.4445956135294,False,False,False,False
ctx_51RUQ_000943,51RUQ_20250916T024141,2025,500,500,124.626328157492,False,False,False,False
ctx_51RUQ_000943,51RUQ_20250916T024141,2025,1000,1000,109.08745366210698,False,False,False,False
ctx_51RUQ_000943,51RUQ_20250916T024141,2025,5000,5000,64.46482605108994,False,False,False,False
ctx_51RUQ_000946,51RUQ_20250916T024141,2025,100,100,41.06975783257755,False,False,False,False
ctx_51RUQ_000946,51RUQ_20250916T024141,2025,500,500,41.06975783257755,False,False,False,False
ctx_51RUQ_000946,51RUQ_20250916T024141,2025,1000,1000,41.06975783257755,False,False,False,False
ctx_51RUQ_000946,51RUQ_20250916T024141,2025,5000,5000,37.97900897124296,False,False,False,False
ctx_51RUQ_000951,51RUQ_20250916T024141,2025,100,100,182.12569081466012,False,False,False,False
ctx_51RUQ_000951,51RUQ_20250916T024141,2025,500,500,112.16388975437972,False,False,False,False
ctx_51RUQ_000951,51RUQ_20250916T024141,2025,1000,1000,2.1053090146376108,False,True,True,True
ctx_51RUQ_000951,51RUQ_20250916T024141,2025,5000,5000,2.1053090146376108,False,True,True,True
ctx_51RUQ_000952,51RUQ_20250916T024141,2025,100,100,86.77681393423583,False,False,False,False
ctx_51RUQ_000952,51RUQ_20250916T024141,2025,500,500,86.77681393423583,False,False,False,False
ctx_51RUQ_000952,51RUQ_20250916T024141,2025,1000,1000,62.68252627471968,False,False,False,False
ctx_51RUQ_000952,51RUQ_20250916T024141,2025,5000,5000,45.93805526698174,False,False,False,False
ctx_51RUQ_000954,51RUQ_20250916T024141,2025,100,100,537.698205495296,False,False,False,False
ctx_51RUQ_000954,51RUQ_20250916T024141,2025,500,500,95.27772696191559,False,False,False,False
ctx_51RUQ_000954,51RUQ_20250916T024141,2025,1000,1000,95.27772696191559,False,False,False,False
ctx_51RUQ_000954,51RUQ_20250916T024141,2025,5000,5000,53.93460511288918,False,False,False,False
ctx_51RUQ_000956,51RUQ_20250916T024141,2025,100,100,277.79180834692085,False,False,False,False
ctx_51RUQ_000956,51RUQ_20250916T024141,2025,500,500,108.4777700688571,False,False,False,False
ctx_51RUQ_000956,51RUQ_20250916T024141,2025,1000,1000,108.4777700688571,False,False,False,False
ctx_51RUQ_000956,51RUQ_20250916T024141,2025,5000,5000,27.655582931423158,False,False,False,False
ctx_51RUQ_000958,51RUQ_20250916T024141,2025,100,100,461.03010164386427,False,False,False,False
ctx_51RUQ_000958,51RUQ_20250916T024141,2025,500,500,193.39319731504366,False,False,False,False
ctx_51RUQ_000958,51RUQ_20250916T024141,2025,1000,1000,36.871946592154515,False,False,False,False
ctx_51RUQ_000958,51RUQ_20250916T024141,2025,5000,5000,36.871946592154515,False,False,False,False
ctx_51RVQ_000016,51RVQ_20251122T023141,2025,100,100,24.03320429925743,False,False,False,False
ctx_51RVQ_000016,51RVQ_20251122T023141,2025,500,390,24.03320429925743,False,False,False,False
ctx_51RVQ_000016,51RVQ_20251122T023141,2025,1000,390,24.03320429925743,False,False,False,False
ctx_51RVQ_000016,51RVQ_20251122T023141,2025,5000,390,24.03320429925743,False,False,False,False
ctx_51RVQ_000081,51RVQ_20251122T023141,2025,100,100,708.1468093299692,False,False,False,False
ctx_51RVQ_000081,51RVQ_20251122T023141,2025,500,390,708.1468093299692,False,False,False,False
ctx_51RVQ_000081,51RVQ_20251122T023141,2025,1000,390,708.1468093299692,False,False,False,False
ctx_51RVQ_000081,51RVQ_20251122T023141,2025,5000,390,708.1468093299692,False,False,False,False
ctx_51RVQ_000104,51RVQ_20251122T023141,2025,100,100,1.8808379457937205,True,True,True,True
ctx_51RVQ_000104,51RVQ_20251122T023141,2025,500,390,1.8808379457937205,True,True,True,True
ctx_51RVQ_000104,51RVQ_20251122T023141,2025,1000,390,1.8808379457937205,True,True,True,True
ctx_51RVQ_000104,51RVQ_20251122T023141,2025,5000,390,1.8808379457937205,True,True,True,True
ctx_51RVQ_000135,51RVQ_20251122T023141,2025,100,100,175.15519279802493,False,False,False,False
ctx_51RVQ_000135,51RVQ_20251122T023141,2025,500,390,103.6476125376839,False,False,False,False
ctx_51RVQ_000135,51RVQ_20251122T023141,2025,1000,390,103.6476125376839,False,False,False,False
ctx_51RVQ_000135,51RVQ_20251122T023141,2025,5000,390,103.6476125376839,False,False,False,False
ctx_51RVQ_000167,51RVQ_20251122T023141,2025,100,100,740.1876221390752,False,False,False,False
ctx_51RVQ_000167,51RVQ_20251122T023141,2025,500,390,740.1876221390752,False,False,False,False
ctx_51RVQ_000167,51RVQ_20251122T023141,2025,1000,390,740.1876221390752,False,False,False,False
ctx_51RVQ_000167,51RVQ_20251122T023141,2025,5000,390,740.1876221390752,False,False,False,False
ctx_51RVQ_000170,51RVQ_20251122T023141,2025,100,100,632.4369536495539,False,False,False,False
ctx_51RVQ_000170,51RVQ_20251122T023141,2025,500,390,632.4369536495539,False,False,False,False
ctx_51RVQ_000170,51RVQ_20251122T023141,2025,1000,390,632.4369536495539,False,False,False,False
ctx_51RVQ_000170,51RVQ_20251122T023141,2025,5000,390,632.4369536495539,False,False,False,False
ctx_51RVQ_000182,51RVQ_20251122T023141,2025,100,100,3.9151946376989994,False,True,True,True
ctx_51RVQ_000182,51RVQ_20251122T023141,2025,500,390,3.9151946376989994,False,True,True,True
ctx_51RVQ_000182,51RVQ_20251122T023141,2025,1000,390,3.9151946376989994,False,True,True,True
ctx_51RVQ_000182,51RVQ_20251122T023141,2025,5000,390,3.9151946376989994,False,True,True,True
ctx_51RVQ_000196,51RVQ_20251122T023141,2025,100,100,0.6169480303670084,True,True,True,True
ctx_51RVQ_000196,51RVQ_20251122T023141,2025,500,390,0.6169480303670084,True,True,True,True
ctx_51RVQ_000196,51RVQ_20251122T023141,2025,1000,390,0.6169480303670084,True,True,True,True
ctx_51RVQ_000196,51RVQ_20251122T023141,2025,5000,390,0.6169480303670084,True,True,True,True
ctx_51RVQ_000200,51RVQ_20251122T023141,2025,100,100,649.9897157988254,False,False,False,False
ctx_51RVQ_000200,51RVQ_20251122T023141,2025,500,390,649.9897157988254,False,False,False,False
ctx_51RVQ_000200,51RVQ_20251122T023141,2025,1000,390,649.9897157988254,False,False,False,False
ctx_51RVQ_000200,51RVQ_20251122T023141,2025,5000,390,649.9897157988254,False,False,False,False
ctx_51RVQ_000214,51RVQ_20251122T023141,2025,100,100,559.1610148954123,False,False,False,False
ctx_51RVQ_000214,51RVQ_20251122T023141,2025,500,390,559.1610148954123,False,False,False,False
ctx_51RVQ_000214,51RVQ_20251122T023141,2025,1000,390,559.1610148954123,False,False,False,False
ctx_51RVQ_000214,51RVQ_20251122T023141,2025,5000,390,559.1610148954123,False,False,False,False
ctx_51RVQ_000016,51RVQ_20260213T022719,2026,100,100,0.3638461799547468,True,True,True,True
ctx_51RVQ_000016,51RVQ_20260213T022719,2026,500,481,0.3638461799547468,True,True,True,True
ctx_51RVQ_000016,51RVQ_20260213T022719,2026,1000,481,0.3638461799547468,True,True,True,True
ctx_51RVQ_000016,51RVQ_20260213T022719,2026,5000,481,0.3638461799547468,True,True,True,True
ctx_51RVQ_000064,51RVQ_20260213T022719,2026,100,100,0.29351271441337035,True,True,True,True
ctx_51RVQ_000064,51RVQ_20260213T022719,2026,500,481,0.29351271441337035,True,True,True,True
ctx_51RVQ_000064,51RVQ_20260213T022719,2026,1000,481,0.29351271441337035,True,True,True,True
ctx_51RVQ_000064,51RVQ_20260213T022719,2026,5000,481,0.29351271441337035,True,True,True,True
ctx_51RVQ_000104,51RVQ_20260213T022719,2026,100,100,21.911847991986736,False,False,False,False
ctx_51RVQ_000104,51RVQ_20260213T022719,2026,500,481,15.236989353268218,False,False,False,False
ctx_51RVQ_000104,51RVQ_20260213T022719,2026,1000,481,15.236989353268218,False,False,False,False
ctx_51RVQ_000104,51RVQ_20260213T022719,2026,5000,481,15.236989353268218,False,False,False,False
ctx_51RVQ_000135,51RVQ_20260213T022719,2026,100,100,1.1287051793716738,True,True,True,True
ctx_51RVQ_000135,51RVQ_20260213T022719,2026,500,481,1.1287051793716738,True,True,True,True
ctx_51RVQ_000135,51RVQ_20260213T022719,2026,1000,481,1.1287051793716738,True,True,True,True
ctx_51RVQ_000135,51RVQ_20260213T022719,2026,5000,481,1.1287051793716738,True,True,True,True
ctx_51RVQ_000139,51RVQ_20260213T022719,2026,100,100,711.2115188653625,False,False,False,False
ctx_51RVQ_000139,51RVQ_20260213T022719,2026,500,481,711.2115188653625,False,False,False,False
ctx_51RVQ_000139,51RVQ_20260213T022719,2026,1000,481,711.2115188653625,False,False,False,False
ctx_51RVQ_000139,51RVQ_20260213T022719,2026,5000,481,711.2115188653625,False,False,False,False
ctx_51RVQ_000182,51RVQ_20260213T022719,2026,100,100,1.6760086210221314,True,True,True,True
ctx_51RVQ_000182,51RVQ_20260213T022719,2026,500,481,1.6760086210221314,True,True,True,True
ctx_51RVQ_000182,51RVQ_20260213T022719,2026,1000,481,1.6760086210221314,True,True,True,True
ctx_51RVQ_000182,51RVQ_20260213T022719,2026,5000,481,1.6760086210221314,True,True,True,True
ctx_51RVQ_000196,51RVQ_20260213T022719,2026,100,100,2.311165427970734,False,True,True,True
ctx_51RVQ_000196,51RVQ_20260213T022719,2026,500,481,2.311165427970734,False,True,True,True
ctx_51RVQ_000196,51RVQ_20260213T022719,2026,1000,481,2.311165427970734,False,True,True,True
ctx_51RVQ_000196,51RVQ_20260213T022719,2026,5000,481,2.311165427970734,False,True,True,True
ctx_51SUR_000020,51SUR_20251218T024029,2025,100,100,217.71942778475514,False,False,False,False
ctx_51SUR_000020,51SUR_20251218T024029,2025,500,500,26.048736124690304,False,False,False,False
ctx_51SUR_000020,51SUR_20251218T024029,2025,1000,1000,26.048736124690304,False,False,False,False
ctx_51SUR_000020,51SUR_20251218T024029,2025,5000,2342,1.2765708893729177,True,True,True,True
ctx_51SUR_000021,51SUR_20251218T024029,2025,100,100,62.5279794505864,False,False,False,False
ctx_51SUR_000021,51SUR_20251218T024029,2025,500,500,62.5279794505864,False,False,False,False
ctx_51SUR_000021,51SUR_20251218T024029,2025,1000,1000,62.5279794505864,False,False,False,False
ctx_51SUR_000021,51SUR_20251218T024029,2025,5000,2342,62.5279794505864,False,False,False,False
ctx_51SUR_000022,51SUR_20251218T024029,2025,100,100,104.5888474836076,False,False,False,False
ctx_51SUR_000022,51SUR_20251218T024029,2025,500,500,104.5888474836076,False,False,False,False
ctx_51SUR_000022,51SUR_20251218T024029,2025,1000,1000,104.5888474836076,False,False,False,False
ctx_51SUR_000022,51SUR_20251218T024029,2025,5000,2342,2.067808611668517,False,True,True,True
ctx_51SUR_000024,51SUR_20251218T024029,2025,100,100,136.44984587659388,False,False,False,False
ctx_51SUR_000024,51SUR_20251218T024029,2025,500,500,116.60987967458914,False,False,False,False
ctx_51SUR_000024,51SUR_20251218T024029,2025,1000,1000,116.60987967458914,False,False,False,False
ctx_51SUR_000024,51SUR_20251218T024029,2025,5000,2342,2.6835465555776747,False,True,True,True
ctx_51SUR_000025,51SUR_20251218T024029,2025,100,100,546.5241676842767,False,False,False,False
ctx_51SUR_000025,51SUR_20251218T024029,2025,500,500,535.1395161199338,False,False,False,False
ctx_51SUR_000025,51SUR_20251218T024029,2025,1000,1000,535.1395161199338,False,False,False,False
ctx_51SUR_000025,51SUR_20251218T024029,2025,5000,2342,535.1395161199338,False,False,False,False
ctx_51SUR_000046,51SUR_20251218T024029,2025,100,100,62.81222926144694,False,False,False,False
ctx_51SUR_000046,51SUR_20251218T024029,2025,500,500,62.81222926144694,False,False,False,False
ctx_51SUR_000046,51SUR_20251218T024029,2025,1000,1000,29.22251229611647,False,False,False,False
ctx_51SUR_000046,51SUR_20251218T024029,2025,5000,2342,29.22251229611647,False,False,False,False
ctx_51SUR_000047,51SUR_20251218T024029,2025,100,100,0.27027727091737325,True,True,True,True
ctx_51SUR_000047,51SUR_20251218T024029,2025,500,500,0.27027727091737325,True,True,True,True
ctx_51SUR_000047,51SUR_20251218T024029,2025,1000,1000,0.27027727091737325,True,True,True,True
ctx_51SUR_000047,51SUR_20251218T024029,2025,5000,2342,0.27027727091737325,True,True,True,True
ctx_51SUR_000049,51SUR_20251218T024029,2025,100,100,134.79080674091057,False,False,False,False
ctx_51SUR_000049,51SUR_20251218T024029,2025,500,500,52.20466182596799,False,False,False,False
ctx_51SUR_000049,51SUR_20251218T024029,2025,1000,1000,52.20466182596799,False,False,False,False
ctx_51SUR_000049,51SUR_20251218T024029,2025,5000,2342,27.00872600701234,False,False,False,False
ctx_51SUR_000050,51SUR_20251218T024029,2025,100,100,129.7582066054219,False,False,False,False
ctx_51SUR_000050,51SUR_20251218T024029,2025,500,500,66.22151742539073,False,False,False,False
ctx_51SUR_000050,51SUR_20251218T024029,2025,1000,1000,66.22151742539073,False,False,False,False
ctx_51SUR_000050,51SUR_20251218T024029,2025,5000,2342,23.713477349268206,False,False,False,False
ctx_51SUR_000067,51SUR_20251218T024029,2025,100,100,182.07245184344913,False,False,False,False
ctx_51SUR_000067,51SUR_20251218T024029,2025,500,500,141.93588793128632,False,False,False,False
ctx_51SUR_000067,51SUR_20251218T024029,2025,1000,1000,88.65705685824304,False,False,False,False
ctx_51SUR_000067,51SUR_20251218T024029,2025,5000,2342,19.41676816958983,False,False,False,False
ctx_51SUR_000068,51SUR_20251218T024029,2025,100,100,22.02952714266208,False,False,False,False
ctx_51SUR_000068,51SUR_20251218T024029,2025,500,500,22.02952714266208,False,False,False,False
ctx_51SUR_000068,51SUR_20251218T024029,2025,1000,1000,22.02952714266208,False,False,False,False
ctx_51SUR_000068,51SUR_20251218T024029,2025,5000,2342,0.26089361976093733,True,True,True,True
ctx_51SUR_000069,51SUR_20251218T024029,2025,100,100,220.0884013914468,False,False,False,False
ctx_51SUR_000069,51SUR_20251218T024029,2025,500,500,111.18897503627564,False,False,False,False
ctx_51SUR_000069,51SUR_20251218T024029,2025,1000,1000,16.248290344412936,False,False,False,False
ctx_51SUR_000069,51SUR_20251218T024029,2025,5000,2342,16.248290344412936,False,False,False,False
ctx_51SUR_000070,51SUR_20251218T024029,2025,100,100,249.45596698893814,False,False,False,False
ctx_51SUR_000070,51SUR_20251218T024029,2025,500,500,1.1912122173152908,True,True,True,True
ctx_51SUR_000070,51SUR_20251218T024029,2025,1000,1000,1.1912122173152908,True,True,True,True
ctx_51SUR_000070,51SUR_20251218T024029,2025,5000,2342,1.1912122173152908,True,True,True,True
ctx_51SUR_000071,51SUR_20251218T024029,2025,100,100,175.1155159578938,False,False,False,False
ctx_51SUR_000071,51SUR_20251218T024029,2025,500,500,46.82707586131378,False,False,False,False
ctx_51SUR_000071,51SUR_20251218T024029,2025,1000,1000,10.078850179121337,False,False,False,False
ctx_51SUR_000071,51SUR_20251218T024029,2025,5000,2342,10.078850179121337,False,False,False,False
ctx_51SUR_000087,51SUR_20251218T024029,2025,100,100,152.2463467712599,False,False,False,False
ctx_51SUR_000087,51SUR_20251218T024029,2025,500,500,96.44590224401189,False,False,False,False
ctx_51SUR_000087,51SUR_20251218T024029,2025,1000,1000,73.27374861990329,False,False,False,False
ctx_51SUR_000087,51SUR_20251218T024029,2025,5000,2342,14.059935876648742,False,False,False,False
ctx_51SUR_000088,51SUR_20251218T024029,2025,100,100,26.23704204351425,False,False,False,False
ctx_51SUR_000088,51SUR_20251218T024029,2025,500,500,26.23704204351425,False,False,False,False
ctx_51SUR_000088,51SUR_20251218T024029,2025,1000,1000,17.060678961632878,False,False,False,False
ctx_51SUR_000088,51SUR_20251218T024029,2025,5000,2342,3.7694989404967516,False,True,True,True
ctx_51SUR_000089,51SUR_20251218T024029,2025,100,100,53.93720727046771,False,False,False,False
ctx_51SUR_000089,51SUR_20251218T024029,2025,500,500,47.983674576949575,False,False,False,False
ctx_51SUR_000089,51SUR_20251218T024029,2025,1000,1000,47.983674576949575,False,False,False,False
ctx_51SUR_000089,51SUR_20251218T024029,2025,5000,2342,47.983674576949575,False,False,False,False
ctx_51SUR_000090,51SUR_20251218T024029,2025,100,100,535.466838018607,False,False,False,False
ctx_51SUR_000090,51SUR_20251218T024029,2025,500,500,514.1919680257404,False,False,False,False
ctx_51SUR_000090,51SUR_20251218T024029,2025,1000,1000,514.1919680257404,False,False,False,False
ctx_51SUR_000090,51SUR_20251218T024029,2025,5000,2342,514.1919680257404,False,False,False,False
ctx_51SUR_000091,51SUR_20251218T024029,2025,100,100,214.93249312013475,False,False,False,False
ctx_51SUR_000091,51SUR_20251218T024029,2025,500,500,1.239761296135579,True,True,True,True
ctx_51SUR_000091,51SUR_20251218T024029,2025,1000,1000,1.239761296135579,True,True,True,True
ctx_51SUR_000091,51SUR_20251218T024029,2025,5000,2342,1.239761296135579,True,True,True,True
ctx_51SUR_000092,51SUR_20251218T024029,2025,100,100,196.58197550406115,False,False,False,False
ctx_51SUR_000092,51SUR_20251218T024029,2025,500,500,61.48026886569008,False,False,False,False
ctx_51SUR_000092,51SUR_20251218T024029,2025,1000,1000,28.49621655510431,False,False,False,False
ctx_51SUR_000092,51SUR_20251218T024029,2025,5000,2342,28.49621655510431,False,False,False,False
ctx_51SUR_000107,51SUR_20251218T024029,2025,100,100,43.09356081255957,False,False,False,False
ctx_51SUR_000107,51SUR_20251218T024029,2025,500,500,25.306386305509964,False,False,False,False
ctx_51SUR_000107,51SUR_20251218T024029,2025,1000,1000,12.849895300606846,False,False,False,False
ctx_51SUR_000107,51SUR_20251218T024029,2025,5000,2342,0.24839033156614732,True,True,True,True
ctx_51SUR_000108,51SUR_20251218T024029,2025,100,100,1.2661064076071822,True,True,True,True
ctx_51SUR_000108,51SUR_20251218T024029,2025,500,500,1.2661064076071822,True,True,True,True
ctx_51SUR_000108,51SUR_20251218T024029,2025,1000,1000,1.2661064076071822,True,True,True,True
ctx_51SUR_000108,51SUR_20251218T024029,2025,5000,2342,1.2661064076071822,True,True,True,True
ctx_51SUR_000109,51SUR_20251218T024029,2025,100,100,248.3810601237445,False,False,False,False
ctx_51SUR_000109,51SUR_20251218T024029,2025,500,500,195.72270939089506,False,False,False,False
ctx_51SUR_000109,51SUR_20251218T024029,2025,1000,1000,131.186922073356,False,False,False,False
ctx_51SUR_000109,51SUR_20251218T024029,2025,5000,2342,120.79094007944889,False,False,False,False
ctx_51SUR_000111,51SUR_20251218T024029,2025,100,100,179.93453740926063,False,False,False,False
ctx_51SUR_000111,51SUR_20251218T024029,2025,500,500,135.97616479558752,False,False,False,False
ctx_51SUR_000111,51SUR_20251218T024029,2025,1000,1000,135.97616479558752,False,False,False,False
ctx_51SUR_000111,51SUR_20251218T024029,2025,5000,2342,135.97616479558752,False,False,False,False
ctx_51SUR_000125,51SUR_20251218T024029,2025,100,100,48.14200293355563,False,False,False,False
ctx_51SUR_000125,51SUR_20251218T024029,2025,500,500,30.437556044080974,False,False,False,False
ctx_51SUR_000125,51SUR_20251218T024029,2025,1000,1000,16.98036297183455,False,False,False,False
ctx_51SUR_000125,51SUR_20251218T024029,2025,5000,2342,16.98036297183455,False,False,False,False
ctx_51SUR_000126,51SUR_20251218T024029,2025,100,100,0.20441131586623487,True,True,True,True
ctx_51SUR_000126,51SUR_20251218T024029,2025,500,500,0.20441131586623487,True,True,True,True
ctx_51SUR_000126,51SUR_20251218T024029,2025,1000,1000,0.20441131586623487,True,True,True,True
ctx_51SUR_000126,51SUR_20251218T024029,2025,5000,2342,0.20441131586623487,True,True,True,True
ctx_51SUR_000127,51SUR_20251218T024029,2025,100,100,54.38525430326814,False,False,False,False
ctx_51SUR_000127,51SUR_20251218T024029,2025,500,500,32.672000800338935,False,False,False,False
ctx_51SUR_000127,51SUR_20251218T024029,2025,1000,1000,31.502451762194937,False,False,False,False
ctx_51SUR_000127,51SUR_20251218T024029,2025,5000,2342,22.88982915679143,False,False,False,False
ctx_51SUR_000128,51SUR_20251218T024029,2025,100,100,144.88587559772145,False,False,False,False
ctx_51SUR_000128,51SUR_20251218T024029,2025,500,500,27.18640015743896,False,False,False,False
ctx_51SUR_000128,51SUR_20251218T024029,2025,1000,1000,27.18640015743896,False,False,False,False
ctx_51SUR_000128,51SUR_20251218T024029,2025,5000,2342,27.18640015743896,False,False,False,False
ctx_51SUR_000141,51SUR_20251218T024029,2025,100,100,161.4309158738601,False,False,False,False
ctx_51SUR_000141,51SUR_20251218T024029,2025,500,500,142.9086285021957,False,False,False,False
ctx_51SUR_000141,51SUR_20251218T024029,2025,1000,1000,80.3301323868319,False,False,False,False
ctx_51SUR_000141,51SUR_20251218T024029,2025,5000,2342,6.809219611979854,False,False,True,False
ctx_51SUR_000142,51SUR_20251218T024029,2025,100,100,85.46219425096709,False,False,False,False
ctx_51SUR_000142,51SUR_20251218T024029,2025,500,500,0.690705346118766,True,True,True,True
ctx_51SUR_000142,51SUR_20251218T024029,2025,1000,1000,0.690705346118766,True,True,True,True
ctx_51SUR_000142,51SUR_20251218T024029,2025,5000,2342,0.690705346118766,True,True,True,True
ctx_51SUR_000143,51SUR_20251218T024029,2025,100,100,188.7320404794377,False,False,False,False
ctx_51SUR_000143,51SUR_20251218T024029,2025,500,500,150.41895553087124,False,False,False,False
ctx_51SUR_000143,51SUR_20251218T024029,2025,1000,1000,150.41895553087124,False,False,False,False
ctx_51SUR_000143,51SUR_20251218T024029,2025,5000,2342,150.41895553087124,False,False,False,False
ctx_51SUR_000157,51SUR_20251218T024029,2025,100,100,179.02530002322052,False,False,False,False
ctx_51SUR_000157,51SUR_20251218T024029,2025,500,500,74.07014612202497,False,False,False,False
ctx_51SUR_000157,51SUR_20251218T024029,2025,1000,1000,56.33117443037819,False,False,False,False
ctx_51SUR_000157,51SUR_20251218T024029,2025,5000,2342,7.064771265779786,False,False,True,False
ctx_51SUR_000158,51SUR_20251218T024029,2025,100,100,47.21444432010411,False,False,False,False
ctx_51SUR_000158,51SUR_20251218T024029,2025,500,500,14.91212871799853,False,False,False,False
ctx_51SUR_000158,51SUR_20251218T024029,2025,1000,1000,14.91212871799853,False,False,False,False
ctx_51SUR_000158,51SUR_20251218T024029,2025,5000,2342,0.2220349865540385,True,True,True,True
ctx_51SUR_000172,51SUR_20251218T024029,2025,100,100,170.9857042882231,False,False,False,False
ctx_51SUR_000172,51SUR_20251218T024029,2025,500,500,153.78907690830542,False,False,False,False
ctx_51SUR_000172,51SUR_20251218T024029,2025,1000,1000,99.36396867928305,False,False,False,False
ctx_51SUR_000172,51SUR_20251218T024029,2025,5000,2342,99.36396867928305,False,False,False,False
ctx_51SUR_000173,51SUR_20251218T024029,2025,100,100,229.43143016232904,False,False,False,False
ctx_51SUR_000173,51SUR_20251218T024029,2025,500,500,121.79687779926367,False,False,False,False
ctx_51SUR_000173,51SUR_20251218T024029,2025,1000,1000,9.765243863507031,False,False,True,False
ctx_51SUR_000173,51SUR_20251218T024029,2025,5000,2342,9.765243863507031,False,False,True,False
ctx_51SUR_000174,51SUR_20251218T024029,2025,100,100,170.86190218349756,False,False,False,False
ctx_51SUR_000174,51SUR_20251218T024029,2025,500,500,36.35902975430482,False,False,False,False
ctx_51SUR_000174,51SUR_20251218T024029,2025,1000,1000,36.35902975430482,False,False,False,False
ctx_51SUR_000174,51SUR_20251218T024029,2025,5000,2342,36.35902975430482,False,False,False,False
ctx_51SUR_000176,51SUR_20251218T024029,2025,100,100,70.31919982874784,False,False,False,False
ctx_51SUR_000176,51SUR_20251218T024029,2025,500,500,13.029256402790882,False,False,False,False
ctx_51SUR_000176,51SUR_20251218T024029,2025,1000,1000,6.325420805842476,False,False,True,False
ctx_51SUR_000176,51SUR_20251218T024029,2025,5000,2342,6.325420805842476,False,False,True,False
ctx_51SUR_000188,51SUR_20251218T024029,2025,100,100,140.94382339883464,False,False,False,False
ctx_51SUR_000188,51SUR_20251218T024029,2025,500,500,83.02913738316465,False,False,False,False
ctx_51SUR_000188,51SUR_20251218T024029,2025,1000,1000,83.02913738316465,False,False,False,False
ctx_51SUR_000188,51SUR_20251218T024029,2025,5000,2342,45.81234511861984,False,False,False,False
ctx_51SUR_000189,51SUR_20251218T024029,2025,100,100,64.92470570014231,False,False,False,False
ctx_51SUR_000189,51SUR_20251218T024029,2025,500,500,37.21361069664221,False,False,False,False
ctx_51SUR_000189,51SUR_20251218T024029,2025,1000,1000,32.00308181766354,False,False,False,False
ctx_51SUR_000189,51SUR_20251218T024029,2025,5000,2342,1.6644764870656492,True,True,True,True
ctx_51SUR_000190,51SUR_20251218T024029,2025,100,100,71.2975777368283,False,False,False,False
ctx_51SUR_000190,51SUR_20251218T024029,2025,500,500,1.989572084219094,True,True,True,True
ctx_51SUR_000190,51SUR_20251218T024029,2025,1000,1000,1.989572084219094,True,True,True,True
ctx_51SUR_000190,51SUR_20251218T024029,2025,5000,2342,1.989572084219094,True,True,True,True
ctx_51SUR_000201,51SUR_20251218T024029,2025,100,100,134.51441331318335,False,False,False,False
ctx_51SUR_000201,51SUR_20251218T024029,2025,500,500,48.089694869068495,False,False,False,False
ctx_51SUR_000201,51SUR_20251218T024029,2025,1000,1000,39.89539629141741,False,False,False,False
ctx_51SUR_000201,51SUR_20251218T024029,2025,5000,2342,0.27349630452349855,True,True,True,True
ctx_51SUR_000202,51SUR_20251218T024029,2025,100,100,35.836327551950326,False,False,False,False
ctx_51SUR_000202,51SUR_20251218T024029,2025,500,500,33.68627462607483,False,False,False,False
ctx_51SUR_000202,51SUR_20251218T024029,2025,1000,1000,0.7523419157277939,True,True,True,True
ctx_51SUR_000202,51SUR_20251218T024029,2025,5000,2342,0.7523419157277939,True,True,True,True
ctx_51SUR_000203,51SUR_20251218T024029,2025,100,100,87.96421325988722,False,False,False,False
ctx_51SUR_000203,51SUR_20251218T024029,2025,500,500,87.96421325988722,False,False,False,False
ctx_51SUR_000203,51SUR_20251218T024029,2025,1000,1000,37.45596917842092,False,False,False,False
ctx_51SUR_000203,51SUR_20251218T024029,2025,5000,2342,20.821061913916846,False,False,False,False
ctx_51SUR_000204,51SUR_20251218T024029,2025,100,100,513.1500037743035,False,False,False,False
ctx_51SUR_000204,51SUR_20251218T024029,2025,500,500,503.3966648158841,False,False,False,False
ctx_51SUR_000204,51SUR_20251218T024029,2025,1000,1000,503.3966648158841,False,False,False,False
ctx_51SUR_000204,51SUR_20251218T024029,2025,5000,2342,503.3966648158841,False,False,False,False
ctx_51SUR_000215,51SUR_20251218T024029,2025,100,100,165.17573048624135,False,False,False,False
ctx_51SUR_000215,51SUR_20251218T024029,2025,500,500,96.38292545571703,False,False,False,False
ctx_51SUR_000215,51SUR_20251218T024029,2025,1000,1000,42.19002879722658,False,False,False,False
ctx_51SUR_000215,51SUR_20251218T024029,2025,5000,2342,9.677454321353558,False,False,True,False
ctx_51SUR_000216,51SUR_20251218T024029,2025,100,100,202.30704208664488,False,False,False,False
ctx_51SUR_000216,51SUR_20251218T024029,2025,500,500,120.41259487144538,False,False,False,False
ctx_51SUR_000216,51SUR_20251218T024029,2025,1000,1000,120.41259487144538,False,False,False,False
ctx_51SUR_000216,51SUR_20251218T024029,2025,5000,2342,9.239085779747477,False,False,True,False
ctx_51SUR_000227,51SUR_20251218T024029,2025,100,100,125.65676700511486,False,False,False,False
ctx_51SUR_000227,51SUR_20251218T024029,2025,500,500,125.65676700511486,False,False,False,False
ctx_51SUR_000227,51SUR_20251218T024029,2025,1000,1000,125.65676700511486,False,False,False,False
ctx_51SUR_000227,51SUR_20251218T024029,2025,5000,2342,11.911565854094219,False,False,False,False
ctx_51SUR_000228,51SUR_20251218T024029,2025,100,100,2.010606545391528,False,True,True,True
ctx_51SUR_000228,51SUR_20251218T024029,2025,500,500,2.010606545391528,False,True,True,True
ctx_51SUR_000228,51SUR_20251218T024029,2025,1000,1000,2.010606545391528,False,True,True,True
ctx_51SUR_000228,51SUR_20251218T024029,2025,5000,2342,2.010606545391528,False,True,True,True
ctx_51SUR_000229,51SUR_20251218T024029,2025,100,100,125.03128752984217,False,False,False,False
ctx_51SUR_000229,51SUR_20251218T024029,2025,500,500,84.57082644800052,False,False,False,False
ctx_51SUR_000229,51SUR_20251218T024029,2025,1000,1000,42.09419809720601,False,False,False,False
ctx_51SUR_000229,51SUR_20251218T024029,2025,5000,2342,39.723952745450156,False,False,False,False
ctx_51SUR_000239,51SUR_20251218T024029,2025,100,100,86.10120897268789,False,False,False,False
ctx_51SUR_000239,51SUR_20251218T024029,2025,500,500,70.20648027588483,False,False,False,False
ctx_51SUR_000239,51SUR_20251218T024029,2025,1000,1000,64.57394693623017,False,False,False,False
ctx_51SUR_000239,51SUR_20251218T024029,2025,5000,2342,11.274063431957263,False,False,False,False
ctx_51SUR_000240,51SUR_20251218T024029,2025,100,100,67.17349046833651,False,False,False,False
ctx_51SUR_000240,51SUR_20251218T024029,2025,500,500,60.64694851098076,False,False,False,False
ctx_51SUR_000240,51SUR_20251218T024029,2025,1000,1000,0.7323158613227194,True,True,True,True
ctx_51SUR_000240,51SUR_20251218T024029,2025,5000,2342,0.7323158613227194,True,True,True,True
ctx_51SUR_000241,51SUR_20251218T024029,2025,100,100,190.42447921008235,False,False,False,False
ctx_51SUR_000241,51SUR_20251218T024029,2025,500,500,190.42447921008235,False,False,False,False
ctx_51SUR_000241,51SUR_20251218T024029,2025,1000,1000,190.42447921008235,False,False,False,False
ctx_51SUR_000241,51SUR_20251218T024029,2025,5000,2342,190.42447921008235,False,False,False,False
ctx_51SUR_000250,51SUR_20251218T024029,2025,100,100,140.3744192918802,False,False,False,False
ctx_51SUR_000250,51SUR_20251218T024029,2025,500,500,122.00000084666246,False,False,False,False
ctx_51SUR_000250,51SUR_20251218T024029,2025,1000,1000,116.53870584055718,False,False,False,False
ctx_51SUR_000250,51SUR_20251218T024029,2025,5000,2342,25.23865915455373,False,False,False,False
ctx_51SUR_000251,51SUR_20251218T024029,2025,100,100,57.48536129359334,False,False,False,False
ctx_51SUR_000251,51SUR_20251218T024029,2025,500,500,10.408645386488955,False,False,False,False
ctx_51SUR_000251,51SUR_20251218T024029,2025,1000,1000,4.26460570899974,False,True,True,True
ctx_51SUR_000251,51SUR_20251218T024029,2025,5000,2342,4.26460570899974,False,True,True,True
ctx_51SUR_000252,51SUR_20251218T024029,2025,100,100,33.79182448856616,False,False,False,False
ctx_51SUR_000252,51SUR_20251218T024029,2025,500,500,30.24198314770787,False,False,False,False
ctx_51SUR_000252,51SUR_20251218T024029,2025,1000,1000,15.002342233276662,False,False,False,False
ctx_51SUR_000252,51SUR_20251218T024029,2025,5000,2342,15.002342233276662,False,False,False,False
ctx_51SUR_000261,51SUR_20251218T024029,2025,100,100,97.0291295466432,False,False,False,False
ctx_51SUR_000261,51SUR_20251218T024029,2025,500,500,97.0291295466432,False,False,False,False
ctx_51SUR_000261,51SUR_20251218T024029,2025,1000,1000,97.0291295466432,False,False,False,False
ctx_51SUR_000261,51SUR_20251218T024029,2025,5000,2342,15.463124572148281,False,False,False,False
ctx_51SUR_000262,51SUR_20251218T024029,2025,100,100,169.0079891801101,False,False,False,False
ctx_51SUR_000262,51SUR_20251218T024029,2025,500,500,17.596651050715803,False,False,False,False
ctx_51SUR_000262,51SUR_20251218T024029,2025,1000,1000,17.596651050715803,False,False,False,False
ctx_51SUR_000262,51SUR_20251218T024029,2025,5000,2342,11.20369489810285,False,False,False,False
ctx_51SUR_000263,51SUR_20251218T024029,2025,100,100,70.91853185790904,False,False,False,False
ctx_51SUR_000263,51SUR_20251218T024029,2025,500,500,20.781201865019746,False,False,False,False
ctx_51SUR_000263,51SUR_20251218T024029,2025,1000,1000,3.2744015427716184,False,True,True,True
ctx_51SUR_000263,51SUR_20251218T024029,2025,5000,2342,3.2744015427716184,False,True,True,True
ctx_51SUR_000273,51SUR_20251218T024029,2025,100,100,156.88113907119137,False,False,False,False
ctx_51SUR_000273,51SUR_20251218T024029,2025,500,500,43.75604489857177,False,False,False,False
ctx_51SUR_000273,51SUR_20251218T024029,2025,1000,1000,43.75604489857177,False,False,False,False
ctx_51SUR_000273,51SUR_20251218T024029,2025,5000,2342,9.125596797393442,False,False,True,False
ctx_51SUR_000274,51SUR_20251218T024029,2025,100,100,118.11726807110905,False,False,False,False
ctx_51SUR_000274,51SUR_20251218T024029,2025,500,500,62.79637300078442,False,False,False,False
ctx_51SUR_000274,51SUR_20251218T024029,2025,1000,1000,13.830420483260417,False,False,False,False
ctx_51SUR_000274,51SUR_20251218T024029,2025,5000,2342,13.830420483260417,False,False,False,False
ctx_51SUR_000283,51SUR_20251218T024029,2025,100,100,26.413397082162103,False,False,False,False
ctx_51SUR_000283,51SUR_20251218T024029,2025,500,500,13.507781477426853,False,False,False,False
ctx_51SUR_000283,51SUR_20251218T024029,2025,1000,1000,13.507781477426853,False,False,False,False
ctx_51SUR_000283,51SUR_20251218T024029,2025,5000,2342,4.2508951729123,False,True,True,True
ctx_51SUR_000284,51SUR_20251218T024029,2025,100,100,112.80684824840148,False,False,False,False
ctx_51SUR_000284,51SUR_20251218T024029,2025,500,500,58.205809292191404,False,False,False,False
ctx_51SUR_000284,51SUR_20251218T024029,2025,1000,1000,21.7580822800703,False,False,False,False
ctx_51SUR_000284,51SUR_20251218T024029,2025,5000,2342,0.26775450896970976,True,True,True,True
ctx_51SUR_000285,51SUR_20251218T024029,2025,100,100,236.84571644088487,False,False,False,False
ctx_51SUR_000285,51SUR_20251218T024029,2025,500,500,26.777415637360754,False,False,False,False
ctx_51SUR_000285,51SUR_20251218T024029,2025,1000,1000,26.777415637360754,False,False,False,False
ctx_51SUR_000285,51SUR_20251218T024029,2025,5000,2342,8.680207259644147,False,False,True,False
ctx_51SUR_000293,51SUR_20251218T024029,2025,100,100,62.946026906315296,False,False,False,False
ctx_51SUR_000293,51SUR_20251218T024029,2025,500,500,62.946026906315296,False,False,False,False
ctx_51SUR_000293,51SUR_20251218T024029,2025,1000,1000,51.38185724895066,False,False,False,False
ctx_51SUR_000293,51SUR_20251218T024029,2025,5000,2342,6.31873658323954,False,False,True,False
ctx_51SUR_000294,51SUR_20251218T024029,2025,100,100,1.2391238661404285,True,True,True,True
ctx_51SUR_000294,51SUR_20251218T024029,2025,500,500,1.2391238661404285,True,True,True,True
ctx_51SUR_000294,51SUR_20251218T024029,2025,1000,1000,1.2391238661404285,True,True,True,True
ctx_51SUR_000294,51SUR_20251218T024029,2025,5000,2342,1.2391238661404285,True,True,True,True
ctx_51SUR_000295,51SUR_20251218T024029,2025,100,100,17.6662751685454,False,False,False,False
ctx_51SUR_000295,51SUR_20251218T024029,2025,500,500,11.11758744497918,False,False,False,False
ctx_51SUR_000295,51SUR_20251218T024029,2025,1000,1000,10.100749681046404,False,False,False,False
ctx_51SUR_000295,51SUR_20251218T024029,2025,5000,2342,10.100749681046404,False,False,False,False
ctx_51SUR_000303,51SUR_20251218T024029,2025,100,100,38.15372831070085,False,False,False,False
ctx_51SUR_000303,51SUR_20251218T024029,2025,500,500,31.106021355799513,False,False,False,False
ctx_51SUR_000303,51SUR_20251218T024029,2025,1000,1000,31.106021355799513,False,False,False,False
ctx_51SUR_000303,51SUR_20251218T024029,2025,5000,2342,5.0764093675618875,False,False,True,False
ctx_51SUR_000305,51SUR_20251218T024029,2025,100,100,114.68044739581376,False,False,False,False
ctx_51SUR_000305,51SUR_20251218T024029,2025,500,500,84.51002142623139,False,False,False,False
ctx_51SUR_000305,51SUR_20251218T024029,2025,1000,1000,84.51002142623139,False,False,False,False
ctx_51SUR_000305,51SUR_20251218T024029,2025,5000,2342,28.165107133075107,False,False,False,False
ctx_51SUR_000313,51SUR_20251218T024029,2025,100,100,135.2943041185149,False,False,False,False
ctx_51SUR_000313,51SUR_20251218T024029,2025,500,500,118.10218416310454,False,False,False,False
ctx_51SUR_000313,51SUR_20251218T024029,2025,1000,1000,118.10218416310454,False,False,False,False
ctx_51SUR_000313,51SUR_20251218T024029,2025,5000,2342,6.250050877089612,False,False,True,False
ctx_51SUR_000314,51SUR_20251218T024029,2025,100,100,27.903739962445755,False,False,False,False
ctx_51SUR_000314,51SUR_20251218T024029,2025,500,500,17.68742245042858,False,False,False,False
ctx_51SUR_000314,51SUR_20251218T024029,2025,1000,1000,14.352750413477368,False,False,False,False
ctx_51SUR_000314,51SUR_20251218T024029,2025,5000,2342,6.131891626919556,False,False,True,False
ctx_51SUR_000315,51SUR_20251218T024029,2025,100,100,234.74120329781655,False,False,False,False
ctx_51SUR_000315,51SUR_20251218T024029,2025,500,500,173.90273995275655,False,False,False,False
ctx_51SUR_000315,51SUR_20251218T024029,2025,1000,1000,105.23061858005283,False,False,False,False
ctx_51SUR_000315,51SUR_20251218T024029,2025,5000,2342,95.63628310317023,False,False,False,False
ctx_51SUR_000324,51SUR_20251218T024029,2025,100,100,46.59757754861079,False,False,False,False
ctx_51SUR_000324,51SUR_20251218T024029,2025,500,500,23.64036215700138,False,False,False,False
ctx_51SUR_000324,51SUR_20251218T024029,2025,1000,1000,23.64036215700138,False,False,False,False
ctx_51SUR_000324,51SUR_20251218T024029,2025,5000,2342,12.090487131037712,False,False,False,False
ctx_51SUR_000332,51SUR_20251218T024029,2025,100,100,131.11085746065157,False,False,False,False
ctx_51SUR_000332,51SUR_20251218T024029,2025,500,500,62.56586421115394,False,False,False,False
ctx_51SUR_000332,51SUR_20251218T024029,2025,1000,1000,39.99086090522256,False,False,False,False
ctx_51SUR_000332,51SUR_20251218T024029,2025,5000,2342,22.550189329581585,False,False,False,False
ctx_51SUR_000334,51SUR_20251218T024029,2025,100,100,90.59439375625783,False,False,False,False
ctx_51SUR_000334,51SUR_20251218T024029,2025,500,500,8.305108552329372,False,False,True,False
ctx_51SUR_000334,51SUR_20251218T024029,2025,1000,1000,8.305108552329372,False,False,True,False
ctx_51SUR_000334,51SUR_20251218T024029,2025,5000,2342,8.305108552329372,False,False,True,False
ctx_51SUR_000341,51SUR_20251218T024029,2025,100,100,144.28261935827632,False,False,False,False
ctx_51SUR_000341,51SUR_20251218T024029,2025,500,500,144.28261935827632,False,False,False,False
ctx_51SUR_000341,51SUR_20251218T024029,2025,1000,1000,123.02093248627224,False,False,False,False
ctx_51SUR_000341,51SUR_20251218T024029,2025,5000,2342,123.02093248627224,False,False,False,False
ctx_51SUR_000347,51SUR_20251218T024029,2025,100,100,219.07872233789297,False,False,False,False
ctx_51SUR_000347,51SUR_20251218T024029,2025,500,500,74.18403603784688,False,False,False,False
ctx_51SUR_000347,51SUR_20251218T024029,2025,1000,1000,63.242110726999776,False,False,False,False
ctx_51SUR_000347,51SUR_20251218T024029,2025,5000,2342,0.27049765153547495,True,True,True,True
ctx_51SUR_000348,51SUR_20251218T024029,2025,100,100,189.505352576636,False,False,False,False
ctx_51SUR_000348,51SUR_20251218T024029,2025,500,500,25.47513740074898,False,False,False,False
ctx_51SUR_000348,51SUR_20251218T024029,2025,1000,1000,25.47513740074898,False,False,False,False
ctx_51SUR_000348,51SUR_20251218T024029,2025,5000,2342,25.47513740074898,False,False,False,False
ctx_51SUR_000353,51SUR_20251218T024029,2025,100,100,54.053019132393764,False,False,False,False
ctx_51SUR_000353,51SUR_20251218T024029,2025,500,500,37.057893414860494,False,False,False,False
ctx_51SUR_000353,51SUR_20251218T024029,2025,1000,1000,37.057893414860494,False,False,False,False
ctx_51SUR_000353,51SUR_20251218T024029,2025,5000,2342,2.996438940130463,False,True,True,True
ctx_51SUR_000354,51SUR_20251218T024029,2025,100,100,131.37841983758872,False,False,False,False
ctx_51SUR_000354,51SUR_20251218T024029,2025,500,500,97.41827197224674,False,False,False,False
ctx_51SUR_000354,51SUR_20251218T024029,2025,1000,1000,10.975098080245644,False,False,False,False
ctx_51SUR_000354,51SUR_20251218T024029,2025,5000,2342,10.975098080245644,False,False,False,False
ctx_51SUR_000359,51SUR_20251218T024029,2025,100,100,110.80369886055522,False,False,False,False
ctx_51SUR_000359,51SUR_20251218T024029,2025,500,500,27.432871285410414,False,False,False,False
ctx_51SUR_000359,51SUR_20251218T024029,2025,1000,1000,27.432871285410414,False,False,False,False
ctx_51SUR_000359,51SUR_20251218T024029,2025,5000,2342,0.7293652886968502,True,True,True,True
ctx_51SUR_000360,51SUR_20251218T024029,2025,100,100,144.3998772456859,False,False,False,False
ctx_51SUR_000360,51SUR_20251218T024029,2025,500,500,0.27342003184483954,True,True,True,True
ctx_51SUR_000360,51SUR_20251218T024029,2025,1000,1000,0.27342003184483954,True,True,True,True
ctx_51SUR_000360,51SUR_20251218T024029,2025,5000,2342,0.27342003184483954,True,True,True,True
ctx_51SUR_000363,51SUR_20251218T024029,2025,100,100,56.8209174405343,False,False,False,False
ctx_51SUR_000363,51SUR_20251218T024029,2025,500,500,4.605468674954141,False,True,True,True
ctx_51SUR_000363,51SUR_20251218T024029,2025,1000,1000,4.605468674954141,False,True,True,True
ctx_51SUR_000363,51SUR_20251218T024029,2025,5000,2342,4.605468674954141,False,True,True,True
ctx_51SUR_000364,51SUR_20251218T024029,2025,100,100,51.491436177527646,False,False,False,False
ctx_51SUR_000364,51SUR_20251218T024029,2025,500,500,8.522114362205969,False,False,True,False
ctx_51SUR_000364,51SUR_20251218T024029,2025,1000,1000,8.522114362205969,False,False,True,False
ctx_51SUR_000364,51SUR_20251218T024029,2025,5000,2342,8.522114362205969,False,False,True,False
ctx_51SUR_000367,51SUR_20251218T024029,2025,100,100,238.0455172843311,False,False,False,False
ctx_51SUR_000367,51SUR_20251218T024029,2025,500,500,78.18109748492931,False,False,False,False
ctx_51SUR_000367,51SUR_20251218T024029,2025,1000,1000,57.8828581924472,False,False,False,False
ctx_51SUR_000367,51SUR_20251218T024029,2025,5000,2342,9.035559489719745,False,False,True,False
ctx_51SUR_000371,51SUR_20251218T024029,2025,100,100,76.63057111820096,False,False,False,False
ctx_51SUR_000371,51SUR_20251218T024029,2025,500,500,76.44383157035156,False,False,False,False
ctx_51SUR_000371,51SUR_20251218T024029,2025,1000,1000,76.44383157035156,False,False,False,False
ctx_51SUR_000371,51SUR_20251218T024029,2025,5000,2342,2.0154903847231833,False,True,True,True
ctx_51SUR_000372,51SUR_20251218T024029,2025,100,100,208.37456356764875,False,False,False,False
ctx_51SUR_000372,51SUR_20251218T024029,2025,500,500,60.97774609665407,False,False,False,False
ctx_51SUR_000372,51SUR_20251218T024029,2025,1000,1000,60.97774609665407,False,False,False,False
ctx_51SUR_000372,51SUR_20251218T024029,2025,5000,2342,10.270490902161535,False,False,False,False
ctx_51SUR_000375,51SUR_20251218T024029,2025,100,100,88.68680891769249,False,False,False,False
ctx_51SUR_000375,51SUR_20251218T024029,2025,500,500,48.98472880928258,False,False,False,False
ctx_51SUR_000375,51SUR_20251218T024029,2025,1000,1000,31.82936676668546,False,False,False,False
ctx_51SUR_000375,51SUR_20251218T024029,2025,5000,2342,5.344629473230434,False,False,True,False
ctx_51SUR_000379,51SUR_20251218T024029,2025,100,100,59.35734767857135,False,False,False,False
ctx_51SUR_000379,51SUR_20251218T024029,2025,500,500,59.35734767857135,False,False,False,False
ctx_51SUR_000379,51SUR_20251218T024029,2025,1000,1000,59.35734767857135,False,False,False,False
ctx_51SUR_000379,51SUR_20251218T024029,2025,5000,2342,12.048893060895697,False,False,False,False
ctx_51SUR_000383,51SUR_20251218T024029,2025,100,100,57.5925922796535,False,False,False,False
ctx_51SUR_000383,51SUR_20251218T024029,2025,500,500,57.5925922796535,False,False,False,False
ctx_51SUR_000383,51SUR_20251218T024029,2025,1000,1000,57.5925922796535,False,False,False,False
ctx_51SUR_000383,51SUR_20251218T024029,2025,5000,2342,6.101026932448743,False,False,True,False
ctx_51SUR_000384,51SUR_20251218T024029,2025,100,100,96.52197161260584,False,False,False,False
ctx_51SUR_000384,51SUR_20251218T024029,2025,500,500,76.26797571950594,False,False,False,False
ctx_51SUR_000384,51SUR_20251218T024029,2025,1000,1000,49.77842020086241,False,False,False,False
ctx_51SUR_000384,51SUR_20251218T024029,2025,5000,2342,0.21619156884423704,True,True,True,True
ctx_51SUR_000387,51SUR_20251218T024029,2025,100,100,0.7568036684037863,True,True,True,True
ctx_51SUR_000387,51SUR_20251218T024029,2025,500,500,0.7568036684037863,True,True,True,True
ctx_51SUR_000387,51SUR_20251218T024029,2025,1000,1000,0.7568036684037863,True,True,True,True
ctx_51SUR_000387,51SUR_20251218T024029,2025,5000,2342,0.7568036684037863,True,True,True,True
ctx_51SUR_000388,51SUR_20251218T024029,2025,100,100,179.112442711186,False,False,False,False
ctx_51SUR_000388,51SUR_20251218T024029,2025,500,500,112.31755969274921,False,False,False,False
ctx_51SUR_000388,51SUR_20251218T024029,2025,1000,1000,53.409211669969885,False,False,False,False
ctx_51SUR_000388,51SUR_20251218T024029,2025,5000,2342,41.719915756541816,False,False,False,False
ctx_51SUR_000391,51SUR_20251218T024029,2025,100,100,66.13420681601404,False,False,False,False
ctx_51SUR_000391,51SUR_20251218T024029,2025,500,500,24.469859167668197,False,False,False,False
ctx_51SUR_000391,51SUR_20251218T024029,2025,1000,1000,19.650309136052364,False,False,False,False
ctx_51SUR_000391,51SUR_20251218T024029,2025,5000,2342,2.0298260730900974,False,True,True,True
ctx_51SUR_000392,51SUR_20251218T024029,2025,100,100,38.545393111036205,False,False,False,False
ctx_51SUR_000392,51SUR_20251218T024029,2025,500,500,14.426694746815064,False,False,False,False
ctx_51SUR_000392,51SUR_20251218T024029,2025,1000,1000,14.426694746815064,False,False,False,False
ctx_51SUR_000392,51SUR_20251218T024029,2025,5000,2342,14.426694746815064,False,False,False,False
ctx_51SUR_000395,51SUR_20251218T024029,2025,100,100,100.86449020431239,False,False,False,False
ctx_51SUR_000395,51SUR_20251218T024029,2025,500,500,42.08668395721092,False,False,False,False
ctx_51SUR_000395,51SUR_20251218T024029,2025,1000,1000,39.19616090002476,False,False,False,False
ctx_51SUR_000395,51SUR_20251218T024029,2025,5000,2342,21.079960178592824,False,False,False,False
ctx_51SUR_000399,51SUR_20251218T024029,2025,100,100,175.63771666904648,False,False,False,False
ctx_51SUR_000399,51SUR_20251218T024029,2025,500,500,115.52568510513572,False,False,False,False
ctx_51SUR_000399,51SUR_20251218T024029,2025,1000,1000,92.9835193655566,False,False,False,False
ctx_51SUR_000399,51SUR_20251218T024029,2025,5000,2342,23.410121984346414,False,False,False,False
ctx_51SUR_000400,51SUR_20251218T024029,2025,100,100,178.33246107623907,False,False,False,False
ctx_51SUR_000400,51SUR_20251218T024029,2025,500,500,48.01965947524004,False,False,False,False
ctx_51SUR_000400,51SUR_20251218T024029,2025,1000,1000,48.01965947524004,False,False,False,False
ctx_51SUR_000400,51SUR_20251218T024029,2025,5000,2342,0.22732775819822992,True,True,True,True
ctx_51SUR_000403,51SUR_20251218T024029,2025,100,100,209.64605102540565,False,False,False,False
ctx_51SUR_000403,51SUR_20251218T024029,2025,500,500,90.84965065857139,False,False,False,False
ctx_51SUR_000403,51SUR_20251218T024029,2025,1000,1000,83.73793323973958,False,False,False,False
ctx_51SUR_000403,51SUR_20251218T024029,2025,5000,2342,1.067638398462149,True,True,True,True
ctx_51SUR_000404,51SUR_20251218T024029,2025,100,100,263.33107351653547,False,False,False,False
ctx_51SUR_000404,51SUR_20251218T024029,2025,500,500,220.3323352192405,False,False,False,False
ctx_51SUR_000404,51SUR_20251218T024029,2025,1000,1000,64.51913930887272,False,False,False,False
ctx_51SUR_000404,51SUR_20251218T024029,2025,5000,2342,2.1161529644113455,False,True,True,True
ctx_51SUR_000407,51SUR_20251218T024029,2025,100,100,143.90017009374378,False,False,False,False
ctx_51SUR_000407,51SUR_20251218T024029,2025,500,500,94.36476426615637,False,False,False,False
ctx_51SUR_000407,51SUR_20251218T024029,2025,1000,1000,27.780362500143063,False,False,False,False
ctx_51SUR_000407,51SUR_20251218T024029,2025,5000,2342,1.0331417309014177,True,True,True,True
ctx_51SUR_000411,51SUR_20251218T024029,2025,100,100,94.3796658472695,False,False,False,False
ctx_51SUR_000411,51SUR_20251218T024029,2025,500,500,67.23760299401184,False,False,False,False
ctx_51SUR_000411,51SUR_20251218T024029,2025,1000,1000,30.971826382514237,False,False,False,False
ctx_51SUR_000411,51SUR_20251218T024029,2025,5000,2342,25.56906337254224,False,False,False,False
ctx_51SUR_000412,51SUR_20251218T024029,2025,100,100,41.79210148847998,False,False,False,False
ctx_51SUR_000412,51SUR_20251218T024029,2025,500,500,41.79210148847998,False,False,False,False
ctx_51SUR_000412,51SUR_20251218T024029,2025,1000,1000,41.79210148847998,False,False,False,False
ctx_51SUR_000412,51SUR_20251218T024029,2025,5000,2342,41.79210148847998,False,False,False,False
ctx_51SUR_000415,51SUR_20251218T024029,2025,100,100,119.06774877197618,False,False,False,False
ctx_51SUR_000415,51SUR_20251218T024029,2025,500,500,111.05639935614232,False,False,False,False
ctx_51SUR_000415,51SUR_20251218T024029,2025,1000,1000,111.05639935614232,False,False,False,False
ctx_51SUR_000415,51SUR_20251218T024029,2025,5000,2342,1.271441299196985,True,True,True,True
ctx_51SUR_000416,51SUR_20251218T024029,2025,100,100,245.7168824189559,False,False,False,False
ctx_51SUR_000416,51SUR_20251218T024029,2025,500,500,108.10798452417491,False,False,False,False
ctx_51SUR_000416,51SUR_20251218T024029,2025,1000,1000,89.92110672428436,False,False,False,False
ctx_51SUR_000416,51SUR_20251218T024029,2025,5000,2342,80.0785006152543,False,False,False,False
ctx_51SUR_000419,51SUR_20251218T024029,2025,100,100,177.37876674082443,False,False,False,False
ctx_51SUR_000419,51SUR_20251218T024029,2025,500,500,159.64164148442651,False,False,False,False
ctx_51SUR_000419,51SUR_20251218T024029,2025,1000,1000,117.2806055347851,False,False,False,False
ctx_51SUR_000419,51SUR_20251218T024029,2025,5000,2342,10.201325723588669,False,False,False,False
ctx_51SUR_000420,51SUR_20251218T024029,2025,100,100,351.46522290793064,False,False,False,False
ctx_51SUR_000420,51SUR_20251218T024029,2025,500,500,351.46522290793064,False,False,False,False
ctx_51SUR_000420,51SUR_20251218T024029,2025,1000,1000,351.46522290793064,False,False,False,False
ctx_51SUR_000420,51SUR_20251218T024029,2025,5000,2342,351.46522290793064,False,False,False,False
ctx_51SUR_000423,51SUR_20251218T024029,2025,100,100,212.1234790338016,False,False,False,False
ctx_51SUR_000423,51SUR_20251218T024029,2025,500,500,11.385952742123262,False,False,False,False
ctx_51SUR_000423,51SUR_20251218T024029,2025,1000,1000,11.385952742123262,False,False,False,False
ctx_51SUR_000423,51SUR_20251218T024029,2025,5000,2342,8.04375879559055,False,False,True,False
ctx_51SUR_000424,51SUR_20251218T024029,2025,100,100,172.8531370272584,False,False,False,False
ctx_51SUR_000424,51SUR_20251218T024029,2025,500,500,31.39996093736411,False,False,False,False
ctx_51SUR_000424,51SUR_20251218T024029,2025,1000,1000,31.39996093736411,False,False,False,False
ctx_51SUR_000424,51SUR_20251218T024029,2025,5000,2342,12.82525770483717,False,False,False,False
ctx_51SUR_000427,51SUR_20251218T024029,2025,100,100,56.522371516864766,False,False,False,False
ctx_51SUR_000427,51SUR_20251218T024029,2025,500,500,40.52461473091013,False,False,False,False
ctx_51SUR_000427,51SUR_20251218T024029,2025,1000,1000,40.52461473091013,False,False,False,False
ctx_51SUR_000427,51SUR_20251218T024029,2025,5000,2342,3.0019524038329433,False,True,True,True
ctx_51SUR_000431,51SUR_20251218T024029,2025,100,100,146.72832836337716,False,False,False,False
ctx_51SUR_000431,51SUR_20251218T024029,2025,500,500,129.24298587807488,False,False,False,False
ctx_51SUR_000431,51SUR_20251218T024029,2025,1000,1000,92.79039536212096,False,False,False,False
ctx_51SUR_000431,51SUR_20251218T024029,2025,5000,2342,12.872705319119211,False,False,False,False
ctx_51SUR_000432,51SUR_20251218T024029,2025,100,100,201.95270222193628,False,False,False,False
ctx_51SUR_000432,51SUR_20251218T024029,2025,500,500,17.67002766506824,False,False,False,False
ctx_51SUR_000432,51SUR_20251218T024029,2025,1000,1000,17.67002766506824,False,False,False,False
ctx_51SUR_000432,51SUR_20251218T024029,2025,5000,2342,0.23692720428139336,True,True,True,True
ctx_51SUR_000435,51SUR_20251218T024029,2025,100,100,23.032843209384946,False,False,False,False
ctx_51SUR_000435,51SUR_20251218T024029,2025,500,500,7.34274442031885,False,False,True,False
ctx_51SUR_000435,51SUR_20251218T024029,2025,1000,1000,7.34274442031885,False,False,True,False
ctx_51SUR_000435,51SUR_20251218T024029,2025,5000,2342,2.021749786113669,False,True,True,True
ctx_51SUR_000436,51SUR_20251218T024029,2025,100,100,74.1006447252982,False,False,False,False
ctx_51SUR_000436,51SUR_20251218T024029,2025,500,500,54.84499450524202,False,False,False,False
ctx_51SUR_000436,51SUR_20251218T024029,2025,1000,1000,11.549263895266462,False,False,False,False
ctx_51SUR_000436,51SUR_20251218T024029,2025,5000,2342,11.549263895266462,False,False,False,False
ctx_51SUR_000439,51SUR_20251218T024029,2025,100,100,199.53186190209706,False,False,False,False
ctx_51SUR_000439,51SUR_20251218T024029,2025,500,500,25.327898462920647,False,False,False,False
ctx_51SUR_000439,51SUR_20251218T024029,2025,1000,1000,25.327898462920647,False,False,False,False
ctx_51SUR_000439,51SUR_20251218T024029,2025,5000,2342,6.60636196476017,False,False,True,False
ctx_51SUR_000440,51SUR_20251218T024029,2025,100,100,90.37313549841636,False,False,False,False
ctx_51SUR_000440,51SUR_20251218T024029,2025,500,500,53.55782322719074,False,False,False,False
ctx_51SUR_000440,51SUR_20251218T024029,2025,1000,1000,53.55782322719074,False,False,False,False
ctx_51SUR_000440,51SUR_20251218T024029,2025,5000,2342,37.06423830462254,False,False,False,False
ctx_51SUR_000443,51SUR_20251218T024029,2025,100,100,143.5868813866083,False,False,False,False
ctx_51SUR_000443,51SUR_20251218T024029,2025,500,500,115.64852052964208,False,False,False,False
ctx_51SUR_000443,51SUR_20251218T024029,2025,1000,1000,47.65420455602036,False,False,False,False
ctx_51SUR_000443,51SUR_20251218T024029,2025,5000,2342,12.992578641412496,False,False,False,False
ctx_51SUR_000444,51SUR_20251218T024029,2025,100,100,244.4549600950891,False,False,False,False
ctx_51SUR_000444,51SUR_20251218T024029,2025,500,500,43.45265320012411,False,False,False,False
ctx_51SUR_000444,51SUR_20251218T024029,2025,1000,1000,41.55004849009315,False,False,False,False
ctx_51SUR_000444,51SUR_20251218T024029,2025,5000,2342,0.2711489638825951,True,True,True,True
ctx_51SUR_000447,51SUR_20251218T024029,2025,100,100,248.38016120168226,False,False,False,False
ctx_51SUR_000447,51SUR_20251218T024029,2025,500,500,74.0817974696672,False,False,False,False
ctx_51SUR_000447,51SUR_20251218T024029,2025,1000,1000,51.130129379702645,False,False,False,False
ctx_51SUR_000447,51SUR_20251218T024029,2025,5000,2342,1.6412445993410398,True,True,True,True
ctx_51SUR_000448,51SUR_20251218T024029,2025,100,100,67.7358766169073,False,False,False,False
ctx_51SUR_000448,51SUR_20251218T024029,2025,500,500,12.727436825591656,False,False,False,False
ctx_51SUR_000448,51SUR_20251218T024029,2025,1000,1000,12.727436825591656,False,False,False,False
ctx_51SUR_000448,51SUR_20251218T024029,2025,5000,2342,6.305049974287821,False,False,True,False
ctx_51SUR_000451,51SUR_20251218T024029,2025,100,100,26.83893401842426,False,False,False,False
ctx_51SUR_000451,51SUR_20251218T024029,2025,500,500,26.83893401842426,False,False,False,False
ctx_51SUR_000451,51SUR_20251218T024029,2025,1000,1000,26.83893401842426,False,False,False,False
ctx_51SUR_000451,51SUR_20251218T024029,2025,5000,2342,0.24601382444359463,True,True,True,True
ctx_51SUR_000452,51SUR_20251218T024029,2025,100,100,0.708947946990169,True,True,True,True
ctx_51SUR_000452,51SUR_20251218T024029,2025,500,500,0.708947946990169,True,True,True,True
ctx_51SUR_000452,51SUR_20251218T024029,2025,1000,1000,0.708947946990169,True,True,True,True
ctx_51SUR_000452,51SUR_20251218T024029,2025,5000,2342,0.708947946990169,True,True,True,True
ctx_51SUR_000455,51SUR_20251218T024029,2025,100,100,26.73057034046036,False,False,False,False
ctx_51SUR_000455,51SUR_20251218T024029,2025,500,500,13.604788462246473,False,False,False,False
ctx_51SUR_000455,51SUR_20251218T024029,2025,1000,1000,1.7520999107270434,True,True,True,True
ctx_51SUR_000455,51SUR_20251218T024029,2025,5000,2342,1.7520999107270434,True,True,True,True
ctx_51SUR_000456,51SUR_20251218T024029,2025,100,100,110.1593868309988,False,False,False,False
ctx_51SUR_000456,51SUR_20251218T024029,2025,500,500,93.03933411026608,False,False,False,False
ctx_51SUR_000456,51SUR_20251218T024029,2025,1000,1000,93.03933411026608,False,False,False,False
ctx_51SUR_000456,51SUR_20251218T024029,2025,5000,2342,93.03933411026608,False,False,False,False
ctx_51SUR_000459,51SUR_20251218T024029,2025,100,100,129.9038633156725,False,False,False,False
ctx_51SUR_000459,51SUR_20251218T024029,2025,500,500,58.55133926450372,False,False,False,False
ctx_51SUR_000459,51SUR_20251218T024029,2025,1000,1000,44.229405306196526,False,False,False,False
ctx_51SUR_000459,51SUR_20251218T024029,2025,5000,2342,4.239080715979205,False,True,True,True
ctx_51SUR_000460,51SUR_20251218T024029,2025,100,100,167.83218875889142,False,False,False,False
ctx_51SUR_000460,51SUR_20251218T024029,2025,500,500,128.82748765702172,False,False,False,False
ctx_51SUR_000460,51SUR_20251218T024029,2025,1000,1000,50.43109140159992,False,False,False,False
ctx_51SUR_000460,51SUR_20251218T024029,2025,5000,2342,27.9521481136109,False,False,False,False
ctx_51SUR_000463,51SUR_20251218T024029,2025,100,100,106.00991260613388,False,False,False,False
ctx_51SUR_000463,51SUR_20251218T024029,2025,500,500,36.510628206743675,False,False,False,False
ctx_51SUR_000463,51SUR_20251218T024029,2025,1000,1000,30.166142147256075,False,False,False,False
ctx_51SUR_000463,51SUR_20251218T024029,2025,5000,2342,7.1068079956306285,False,False,True,False
ctx_51SUR_000464,51SUR_20251218T024029,2025,100,100,283.9433069873508,False,False,False,False
ctx_51SUR_000464,51SUR_20251218T024029,2025,500,500,0.7638530622327634,True,True,True,True
ctx_51SUR_000464,51SUR_20251218T024029,2025,1000,1000,0.7638530622327634,True,True,True,True
ctx_51SUR_000464,51SUR_20251218T024029,2025,5000,2342,0.7638530622327634,True,True,True,True
ctx_51SUR_000467,51SUR_20251218T024029,2025,100,100,129.84110578015847,False,False,False,False
ctx_51SUR_000467,51SUR_20251218T024029,2025,500,500,56.686286091243474,False,False,False,False
ctx_51SUR_000467,51SUR_20251218T024029,2025,1000,1000,48.479621415721255,False,False,False,False
ctx_51SUR_000467,51SUR_20251218T024029,2025,5000,2342,7.005436458895383,False,False,True,False
ctx_51SUR_000468,51SUR_20251218T024029,2025,100,100,107.26254084733303,False,False,False,False
ctx_51SUR_000468,51SUR_20251218T024029,2025,500,500,36.48545583231611,False,False,False,False
ctx_51SUR_000468,51SUR_20251218T024029,2025,1000,1000,13.310312052506347,False,False,False,False
ctx_51SUR_000468,51SUR_20251218T024029,2025,5000,2342,0.7241502088585318,True,True,True,True
ctx_51SUR_000471,51SUR_20251218T024029,2025,100,100,131.33267094759015,False,False,False,False
ctx_51SUR_000471,51SUR_20251218T024029,2025,500,500,76.62513441052994,False,False,False,False
ctx_51SUR_000471,51SUR_20251218T024029,2025,1000,1000,63.435078686572886,False,False,False,False
ctx_51SUR_000471,51SUR_20251218T024029,2025,5000,2342,0.28457283191433524,True,True,True,True
ctx_51SUR_000472,51SUR_20251218T024029,2025,100,100,71.95159741206909,False,False,False,False
ctx_51SUR_000472,51SUR_20251218T024029,2025,500,500,0.7231843146145535,True,True,True,True
ctx_51SUR_000472,51SUR_20251218T024029,2025,1000,1000,0.7231843146145535,True,True,True,True
ctx_51SUR_000472,51SUR_20251218T024029,2025,5000,2342,0.7231843146145535,True,True,True,True
ctx_51SUR_000475,51SUR_20251218T024029,2025,100,100,45.78118064189416,False,False,False,False
ctx_51SUR_000475,51SUR_20251218T024029,2025,500,500,15.199366723407623,False,False,False,False
ctx_51SUR_000475,51SUR_20251218T024029,2025,1000,1000,15.199366723407623,False,False,False,False
ctx_51SUR_000475,51SUR_20251218T024029,2025,5000,2342,9.887399639556715,False,False,True,False
ctx_51SUR_000479,51SUR_20251218T024029,2025,100,100,47.24504482234116,False,False,False,False
ctx_51SUR_000479,51SUR_20251218T024029,2025,500,500,34.392108071083385,False,False,False,False
ctx_51SUR_000479,51SUR_20251218T024029,2025,1000,1000,19.873552217491316,False,False,False,False
ctx_51SUR_000479,51SUR_20251218T024029,2025,5000,2342,19.193862979100995,False,False,False,False
ctx_51SUR_000480,51SUR_20251218T024029,2025,100,100,57.09297728370404,False,False,False,False
ctx_51SUR_000480,51SUR_20251218T024029,2025,500,500,39.53552421038161,False,False,False,False
ctx_51SUR_000480,51SUR_20251218T024029,2025,1000,1000,39.53552421038161,False,False,False,False
ctx_51SUR_000480,51SUR_20251218T024029,2025,5000,2342,15.390332645286422,False,False,False,False
ctx_51SUR_000483,51SUR_20251218T024029,2025,100,100,68.30470475801671,False,False,False,False
ctx_51SUR_000483,51SUR_20251218T024029,2025,500,500,16.037288325796432,False,False,False,False
ctx_51SUR_000483,51SUR_20251218T024029,2025,1000,1000,16.037288325796432,False,False,False,False
ctx_51SUR_000483,51SUR_20251218T024029,2025,5000,2342,5.191381598560136,False,False,True,False
ctx_51SUR_000484,51SUR_20251218T024029,2025,100,100,230.86261172166766,False,False,False,False
ctx_51SUR_000484,51SUR_20251218T024029,2025,500,500,4.864549351153885,False,True,True,True
ctx_51SUR_000484,51SUR_20251218T024029,2025,1000,1000,4.864549351153885,False,True,True,True
ctx_51SUR_000484,51SUR_20251218T024029,2025,5000,2342,4.864549351153885,False,True,True,True
ctx_51SUR_000488,51SUR_20251218T024029,2025,100,100,80.82485479589297,False,False,False,False
ctx_51SUR_000488,51SUR_20251218T024029,2025,500,500,80.82485479589297,False,False,False,False
ctx_51SUR_000488,51SUR_20251218T024029,2025,1000,1000,80.82485479589297,False,False,False,False
ctx_51SUR_000488,51SUR_20251218T024029,2025,5000,2342,4.601582928324315,False,True,True,True
ctx_51SUR_000491,51SUR_20251218T024029,2025,100,100,139.498937701186,False,False,False,False
ctx_51SUR_000491,51SUR_20251218T024029,2025,500,500,48.054019942851255,False,False,False,False
ctx_51SUR_000491,51SUR_20251218T024029,2025,1000,1000,1.084415489194666,True,True,True,True
ctx_51SUR_000491,51SUR_20251218T024029,2025,5000,2342,1.084415489194666,True,True,True,True
ctx_51SUR_000494,51SUR_20251218T024029,2025,100,100,187.38767796322318,False,False,False,False
ctx_51SUR_000494,51SUR_20251218T024029,2025,500,500,74.7235277994293,False,False,False,False
ctx_51SUR_000494,51SUR_20251218T024029,2025,1000,1000,74.7235277994293,False,False,False,False
ctx_51SUR_000494,51SUR_20251218T024029,2025,5000,2342,2.4768821904528147,False,True,True,True
ctx_51SUR_000497,51SUR_20251218T024029,2025,100,100,199.59418546042377,False,False,False,False
ctx_51SUR_000497,51SUR_20251218T024029,2025,500,500,157.48044901944678,False,False,False,False
ctx_51SUR_000497,51SUR_20251218T024029,2025,1000,1000,105.03318848341986,False,False,False,False
ctx_51SUR_000497,51SUR_20251218T024029,2025,5000,2342,86.76873041176806,False,False,False,False
ctx_51SUR_000500,51SUR_20251218T024029,2025,100,100,199.67400787138283,False,False,False,False
ctx_51SUR_000500,51SUR_20251218T024029,2025,500,500,68.72680758964553,False,False,False,False
ctx_51SUR_000500,51SUR_20251218T024029,2025,1000,1000,6.131929412380326,False,False,True,False
ctx_51SUR_000500,51SUR_20251218T024029,2025,5000,2342,6.131929412380326,False,False,True,False
ctx_51SUR_000503,51SUR_20251218T024029,2025,100,100,176.5237087483167,False,False,False,False
ctx_51SUR_000503,51SUR_20251218T024029,2025,500,500,117.87025640126062,False,False,False,False
ctx_51SUR_000503,51SUR_20251218T024029,2025,1000,1000,117.87025640126062,False,False,False,False
ctx_51SUR_000503,51SUR_20251218T024029,2025,5000,2342,9.874259812426613,False,False,True,False
ctx_51SUR_000506,51SUR_20251218T024029,2025,100,100,193.72441454067425,False,False,False,False
ctx_51SUR_000506,51SUR_20251218T024029,2025,500,500,139.57090297338064,False,False,False,False
ctx_51SUR_000506,51SUR_20251218T024029,2025,1000,1000,83.95089885439126,False,False,False,False
ctx_51SUR_000506,51SUR_20251218T024029,2025,5000,2342,65.95920548394919,False,False,False,False
ctx_51SUR_000509,51SUR_20251218T024029,2025,100,100,116.03507830474156,False,False,False,False
ctx_51SUR_000509,51SUR_20251218T024029,2025,500,500,40.086306179262436,False,False,False,False
ctx_51SUR_000509,51SUR_20251218T024029,2025,1000,1000,40.086306179262436,False,False,False,False
ctx_51SUR_000509,51SUR_20251218T024029,2025,5000,2342,10.078398399449314,False,False,False,False
ctx_51SUR_000512,51SUR_20251218T024029,2025,100,100,37.653391201103865,False,False,False,False
ctx_51SUR_000512,51SUR_20251218T024029,2025,500,500,37.653391201103865,False,False,False,False
ctx_51SUR_000512,51SUR_20251218T024029,2025,1000,1000,37.653391201103865,False,False,False,False
ctx_51SUR_000512,51SUR_20251218T024029,2025,5000,2342,1.0559634292262314,True,True,True,True
ctx_51SUR_000515,51SUR_20251218T024029,2025,100,100,33.964809105612105,False,False,False,False
ctx_51SUR_000515,51SUR_20251218T024029,2025,500,500,30.457574300143445,False,False,False,False
ctx_51SUR_000515,51SUR_20251218T024029,2025,1000,1000,11.82453464290072,False,False,False,False
ctx_51SUR_000515,51SUR_20251218T024029,2025,5000,2342,7.287288145984868,False,False,True,False
ctx_51SUR_000524,51SUR_20251218T024029,2025,100,100,209.14102920002435,False,False,False,False
ctx_51SUR_000524,51SUR_20251218T024029,2025,500,500,164.82362349394256,False,False,False,False
ctx_51SUR_000524,51SUR_20251218T024029,2025,1000,1000,56.74786120713414,False,False,False,False
ctx_51SUR_000524,51SUR_20251218T024029,2025,5000,2342,56.74786120713414,False,False,False,False
ctx_51SUR_000530,51SUR_20251218T024029,2025,100,100,83.84106286899686,False,False,False,False
ctx_51SUR_000530,51SUR_20251218T024029,2025,500,500,79.46148900695587,False,False,False,False
ctx_51SUR_000530,51SUR_20251218T024029,2025,1000,1000,79.46148900695587,False,False,False,False
ctx_51SUR_000530,51SUR_20251218T024029,2025,5000,2342,43.217613913565025,False,False,False,False
ctx_51SUR_000533,51SUR_20251218T024029,2025,100,100,279.44726436423366,False,False,False,False
ctx_51SUR_000533,51SUR_20251218T024029,2025,500,500,36.729820690482235,False,False,False,False
ctx_51SUR_000533,51SUR_20251218T024029,2025,1000,1000,36.729820690482235,False,False,False,False
ctx_51SUR_000533,51SUR_20251218T024029,2025,5000,2342,36.729820690482235,False,False,False,False
ctx_51SUR_000536,51SUR_20251218T024029,2025,100,100,136.59685065728718,False,False,False,False
ctx_51SUR_000536,51SUR_20251218T024029,2025,500,500,104.27886337515618,False,False,False,False
ctx_51SUR_000536,51SUR_20251218T024029,2025,1000,1000,90.08582877642858,False,False,False,False
ctx_51SUR_000536,51SUR_20251218T024029,2025,5000,2342,0.28731014150758794,True,True,True,True
ctx_51SUR_000539,51SUR_20251218T024029,2025,100,100,126.40461440122448,False,False,False,False
ctx_51SUR_000539,51SUR_20251218T024029,2025,500,500,125.3182697671386,False,False,False,False
ctx_51SUR_000539,51SUR_20251218T024029,2025,1000,1000,7.485160812301194,False,False,True,False
ctx_51SUR_000539,51SUR_20251218T024029,2025,5000,2342,6.263093242738815,False,False,True,False
ctx_51SUR_000542,51SUR_20251218T024029,2025,100,100,97.73245395332988,False,False,False,False
ctx_51SUR_000542,51SUR_20251218T024029,2025,500,500,27.26036226840283,False,False,False,False
ctx_51SUR_000542,51SUR_20251218T024029,2025,1000,1000,17.053211803476014,False,False,False,False
ctx_51SUR_000542,51SUR_20251218T024029,2025,5000,2342,15.924234337006029,False,False,False,False
ctx_51SUR_000545,51SUR_20251218T024029,2025,100,100,247.82548954300012,False,False,False,False
ctx_51SUR_000545,51SUR_20251218T024029,2025,500,500,1.0533859868857385,True,True,True,True
ctx_51SUR_000545,51SUR_20251218T024029,2025,1000,1000,1.0533859868857385,True,True,True,True
ctx_51SUR_000545,51SUR_20251218T024029,2025,5000,2342,1.0533859868857385,True,True,True,True
ctx_51SUR_000548,51SUR_20251218T024029,2025,100,100,181.06585217827103,False,False,False,False
ctx_51SUR_000548,51SUR_20251218T024029,2025,500,500,4.56905822879641,False,True,True,True
ctx_51SUR_000548,51SUR_20251218T024029,2025,1000,1000,4.56905822879641,False,True,True,True
ctx_51SUR_000548,51SUR_20251218T024029,2025,5000,2342,4.56905822879641,False,True,True,True
ctx_51SUR_000551,51SUR_20251218T024029,2025,100,100,60.770899941497,False,False,False,False
ctx_51SUR_000551,51SUR_20251218T024029,2025,500,500,60.770899941497,False,False,False,False
ctx_51SUR_000551,51SUR_20251218T024029,2025,1000,1000,24.183007614060166,False,False,False,False
ctx_51SUR_000551,51SUR_20251218T024029,2025,5000,2342,20.62860826965927,False,False,False,False
ctx_51SUR_000554,51SUR_20251218T024029,2025,100,100,50.77945943886435,False,False,False,False
ctx_51SUR_000554,51SUR_20251218T024029,2025,500,500,50.77945943886435,False,False,False,False
ctx_51SUR_000554,51SUR_20251218T024029,2025,1000,1000,31.38017188210517,False,False,False,False
ctx_51SUR_000554,51SUR_20251218T024029,2025,5000,2342,11.029498835921794,False,False,False,False
ctx_51SUR_000560,51SUR_20251218T024029,2025,100,100,110.15373769372982,False,False,False,False
ctx_51SUR_000560,51SUR_20251218T024029,2025,500,500,38.24782830894714,False,False,False,False
ctx_51SUR_000560,51SUR_20251218T024029,2025,1000,1000,38.24782830894714,False,False,False,False
ctx_51SUR_000560,51SUR_20251218T024029,2025,5000,2342,4.879995880685208,False,True,True,True
ctx_51SUR_000563,51SUR_20251218T024029,2025,100,100,105.49620573103297,False,False,False,False
ctx_51SUR_000563,51SUR_20251218T024029,2025,500,500,105.49620573103297,False,False,False,False
ctx_51SUR_000563,51SUR_20251218T024029,2025,1000,1000,89.00654273605439,False,False,False,False
ctx_51SUR_000563,51SUR_20251218T024029,2025,5000,2342,58.288894943547625,False,False,False,False
ctx_51SUR_000566,51SUR_20251218T024029,2025,100,100,159.6755133375275,False,False,False,False
ctx_51SUR_000566,51SUR_20251218T024029,2025,500,500,0.23245444746507404,True,True,True,True
ctx_51SUR_000566,51SUR_20251218T024029,2025,1000,1000,0.23245444746507404,True,True,True,True
ctx_51SUR_000566,51SUR_20251218T024029,2025,5000,2342,0.23245444746507404,True,True,True,True
ctx_51SUR_000569,51SUR_20251218T024029,2025,100,100,192.62119792363572,False,False,False,False
ctx_51SUR_000569,51SUR_20251218T024029,2025,500,500,34.685856913759956,False,False,False,False
ctx_51SUR_000569,51SUR_20251218T024029,2025,1000,1000,28.207850919989795,False,False,False,False
ctx_51SUR_000569,51SUR_20251218T024029,2025,5000,2342,28.207850919989795,False,False,False,False
ctx_51SUR_000572,51SUR_20251218T024029,2025,100,100,235.16062830116607,False,False,False,False
ctx_51SUR_000572,51SUR_20251218T024029,2025,500,500,176.38935955162071,False,False,False,False
ctx_51SUR_000572,51SUR_20251218T024029,2025,1000,1000,91.15390317612263,False,False,False,False
ctx_51SUR_000572,51SUR_20251218T024029,2025,5000,2342,70.5932799550211,False,False,False,False
ctx_51SUR_000578,51SUR_20251218T024029,2025,100,100,252.75607908620776,False,False,False,False
ctx_51SUR_000578,51SUR_20251218T024029,2025,500,500,33.36251981620767,False,False,False,False
ctx_51SUR_000578,51SUR_20251218T024029,2025,1000,1000,33.36251981620767,False,False,False,False
ctx_51SUR_000578,51SUR_20251218T024029,2025,5000,2342,33.36251981620767,False,False,False,False
ctx_51SUR_000581,51SUR_20251218T024029,2025,100,100,84.05665826440402,False,False,False,False
ctx_51SUR_000581,51SUR_20251218T024029,2025,500,500,15.814841059578049,False,False,False,False
ctx_51SUR_000581,51SUR_20251218T024029,2025,1000,1000,12.924695707955768,False,False,False,False
ctx_51SUR_000581,51SUR_20251218T024029,2025,5000,2342,12.924695707955768,False,False,False,False
ctx_51SUR_000584,51SUR_20251218T024029,2025,100,100,306.3840708437036,False,False,False,False
ctx_51SUR_000584,51SUR_20251218T024029,2025,500,500,53.39041037241037,False,False,False,False
ctx_51SUR_000584,51SUR_20251218T024029,2025,1000,1000,53.39041037241037,False,False,False,False
ctx_51SUR_000584,51SUR_20251218T024029,2025,5000,2342,16.279318306215075,False,False,False,False
ctx_51SUR_000587,51SUR_20251218T024029,2025,100,100,119.85857124214844,False,False,False,False
ctx_51SUR_000587,51SUR_20251218T024029,2025,500,500,68.79333132520708,False,False,False,False
ctx_51SUR_000587,51SUR_20251218T024029,2025,1000,1000,68.79333132520708,False,False,False,False
ctx_51SUR_000587,51SUR_20251218T024029,2025,5000,2342,24.823543297141867,False,False,False,False
ctx_51SUR_000590,51SUR_20251218T024029,2025,100,100,272.89897188337073,False,False,False,False
ctx_51SUR_000590,51SUR_20251218T024029,2025,500,500,76.96198967050874,False,False,False,False
ctx_51SUR_000590,51SUR_20251218T024029,2025,1000,1000,45.79974429521383,False,False,False,False
ctx_51SUR_000590,51SUR_20251218T024029,2025,5000,2342,5.196318518874322,False,False,True,False
ctx_51SUR_000593,51SUR_20251218T024029,2025,100,100,157.39995443622772,False,False,False,False
ctx_51SUR_000593,51SUR_20251218T024029,2025,500,500,157.39995443622772,False,False,False,False
ctx_51SUR_000593,51SUR_20251218T024029,2025,1000,1000,157.39995443622772,False,False,False,False
ctx_51SUR_000593,51SUR_20251218T024029,2025,5000,2342,145.2990673041173,False,False,False,False
ctx_51SUR_000596,51SUR_20251218T024029,2025,100,100,263.14124953585593,False,False,False,False
ctx_51SUR_000596,51SUR_20251218T024029,2025,500,500,66.95463428484388,False,False,False,False
ctx_51SUR_000596,51SUR_20251218T024029,2025,1000,1000,49.033847622826535,False,False,False,False
ctx_51SUR_000596,51SUR_20251218T024029,2025,5000,2342,1.0580726040334556,True,True,True,True
ctx_51SUR_000599,51SUR_20251218T024029,2025,100,100,236.03905399267177,False,False,False,False
ctx_51SUR_000599,51SUR_20251218T024029,2025,500,500,21.264811877057905,False,False,False,False
ctx_51SUR_000599,51SUR_20251218T024029,2025,1000,1000,21.264811877057905,False,False,False,False
ctx_51SUR_000599,51SUR_20251218T024029,2025,5000,2342,6.008100898530303,False,False,True,False
ctx_51SUR_000602,51SUR_20251218T024029,2025,100,100,145.73222734232317,False,False,False,False
ctx_51SUR_000602,51SUR_20251218T024029,2025,500,500,54.84019071182247,False,False,False,False
ctx_51SUR_000602,51SUR_20251218T024029,2025,1000,1000,16.056912304842584,False,False,False,False
ctx_51SUR_000602,51SUR_20251218T024029,2025,5000,2342,0.2602916828557459,True,True,True,True
ctx_51SUR_000605,51SUR_20251218T024029,2025,100,100,177.16224271415356,False,False,False,False
ctx_51SUR_000605,51SUR_20251218T024029,2025,500,500,29.54717243435641,False,False,False,False
ctx_51SUR_000605,51SUR_20251218T024029,2025,1000,1000,21.21583212419723,False,False,False,False
ctx_51SUR_000605,51SUR_20251218T024029,2025,5000,2342,1.3004595670344772,True,True,True,True
ctx_51SUR_000608,51SUR_20251218T024029,2025,100,100,95.5787320015708,False,False,False,False
ctx_51SUR_000608,51SUR_20251218T024029,2025,500,500,65.8920686773784,False,False,False,False
ctx_51SUR_000608,51SUR_20251218T024029,2025,1000,1000,8.765402766483502,False,False,True,False
ctx_51SUR_000608,51SUR_20251218T024029,2025,5000,2342,8.765402766483502,False,False,True,False
ctx_51SUR_000611,51SUR_20251218T024029,2025,100,100,300.4385111753051,False,False,False,False
ctx_51SUR_000611,51SUR_20251218T024029,2025,500,500,138.53907623422484,False,False,False,False
ctx_51SUR_000611,51SUR_20251218T024029,2025,1000,1000,36.0966363238238,False,False,False,False
ctx_51SUR_000611,51SUR_20251218T024029,2025,5000,2342,36.0966363238238,False,False,False,False
ctx_51SUR_000614,51SUR_20251218T024029,2025,100,100,1.2450370391464787,True,True,True,True
ctx_51SUR_000614,51SUR_20251218T024029,2025,500,500,1.2450370391464787,True,True,True,True
ctx_51SUR_000614,51SUR_20251218T024029,2025,1000,1000,1.2450370391464787,True,True,True,True
ctx_51SUR_000614,51SUR_20251218T024029,2025,5000,2342,1.2450370391464787,True,True,True,True
ctx_51SUR_000617,51SUR_20251218T024029,2025,100,100,4.338363097143273,False,True,True,True
ctx_51SUR_000617,51SUR_20251218T024029,2025,500,500,4.338363097143273,False,True,True,True
ctx_51SUR_000617,51SUR_20251218T024029,2025,1000,1000,4.338363097143273,False,True,True,True
ctx_51SUR_000617,51SUR_20251218T024029,2025,5000,2342,4.338363097143273,False,True,True,True
ctx_51SUR_000620,51SUR_20251218T024029,2025,100,100,115.69509253753642,False,False,False,False
ctx_51SUR_000620,51SUR_20251218T024029,2025,500,500,17.589230404748008,False,False,False,False
ctx_51SUR_000620,51SUR_20251218T024029,2025,1000,1000,17.589230404748008,False,False,False,False
ctx_51SUR_000620,51SUR_20251218T024029,2025,5000,2342,17.589230404748008,False,False,False,False
ctx_51SUR_000623,51SUR_20251218T024029,2025,100,100,91.04777464396186,False,False,False,False
ctx_51SUR_000623,51SUR_20251218T024029,2025,500,500,70.27108976964635,False,False,False,False
ctx_51SUR_000623,51SUR_20251218T024029,2025,1000,1000,8.440475276503305,False,False,True,False
ctx_51SUR_000623,51SUR_20251218T024029,2025,5000,2342,8.440475276503305,False,False,True,False
ctx_51SUR_000626,51SUR_20251218T024029,2025,100,100,94.44563613451233,False,False,False,False
ctx_51SUR_000626,51SUR_20251218T024029,2025,500,500,85.0674460056796,False,False,False,False
ctx_51SUR_000626,51SUR_20251218T024029,2025,1000,1000,15.428607427069133,False,False,False,False
ctx_51SUR_000626,51SUR_20251218T024029,2025,5000,2342,0.7412667442431595,True,True,True,True
ctx_51SUR_000629,51SUR_20251218T024029,2025,100,100,20.134970505507464,False,False,False,False
ctx_51SUR_000629,51SUR_20251218T024029,2025,500,500,12.719713213144733,False,False,False,False
ctx_51SUR_000629,51SUR_20251218T024029,2025,1000,1000,12.719713213144733,False,False,False,False
ctx_51SUR_000629,51SUR_20251218T024029,2025,5000,2342,4.267272743207391,False,True,True,True
ctx_51SUR_000632,51SUR_20251218T024029,2025,100,100,75.13087912824403,False,False,False,False
ctx_51SUR_000632,51SUR_20251218T024029,2025,500,500,75.13087912824403,False,False,False,False
ctx_51SUR_000632,51SUR_20251218T024029,2025,1000,1000,8.146954258328986,False,False,True,False
ctx_51SUR_000632,51SUR_20251218T024029,2025,5000,2342,8.146954258328986,False,False,True,False
ctx_51SUR_000635,51SUR_20251218T024029,2025,100,100,51.09892440797223,False,False,False,False
ctx_51SUR_000635,51SUR_20251218T024029,2025,500,500,51.09892440797223,False,False,False,False
ctx_51SUR_000635,51SUR_20251218T024029,2025,1000,1000,51.09892440797223,False,False,False,False
ctx_51SUR_000635,51SUR_20251218T024029,2025,5000,2342,12.324700929464477,False,False,False,False
ctx_51SUR_000638,51SUR_20251218T024029,2025,100,100,40.58871913188037,False,False,False,False
ctx_51SUR_000638,51SUR_20251218T024029,2025,500,500,13.784634440315152,False,False,False,False
ctx_51SUR_000638,51SUR_20251218T024029,2025,1000,1000,13.784634440315152,False,False,False,False
ctx_51SUR_000638,51SUR_20251218T024029,2025,5000,2342,13.784634440315152,False,False,False,False
ctx_51SUR_000641,51SUR_20251218T024029,2025,100,100,84.59720607365891,False,False,False,False
ctx_51SUR_000641,51SUR_20251218T024029,2025,500,500,80.02074225963813,False,False,False,False
ctx_51SUR_000641,51SUR_20251218T024029,2025,1000,1000,39.416740326891784,False,False,False,False
ctx_51SUR_000641,51SUR_20251218T024029,2025,5000,2342,1.9792788854656238,True,True,True,True
ctx_51SUR_000644,51SUR_20251218T024029,2025,100,100,17.277650619903493,False,False,False,False
ctx_51SUR_000644,51SUR_20251218T024029,2025,500,500,17.277650619903493,False,False,False,False
ctx_51SUR_000644,51SUR_20251218T024029,2025,1000,1000,17.277650619903493,False,False,False,False
ctx_51SUR_000644,51SUR_20251218T024029,2025,5000,2342,17.277650619903493,False,False,False,False
ctx_51SUR_000647,51SUR_20251218T024029,2025,100,100,30.686461125929885,False,False,False,False
ctx_51SUR_000647,51SUR_20251218T024029,2025,500,500,30.686461125929885,False,False,False,False
ctx_51SUR_000647,51SUR_20251218T024029,2025,1000,1000,9.65932328446577,False,False,True,False
ctx_51SUR_000647,51SUR_20251218T024029,2025,5000,2342,9.65932328446577,False,False,True,False
ctx_51SUR_000650,51SUR_20251218T024029,2025,100,100,0.7507237087935402,True,True,True,True
ctx_51SUR_000650,51SUR_20251218T024029,2025,500,500,0.7507237087935402,True,True,True,True
ctx_51SUR_000650,51SUR_20251218T024029,2025,1000,1000,0.7507237087935402,True,True,True,True
ctx_51SUR_000650,51SUR_20251218T024029,2025,5000,2342,0.7507237087935402,True,True,True,True
ctx_51SUR_000653,51SUR_20251218T024029,2025,100,100,106.6166521574023,False,False,False,False
ctx_51SUR_000653,51SUR_20251218T024029,2025,500,500,75.73031883343616,False,False,False,False
ctx_51SUR_000653,51SUR_20251218T024029,2025,1000,1000,47.97914371063916,False,False,False,False
ctx_51SUR_000653,51SUR_20251218T024029,2025,5000,2342,14.55102289504671,False,False,False,False
ctx_51SUR_000020,51SUR_20260221T023731,2026,100,100,133.88593382638314,False,False,False,False
ctx_51SUR_000020,51SUR_20260221T023731,2026,500,500,133.88593382638314,False,False,False,False
ctx_51SUR_000020,51SUR_20260221T023731,2026,1000,1000,57.576395322829455,False,False,False,False
ctx_51SUR_000020,51SUR_20260221T023731,2026,5000,2283,1.2518430291619354,True,True,True,True
ctx_51SUR_000021,51SUR_20260221T023731,2026,100,100,62.65724624763029,False,False,False,False
ctx_51SUR_000021,51SUR_20260221T023731,2026,500,500,62.65724624763029,False,False,False,False
ctx_51SUR_000021,51SUR_20260221T023731,2026,1000,1000,62.65724624763029,False,False,False,False
ctx_51SUR_000021,51SUR_20260221T023731,2026,5000,2283,62.65724624763029,False,False,False,False
ctx_51SUR_000022,51SUR_20260221T023731,2026,100,100,104.6153659173261,False,False,False,False
ctx_51SUR_000022,51SUR_20260221T023731,2026,500,500,104.6153659173261,False,False,False,False
ctx_51SUR_000022,51SUR_20260221T023731,2026,1000,1000,104.6153659173261,False,False,False,False
ctx_51SUR_000022,51SUR_20260221T023731,2026,5000,2283,2.0361197203964014,False,True,True,True
ctx_51SUR_000024,51SUR_20260221T023731,2026,100,100,208.663481099218,False,False,False,False
ctx_51SUR_000024,51SUR_20260221T023731,2026,500,500,126.25722172207381,False,False,False,False
ctx_51SUR_000024,51SUR_20260221T023731,2026,1000,1000,116.41757372361731,False,False,False,False
ctx_51SUR_000024,51SUR_20260221T023731,2026,5000,2283,2.5330368352911052,False,True,True,True
ctx_51SUR_000025,51SUR_20260221T023731,2026,100,100,661.737289529537,False,False,False,False
ctx_51SUR_000025,51SUR_20260221T023731,2026,500,500,535.0990469478318,False,False,False,False
ctx_51SUR_000025,51SUR_20260221T023731,2026,1000,1000,535.0990469478318,False,False,False,False
ctx_51SUR_000025,51SUR_20260221T023731,2026,5000,2283,535.0990469478318,False,False,False,False
ctx_51SUR_000046,51SUR_20260221T023731,2026,100,100,60.23989063825874,False,False,False,False
ctx_51SUR_000046,51SUR_20260221T023731,2026,500,500,41.349109773998556,False,False,False,False
ctx_51SUR_000046,51SUR_20260221T023731,2026,1000,1000,29.28803366620265,False,False,False,False
ctx_51SUR_000046,51SUR_20260221T023731,2026,5000,2283,29.28803366620265,False,False,False,False
ctx_51SUR_000047,51SUR_20260221T023731,2026,100,100,0.27693295566701104,True,True,True,True
ctx_51SUR_000047,51SUR_20260221T023731,2026,500,500,0.27693295566701104,True,True,True,True
ctx_51SUR_000047,51SUR_20260221T023731,2026,1000,1000,0.27693295566701104,True,True,True,True
ctx_51SUR_000047,51SUR_20260221T023731,2026,5000,2283,0.27693295566701104,True,True,True,True
ctx_51SUR_000049,51SUR_20260221T023731,2026,100,100,210.3656167245854,False,False,False,False
ctx_51SUR_000049,51SUR_20260221T023731,2026,500,500,50.21457786741034,False,False,False,False
ctx_51SUR_000049,51SUR_20260221T023731,2026,1000,1000,50.21457786741034,False,False,False,False
ctx_51SUR_000049,51SUR_20260221T023731,2026,5000,2283,41.124558592580776,False,False,False,False
ctx_51SUR_000050,51SUR_20260221T023731,2026,100,100,65.9860878476807,False,False,False,False
ctx_51SUR_000050,51SUR_20260221T023731,2026,500,500,65.9860878476807,False,False,False,False
ctx_51SUR_000050,51SUR_20260221T023731,2026,1000,1000,65.9860878476807,False,False,False,False
ctx_51SUR_000050,51SUR_20260221T023731,2026,5000,2283,23.769055285151822,False,False,False,False
ctx_51SUR_000067,51SUR_20260221T023731,2026,100,100,161.0459941253202,False,False,False,False
ctx_51SUR_000067,51SUR_20260221T023731,2026,500,500,96.98172827414443,False,False,False,False
ctx_51SUR_000067,51SUR_20260221T023731,2026,1000,1000,96.98172827414443,False,False,False,False
ctx_51SUR_000067,51SUR_20260221T023731,2026,5000,2283,1.3282770361327814,True,True,True,True
ctx_51SUR_000068,51SUR_20260221T023731,2026,100,100,93.32700338833594,False,False,False,False
ctx_51SUR_000068,51SUR_20260221T023731,2026,500,500,21.732965997349723,False,False,False,False
ctx_51SUR_000068,51SUR_20260221T023731,2026,1000,1000,0.7675390632737561,True,True,True,True
ctx_51SUR_000068,51SUR_20260221T023731,2026,5000,2283,0.7675390632737561,True,True,True,True
ctx_51SUR_000069,51SUR_20260221T023731,2026,100,100,114.63652485606238,False,False,False,False
ctx_51SUR_000069,51SUR_20260221T023731,2026,500,500,69.89100704607402,False,False,False,False
ctx_51SUR_000069,51SUR_20260221T023731,2026,1000,1000,16.231310299314945,False,False,False,False
ctx_51SUR_000069,51SUR_20260221T023731,2026,5000,2283,16.231310299314945,False,False,False,False
ctx_51SUR_000070,51SUR_20260221T023731,2026,100,100,155.20335598651954,False,False,False,False
ctx_51SUR_000070,51SUR_20260221T023731,2026,500,500,1.0733863208147907,True,True,True,True
ctx_51SUR_000070,51SUR_20260221T023731,2026,1000,1000,1.0733863208147907,True,True,True,True
ctx_51SUR_000070,51SUR_20260221T023731,2026,5000,2283,1.0733863208147907,True,True,True,True
ctx_51SUR_000071,51SUR_20260221T023731,2026,100,100,241.29101562716767,False,False,False,False
ctx_51SUR_000071,51SUR_20260221T023731,2026,500,500,22.99300987477756,False,False,False,False
ctx_51SUR_000071,51SUR_20260221T023731,2026,1000,1000,22.99300987477756,False,False,False,False
ctx_51SUR_000071,51SUR_20260221T023731,2026,5000,2283,11.119120692828805,False,False,False,False
ctx_51SUR_000087,51SUR_20260221T023731,2026,100,100,117.61363509579247,False,False,False,False
ctx_51SUR_000087,51SUR_20260221T023731,2026,500,500,63.96620710513734,False,False,False,False
ctx_51SUR_000087,51SUR_20260221T023731,2026,1000,1000,63.96620710513734,False,False,False,False
ctx_51SUR_000087,51SUR_20260221T023731,2026,5000,2283,14.929061875958507,False,False,False,False
ctx_51SUR_000088,51SUR_20260221T023731,2026,100,100,26.209419958705944,False,False,False,False
ctx_51SUR_000088,51SUR_20260221T023731,2026,500,500,26.209419958705944,False,False,False,False
ctx_51SUR_000088,51SUR_20260221T023731,2026,1000,1000,26.209419958705944,False,False,False,False
ctx_51SUR_000088,51SUR_20260221T023731,2026,5000,2283,4.369584149490455,False,True,True,True
ctx_51SUR_000089,51SUR_20260221T023731,2026,100,100,48.026886593532446,False,False,False,False
ctx_51SUR_000089,51SUR_20260221T023731,2026,500,500,48.026886593532446,False,False,False,False
ctx_51SUR_000089,51SUR_20260221T023731,2026,1000,1000,48.026886593532446,False,False,False,False
ctx_51SUR_000089,51SUR_20260221T023731,2026,5000,2283,48.026886593532446,False,False,False,False
ctx_51SUR_000090,51SUR_20260221T023731,2026,100,100,518.5363352540583,False,False,False,False
ctx_51SUR_000090,51SUR_20260221T023731,2026,500,500,514.1506908564464,False,False,False,False
ctx_51SUR_000090,51SUR_20260221T023731,2026,1000,1000,514.1506908564464,False,False,False,False
ctx_51SUR_000090,51SUR_20260221T023731,2026,5000,2283,514.1506908564464,False,False,False,False
ctx_51SUR_000091,51SUR_20260221T023731,2026,100,100,1.9243547568974069,True,True,True,True
ctx_51SUR_000091,51SUR_20260221T023731,2026,500,500,1.9243547568974069,True,True,True,True
ctx_51SUR_000091,51SUR_20260221T023731,2026,1000,1000,1.9243547568974069,True,True,True,True
ctx_51SUR_000091,51SUR_20260221T023731,2026,5000,2283,1.9243547568974069,True,True,True,True
ctx_51SUR_000092,51SUR_20260221T023731,2026,100,100,197.15048181648118,False,False,False,False
ctx_51SUR_000092,51SUR_20260221T023731,2026,500,500,61.53789609584039,False,False,False,False
ctx_51SUR_000092,51SUR_20260221T023731,2026,1000,1000,32.56876980495858,False,False,False,False
ctx_51SUR_000092,51SUR_20260221T023731,2026,5000,2283,32.56876980495858,False,False,False,False
ctx_51SUR_000107,51SUR_20260221T023731,2026,100,100,25.32727583444013,False,False,False,False
ctx_51SUR_000107,51SUR_20260221T023731,2026,500,500,25.32727583444013,False,False,False,False
ctx_51SUR_000107,51SUR_20260221T023731,2026,1000,1000,25.32727583444013,False,False,False,False
ctx_51SUR_000107,51SUR_20260221T023731,2026,5000,2283,0.23031614900525219,True,True,True,True
ctx_51SUR_000108,51SUR_20260221T023731,2026,100,100,0.4209056450083105,True,True,True,True
ctx_51SUR_000108,51SUR_20260221T023731,2026,500,500,0.4209056450083105,True,True,True,True
ctx_51SUR_000108,51SUR_20260221T023731,2026,1000,1000,0.4209056450083105,True,True,True,True
ctx_51SUR_000108,51SUR_20260221T023731,2026,5000,2283,0.4209056450083105,True,True,True,True
ctx_51SUR_000109,51SUR_20260221T023731,2026,100,100,145.784493079168,False,False,False,False
ctx_51SUR_000109,51SUR_20260221T023731,2026,500,500,120.73944464056552,False,False,False,False
ctx_51SUR_000109,51SUR_20260221T023731,2026,1000,1000,120.73944464056552,False,False,False,False
ctx_51SUR_000109,51SUR_20260221T023731,2026,5000,2283,120.73944464056552,False,False,False,False
ctx_51SUR_000111,51SUR_20260221T023731,2026,100,100,163.6896021968716,False,False,False,False
ctx_51SUR_000111,51SUR_20260221T023731,2026,500,500,144.48003351784436,False,False,False,False
ctx_51SUR_000111,51SUR_20260221T023731,2026,1000,1000,136.2271517600875,False,False,False,False
ctx_51SUR_000111,51SUR_20260221T023731,2026,5000,2283,126.37882844885672,False,False,False,False
ctx_51SUR_000125,51SUR_20260221T023731,2026,100,100,18.290246267838636,False,False,False,False
ctx_51SUR_000125,51SUR_20260221T023731,2026,500,500,18.290246267838636,False,False,False,False
ctx_51SUR_000125,51SUR_20260221T023731,2026,1000,1000,16.958648326475373,False,False,False,False
ctx_51SUR_000125,51SUR_20260221T023731,2026,5000,2283,16.958648326475373,False,False,False,False
ctx_51SUR_000126,51SUR_20260221T023731,2026,100,100,46.562713440582925,False,False,False,False
ctx_51SUR_000126,51SUR_20260221T023731,2026,500,500,3.7641007258006574,False,True,True,True
ctx_51SUR_000126,51SUR_20260221T023731,2026,1000,1000,3.7641007258006574,False,True,True,True
ctx_51SUR_000126,51SUR_20260221T023731,2026,5000,2283,3.7641007258006574,False,True,True,True
ctx_51SUR_000127,51SUR_20260221T023731,2026,100,100,32.890797205284514,False,False,False,False
ctx_51SUR_000127,51SUR_20260221T023731,2026,500,500,32.890797205284514,False,False,False,False
ctx_51SUR_000127,51SUR_20260221T023731,2026,1000,1000,31.68021099781879,False,False,False,False
ctx_51SUR_000127,51SUR_20260221T023731,2026,5000,2283,22.705698700914972,False,False,False,False
ctx_51SUR_000128,51SUR_20260221T023731,2026,100,100,170.0155237027605,False,False,False,False
ctx_51SUR_000128,51SUR_20260221T023731,2026,500,500,27.174065499913112,False,False,False,False
ctx_51SUR_000128,51SUR_20260221T023731,2026,1000,1000,27.174065499913112,False,False,False,False
ctx_51SUR_000128,51SUR_20260221T023731,2026,5000,2283,27.174065499913112,False,False,False,False
ctx_51SUR_000141,51SUR_20260221T023731,2026,100,100,161.47036153192133,False,False,False,False
ctx_51SUR_000141,51SUR_20260221T023731,2026,500,500,81.56869730005799,False,False,False,False
ctx_51SUR_000141,51SUR_20260221T023731,2026,1000,1000,81.56869730005799,False,False,False,False
ctx_51SUR_000141,51SUR_20260221T023731,2026,5000,2283,6.753930101313212,False,False,True,False
ctx_51SUR_000142,51SUR_20260221T023731,2026,100,100,96.31804918082277,False,False,False,False
ctx_51SUR_000142,51SUR_20260221T023731,2026,500,500,40.79609141934725,False,False,False,False
ctx_51SUR_000142,51SUR_20260221T023731,2026,1000,1000,19.3028153085616,False,False,False,False
ctx_51SUR_000142,51SUR_20260221T023731,2026,5000,2283,2.5928087688569623,False,True,True,True
ctx_51SUR_000143,51SUR_20260221T023731,2026,100,100,264.22766302751813,False,False,False,False
ctx_51SUR_000143,51SUR_20260221T023731,2026,500,500,150.32754238344754,False,False,False,False
ctx_51SUR_000143,51SUR_20260221T023731,2026,1000,1000,150.32754238344754,False,False,False,False
ctx_51SUR_000143,51SUR_20260221T023731,2026,5000,2283,150.32754238344754,False,False,False,False
ctx_51SUR_000157,51SUR_20260221T023731,2026,100,100,162.45755659295838,False,False,False,False
ctx_51SUR_000157,51SUR_20260221T023731,2026,500,500,120.35309847733019,False,False,False,False
ctx_51SUR_000157,51SUR_20260221T023731,2026,1000,1000,51.208047652682666,False,False,False,False
ctx_51SUR_000157,51SUR_20260221T023731,2026,5000,2283,5.622616352502025,False,False,True,False
ctx_51SUR_000158,51SUR_20260221T023731,2026,100,100,47.17493937275696,False,False,False,False
ctx_51SUR_000158,51SUR_20260221T023731,2026,500,500,47.17493937275696,False,False,False,False
ctx_51SUR_000158,51SUR_20260221T023731,2026,1000,1000,27.719002244132852,False,False,False,False
ctx_51SUR_000158,51SUR_20260221T023731,2026,5000,2283,16.125926233959323,False,False,False,False
ctx_51SUR_000172,51SUR_20260221T023731,2026,100,100,185.22816403896098,False,False,False,False
ctx_51SUR_000172,51SUR_20260221T023731,2026,500,500,153.81348622729524,False,False,False,False
ctx_51SUR_000172,51SUR_20260221T023731,2026,1000,1000,19.69799003313506,False,False,False,False
ctx_51SUR_000172,51SUR_20260221T023731,2026,5000,2283,19.69799003313506,False,False,False,False
ctx_51SUR_000173,51SUR_20260221T023731,2026,100,100,171.43525151419166,False,False,False,False
ctx_51SUR_000173,51SUR_20260221T023731,2026,500,500,125.3128961045617,False,False,False,False
ctx_51SUR_000173,51SUR_20260221T023731,2026,1000,1000,9.71276158753624,False,False,True,False
ctx_51SUR_000173,51SUR_20260221T023731,2026,5000,2283,9.71276158753624,False,False,True,False
ctx_51SUR_000174,51SUR_20260221T023731,2026,100,100,170.9178307879721,False,False,False,False
ctx_51SUR_000174,51SUR_20260221T023731,2026,500,500,36.31135180621434,False,False,False,False
ctx_51SUR_000174,51SUR_20260221T023731,2026,1000,1000,36.31135180621434,False,False,False,False
ctx_51SUR_000174,51SUR_20260221T023731,2026,5000,2283,36.31135180621434,False,False,False,False
ctx_51SUR_000176,51SUR_20260221T023731,2026,100,100,23.351504780953473,False,False,False,False
ctx_51SUR_000176,51SUR_20260221T023731,2026,500,500,23.351504780953473,False,False,False,False
ctx_51SUR_000176,51SUR_20260221T023731,2026,1000,1000,6.401851621499618,False,False,True,False
ctx_51SUR_000176,51SUR_20260221T023731,2026,5000,2283,6.401851621499618,False,False,True,False
ctx_51SUR_000188,51SUR_20260221T023731,2026,100,100,102.32126126314657,False,False,False,False
ctx_51SUR_000188,51SUR_20260221T023731,2026,500,500,83.06916469584601,False,False,False,False
ctx_51SUR_000188,51SUR_20260221T023731,2026,1000,1000,83.06916469584601,False,False,False,False
ctx_51SUR_000188,51SUR_20260221T023731,2026,5000,2283,45.79531830801907,False,False,False,False
ctx_51SUR_000189,51SUR_20260221T023731,2026,100,100,153.97719041118057,False,False,False,False
ctx_51SUR_000189,51SUR_20260221T023731,2026,500,500,35.795997577568954,False,False,False,False
ctx_51SUR_000189,51SUR_20260221T023731,2026,1000,1000,29.33357445370677,False,False,False,False
ctx_51SUR_000189,51SUR_20260221T023731,2026,5000,2283,1.6286403591073446,True,True,True,True
ctx_51SUR_000190,51SUR_20260221T023731,2026,100,100,0.6678822544891172,True,True,True,True
ctx_51SUR_000190,51SUR_20260221T023731,2026,500,500,0.6678822544891172,True,True,True,True
ctx_51SUR_000190,51SUR_20260221T023731,2026,1000,1000,0.6678822544891172,True,True,True,True
ctx_51SUR_000190,51SUR_20260221T023731,2026,5000,2283,0.6678822544891172,True,True,True,True
ctx_51SUR_000201,51SUR_20260221T023731,2026,100,100,113.20034822345382,False,False,False,False
ctx_51SUR_000201,51SUR_20260221T023731,2026,500,500,39.91475228822904,False,False,False,False
ctx_51SUR_000201,51SUR_20260221T023731,2026,1000,1000,16.17153494376927,False,False,False,False
ctx_51SUR_000201,51SUR_20260221T023731,2026,5000,2283,0.7048193298842593,True,True,True,True
ctx_51SUR_000202,51SUR_20260221T023731,2026,100,100,124.41365759562407,False,False,False,False
ctx_51SUR_000202,51SUR_20260221T023731,2026,500,500,34.16755700073371,False,False,False,False
ctx_51SUR_000202,51SUR_20260221T023731,2026,1000,1000,14.828141369269668,False,False,False,False
ctx_51SUR_000202,51SUR_20260221T023731,2026,5000,2283,0.7687788761687334,True,True,True,True
ctx_51SUR_000203,51SUR_20260221T023731,2026,100,100,68.62083712120905,False,False,False,False
ctx_51SUR_000203,51SUR_20260221T023731,2026,500,500,30.086562397188246,False,False,False,False
ctx_51SUR_000203,51SUR_20260221T023731,2026,1000,1000,30.086562397188246,False,False,False,False
ctx_51SUR_000203,51SUR_20260221T023731,2026,5000,2283,20.78244226915713,False,False,False,False
ctx_51SUR_000204,51SUR_20260221T023731,2026,100,100,549.6668150068341,False,False,False,False
ctx_51SUR_000204,51SUR_20260221T023731,2026,500,500,503.3733620754665,False,False,False,False
ctx_51SUR_000204,51SUR_20260221T023731,2026,1000,1000,503.3733620754665,False,False,False,False
ctx_51SUR_000204,51SUR_20260221T023731,2026,5000,2283,503.3733620754665,False,False,False,False
ctx_51SUR_000215,51SUR_20260221T023731,2026,100,100,113.620443127689,False,False,False,False
ctx_51SUR_000215,51SUR_20260221T023731,2026,500,500,70.13764229249443,False,False,False,False
ctx_51SUR_000215,51SUR_20260221T023731,2026,1000,1000,39.86260111205685,False,False,False,False
ctx_51SUR_000215,51SUR_20260221T023731,2026,5000,2283,4.68158206997335,False,True,True,True
ctx_51SUR_000216,51SUR_20260221T023731,2026,100,100,275.78011368099135,False,False,False,False
ctx_51SUR_000216,51SUR_20260221T023731,2026,500,500,34.936472598960684,False,False,False,False
ctx_51SUR_000216,51SUR_20260221T023731,2026,1000,1000,34.936472598960684,False,False,False,False
ctx_51SUR_000216,51SUR_20260221T023731,2026,5000,2283,34.936472598960684,False,False,False,False
ctx_51SUR_000227,51SUR_20260221T023731,2026,100,100,223.87906048605117,False,False,False,False
ctx_51SUR_000227,51SUR_20260221T023731,2026,500,500,147.20833138346504,False,False,False,False
ctx_51SUR_000227,51SUR_20260221T023731,2026,1000,1000,127.5816235892073,False,False,False,False
ctx_51SUR_000227,51SUR_20260221T023731,2026,5000,2283,11.923541114601536,False,False,False,False
ctx_51SUR_000228,51SUR_20260221T023731,2026,100,100,2.1206640333586693,False,True,True,True
ctx_51SUR_000228,51SUR_20260221T023731,2026,500,500,2.1206640333586693,False,True,True,True
ctx_51SUR_000228,51SUR_20260221T023731,2026,1000,1000,2.1206640333586693,False,True,True,True
ctx_51SUR_000228,51SUR_20260221T023731,2026,5000,2283,2.1206640333586693,False,True,True,True
ctx_51SUR_000229,51SUR_20260221T023731,2026,100,100,102.02001544675527,False,False,False,False
ctx_51SUR_000229,51SUR_20260221T023731,2026,500,500,57.180271695906264,False,False,False,False
ctx_51SUR_000229,51SUR_20260221T023731,2026,1000,1000,42.09517988124932,False,False,False,False
ctx_51SUR_000229,51SUR_20260221T023731,2026,5000,2283,21.95761374195175,False,False,False,False
ctx_51SUR_000239,51SUR_20260221T023731,2026,100,100,86.12213333957996,False,False,False,False
ctx_51SUR_000239,51SUR_20260221T023731,2026,500,500,35.91597158793892,False,False,False,False
ctx_51SUR_000239,51SUR_20260221T023731,2026,1000,1000,35.91597158793892,False,False,False,False
ctx_51SUR_000239,51SUR_20260221T023731,2026,5000,2283,20.312785064691237,False,False,False,False
ctx_51SUR_000240,51SUR_20260221T023731,2026,100,100,90.84177198930459,False,False,False,False
ctx_51SUR_000240,51SUR_20260221T023731,2026,500,500,0.7516980146344742,True,True,True,True
ctx_51SUR_000240,51SUR_20260221T023731,2026,1000,1000,0.7516980146344742,True,True,True,True
ctx_51SUR_000240,51SUR_20260221T023731,2026,5000,2283,0.7516980146344742,True,True,True,True
ctx_51SUR_000241,51SUR_20260221T023731,2026,100,100,221.41239893080652,False,False,False,False
ctx_51SUR_000241,51SUR_20260221T023731,2026,500,500,187.81877866262755,False,False,False,False
ctx_51SUR_000241,51SUR_20260221T023731,2026,1000,1000,187.81877866262755,False,False,False,False
ctx_51SUR_000241,51SUR_20260221T023731,2026,5000,2283,187.81877866262755,False,False,False,False
ctx_51SUR_000250,51SUR_20260221T023731,2026,100,100,140.38987707002985,False,False,False,False
ctx_51SUR_000250,51SUR_20260221T023731,2026,500,500,99.0417167231845,False,False,False,False
ctx_51SUR_000250,51SUR_20260221T023731,2026,1000,1000,99.0417167231845,False,False,False,False
ctx_51SUR_000250,51SUR_20260221T023731,2026,5000,2283,25.25051782852294,False,False,False,False
ctx_51SUR_000251,51SUR_20260221T023731,2026,100,100,0.3032582638333941,True,True,True,True
ctx_51SUR_000251,51SUR_20260221T023731,2026,500,500,0.3032582638333941,True,True,True,True
ctx_51SUR_000251,51SUR_20260221T023731,2026,1000,1000,0.3032582638333941,True,True,True,True
ctx_51SUR_000251,51SUR_20260221T023731,2026,5000,2283,0.3032582638333941,True,True,True,True
ctx_51SUR_000252,51SUR_20260221T023731,2026,100,100,47.87635976502734,False,False,False,False
ctx_51SUR_000252,51SUR_20260221T023731,2026,500,500,27.155897949412783,False,False,False,False
ctx_51SUR_000252,51SUR_20260221T023731,2026,1000,1000,14.985859553448321,False,False,False,False
ctx_51SUR_000252,51SUR_20260221T023731,2026,5000,2283,14.985859553448321,False,False,False,False
ctx_51SUR_000261,51SUR_20260221T023731,2026,100,100,194.42899676497467,False,False,False,False
ctx_51SUR_000261,51SUR_20260221T023731,2026,500,500,90.41041603185577,False,False,False,False
ctx_51SUR_000261,51SUR_20260221T023731,2026,1000,1000,90.41041603185577,False,False,False,False
ctx_51SUR_000261,51SUR_20260221T023731,2026,5000,2283,15.488481784241982,False,False,False,False
ctx_51SUR_000262,51SUR_20260221T023731,2026,100,100,169.71346282432333,False,False,False,False
ctx_51SUR_000262,51SUR_20260221T023731,2026,500,500,17.708953366830112,False,False,False,False
ctx_51SUR_000262,51SUR_20260221T023731,2026,1000,1000,17.708953366830112,False,False,False,False
ctx_51SUR_000262,51SUR_20260221T023731,2026,5000,2283,0.47909488464247846,True,True,True,True
ctx_51SUR_000263,51SUR_20260221T023731,2026,100,100,70.87929486452607,False,False,False,False
ctx_51SUR_000263,51SUR_20260221T023731,2026,500,500,20.768585080460255,False,False,False,False
ctx_51SUR_000263,51SUR_20260221T023731,2026,1000,1000,3.2591496365300934,False,True,True,True
ctx_51SUR_000263,51SUR_20260221T023731,2026,5000,2283,3.2591496365300934,False,True,True,True
ctx_51SUR_000273,51SUR_20260221T023731,2026,100,100,156.85514864441257,False,False,False,False
ctx_51SUR_000273,51SUR_20260221T023731,2026,500,500,44.123488771877014,False,False,False,False
ctx_51SUR_000273,51SUR_20260221T023731,2026,1000,1000,44.123488771877014,False,False,False,False
ctx_51SUR_000273,51SUR_20260221T023731,2026,5000,2283,9.14382545929334,False,False,True,False
ctx_51SUR_000274,51SUR_20260221T023731,2026,100,100,85.82870654150854,False,False,False,False
ctx_51SUR_000274,51SUR_20260221T023731,2026,500,500,41.049714593642506,False,False,False,False
ctx_51SUR_000274,51SUR_20260221T023731,2026,1000,1000,13.847398497970502,False,False,False,False
ctx_51SUR_000274,51SUR_20260221T023731,2026,5000,2283,13.847398497970502,False,False,False,False
ctx_51SUR_000283,51SUR_20260221T023731,2026,100,100,13.515393669582837,False,False,False,False
ctx_51SUR_000283,51SUR_20260221T023731,2026,500,500,13.515393669582837,False,False,False,False
ctx_51SUR_000283,51SUR_20260221T023731,2026,1000,1000,13.515393669582837,False,False,False,False
ctx_51SUR_000283,51SUR_20260221T023731,2026,5000,2283,4.266308756908884,False,True,True,True
ctx_51SUR_000284,51SUR_20260221T023731,2026,100,100,135.69471324748267,False,False,False,False
ctx_51SUR_000284,51SUR_20260221T023731,2026,500,500,43.60944587984662,False,False,False,False
ctx_51SUR_000284,51SUR_20260221T023731,2026,1000,1000,43.60944587984662,False,False,False,False
ctx_51SUR_000284,51SUR_20260221T023731,2026,5000,2283,4.324004372938037,False,True,True,True
ctx_51SUR_000285,51SUR_20260221T023731,2026,100,100,107.56590949356116,False,False,False,False
ctx_51SUR_000285,51SUR_20260221T023731,2026,500,500,26.733022184637637,False,False,False,False
ctx_51SUR_000285,51SUR_20260221T023731,2026,1000,1000,26.733022184637637,False,False,False,False
ctx_51SUR_000285,51SUR_20260221T023731,2026,5000,2283,26.733022184637637,False,False,False,False
ctx_51SUR_000293,51SUR_20260221T023731,2026,100,100,81.8901608897673,False,False,False,False
ctx_51SUR_000293,51SUR_20260221T023731,2026,500,500,62.839466672537434,False,False,False,False
ctx_51SUR_000293,51SUR_20260221T023731,2026,1000,1000,51.5223337623643,False,False,False,False
ctx_51SUR_000293,51SUR_20260221T023731,2026,5000,2283,48.134105312484635,False,False,False,False
ctx_51SUR_000294,51SUR_20260221T023731,2026,100,100,289.76545872720135,False,False,False,False
ctx_51SUR_000294,51SUR_20260221T023731,2026,500,500,83.18984088981853,False,False,False,False
ctx_51SUR_000294,51SUR_20260221T023731,2026,1000,1000,0.46371406376221885,True,True,True,True
ctx_51SUR_000294,51SUR_20260221T023731,2026,5000,2283,0.46371406376221885,True,True,True,True
ctx_51SUR_000295,51SUR_20260221T023731,2026,100,100,10.091177362858499,False,False,False,False
ctx_51SUR_000295,51SUR_20260221T023731,2026,500,500,10.091177362858499,False,False,False,False
ctx_51SUR_000295,51SUR_20260221T023731,2026,1000,1000,10.091177362858499,False,False,False,False
ctx_51SUR_000295,51SUR_20260221T023731,2026,5000,2283,10.091177362858499,False,False,False,False
ctx_51SUR_000303,51SUR_20260221T023731,2026,100,100,33.60381989750933,False,False,False,False
ctx_51SUR_000303,51SUR_20260221T023731,2026,500,500,33.60381989750933,False,False,False,False
ctx_51SUR_000303,51SUR_20260221T023731,2026,1000,1000,11.92118891421211,False,False,False,False
ctx_51SUR_000303,51SUR_20260221T023731,2026,5000,2283,0.7687543743960257,True,True,True,True
ctx_51SUR_000305,51SUR_20260221T023731,2026,100,100,114.6840074959448,False,False,False,False
ctx_51SUR_000305,51SUR_20260221T023731,2026,500,500,84.55602373191394,False,False,False,False
ctx_51SUR_000305,51SUR_20260221T023731,2026,1000,1000,84.55602373191394,False,False,False,False
ctx_51SUR_000305,51SUR_20260221T023731,2026,5000,2283,28.154835403038472,False,False,False,False
ctx_51SUR_000313,51SUR_20260221T023731,2026,100,100,135.28875515808033,False,False,False,False
ctx_51SUR_000313,51SUR_20260221T023731,2026,500,500,134.729211349466,False,False,False,False
ctx_51SUR_000313,51SUR_20260221T023731,2026,1000,1000,87.97360239686975,False,False,False,False
ctx_51SUR_000313,51SUR_20260221T023731,2026,5000,2283,6.261856904880931,False,False,True,False
ctx_51SUR_000314,51SUR_20260221T023731,2026,100,100,114.30220616766363,False,False,False,False
ctx_51SUR_000314,51SUR_20260221T023731,2026,500,500,19.449035145925155,False,False,False,False
ctx_51SUR_000314,51SUR_20260221T023731,2026,1000,1000,10.911555820218547,False,False,False,False
ctx_51SUR_000314,51SUR_20260221T023731,2026,5000,2283,3.3953171922527887,False,True,True,True
ctx_51SUR_000315,51SUR_20260221T023731,2026,100,100,120.20711105779785,False,False,False,False
ctx_51SUR_000315,51SUR_20260221T023731,2026,500,500,98.56201662060536,False,False,False,False
ctx_51SUR_000315,51SUR_20260221T023731,2026,1000,1000,98.56201662060536,False,False,False,False
ctx_51SUR_000315,51SUR_20260221T023731,2026,5000,2283,98.56201662060536,False,False,False,False
ctx_51SUR_000324,51SUR_20260221T023731,2026,100,100,46.621815754383825,False,False,False,False
ctx_51SUR_000324,51SUR_20260221T023731,2026,500,500,23.637232565139396,False,False,False,False
ctx_51SUR_000324,51SUR_20260221T023731,2026,1000,1000,12.917923578260599,False,False,False,False
ctx_51SUR_000324,51SUR_20260221T023731,2026,5000,2283,12.917923578260599,False,False,False,False
ctx_51SUR_000332,51SUR_20260221T023731,2026,100,100,55.6283408039735,False,False,False,False
ctx_51SUR_000332,51SUR_20260221T023731,2026,500,500,55.6283408039735,False,False,False,False
ctx_51SUR_000332,51SUR_20260221T023731,2026,1000,1000,55.6283408039735,False,False,False,False
ctx_51SUR_000332,51SUR_20260221T023731,2026,5000,2283,22.50182692648757,False,False,False,False
ctx_51SUR_000334,51SUR_20260221T023731,2026,100,100,90.60437574588028,False,False,False,False
ctx_51SUR_000334,51SUR_20260221T023731,2026,500,500,8.311606685713075,False,False,True,False
ctx_51SUR_000334,51SUR_20260221T023731,2026,1000,1000,8.311606685713075,False,False,True,False
ctx_51SUR_000334,51SUR_20260221T023731,2026,5000,2283,8.311606685713075,False,False,True,False
ctx_51SUR_000341,51SUR_20260221T023731,2026,100,100,238.94156531640832,False,False,False,False
ctx_51SUR_000341,51SUR_20260221T023731,2026,500,500,131.2654139333049,False,False,False,False
ctx_51SUR_000341,51SUR_20260221T023731,2026,1000,1000,122.91077243387976,False,False,False,False
ctx_51SUR_000341,51SUR_20260221T023731,2026,5000,2283,122.91077243387976,False,False,False,False
ctx_51SUR_000347,51SUR_20260221T023731,2026,100,100,125.01202586738172,False,False,False,False
ctx_51SUR_000347,51SUR_20260221T023731,2026,500,500,80.11768290276278,False,False,False,False
ctx_51SUR_000347,51SUR_20260221T023731,2026,1000,1000,69.82134756193527,False,False,False,False
ctx_51SUR_000347,51SUR_20260221T023731,2026,5000,2283,8.294235794485326,False,False,True,False
ctx_51SUR_000348,51SUR_20260221T023731,2026,100,100,190.15574983198172,False,False,False,False
ctx_51SUR_000348,51SUR_20260221T023731,2026,500,500,169.33555397353737,False,False,False,False
ctx_51SUR_000348,51SUR_20260221T023731,2026,1000,1000,9.974196100012938,False,False,True,False
ctx_51SUR_000348,51SUR_20260221T023731,2026,5000,2283,9.974196100012938,False,False,True,False
ctx_51SUR_000353,51SUR_20260221T023731,2026,100,100,54.065596835670036,False,False,False,False
ctx_51SUR_000353,51SUR_20260221T023731,2026,500,500,54.065596835670036,False,False,False,False
ctx_51SUR_000353,51SUR_20260221T023731,2026,1000,1000,43.638877402496696,False,False,False,False
ctx_51SUR_000353,51SUR_20260221T023731,2026,5000,2283,3.760609647618286,False,True,True,True
ctx_51SUR_000354,51SUR_20260221T023731,2026,100,100,131.2555447225697,False,False,False,False
ctx_51SUR_000354,51SUR_20260221T023731,2026,500,500,14.10302128853497,False,False,False,False
ctx_51SUR_000354,51SUR_20260221T023731,2026,1000,1000,10.714878671354976,False,False,False,False
ctx_51SUR_000354,51SUR_20260221T023731,2026,5000,2283,10.714878671354976,False,False,False,False
ctx_51SUR_000359,51SUR_20260221T023731,2026,100,100,118.97517507008207,False,False,False,False
ctx_51SUR_000359,51SUR_20260221T023731,2026,500,500,34.17315351964689,False,False,False,False
ctx_51SUR_000359,51SUR_20260221T023731,2026,1000,1000,20.03040933466425,False,False,False,False
ctx_51SUR_000359,51SUR_20260221T023731,2026,5000,2283,1.7136184951655078,True,True,True,True
ctx_51SUR_000360,51SUR_20260221T023731,2026,100,100,189.84083891734292,False,False,False,False
ctx_51SUR_000360,51SUR_20260221T023731,2026,500,500,99.56479788717925,False,False,False,False
ctx_51SUR_000360,51SUR_20260221T023731,2026,1000,1000,42.37548898057933,False,False,False,False
ctx_51SUR_000360,51SUR_20260221T023731,2026,5000,2283,6.019125478909069,False,False,True,False
ctx_51SUR_000363,51SUR_20260221T023731,2026,100,100,42.00981332585522,False,False,False,False
ctx_51SUR_000363,51SUR_20260221T023731,2026,500,500,42.00981332585522,False,False,False,False
ctx_51SUR_000363,51SUR_20260221T023731,2026,1000,1000,4.584943348772289,False,True,True,True
ctx_51SUR_000363,51SUR_20260221T023731,2026,5000,2283,4.584943348772289,False,True,True,True
ctx_51SUR_000364,51SUR_20260221T023731,2026,100,100,17.80992611459183,False,False,False,False
ctx_51SUR_000364,51SUR_20260221T023731,2026,500,500,14.966706025460727,False,False,False,False
ctx_51SUR_000364,51SUR_20260221T023731,2026,1000,1000,11.015733912157712,False,False,False,False
ctx_51SUR_000364,51SUR_20260221T023731,2026,5000,2283,11.015733912157712,False,False,False,False
ctx_51SUR_000367,51SUR_20260221T023731,2026,100,100,113.73966626916491,False,False,False,False
ctx_51SUR_000367,51SUR_20260221T023731,2026,500,500,62.03266921043113,False,False,False,False
ctx_51SUR_000367,51SUR_20260221T023731,2026,1000,1000,62.03266921043113,False,False,False,False
ctx_51SUR_000367,51SUR_20260221T023731,2026,5000,2283,5.142846078650786,False,False,True,False
ctx_51SUR_000371,51SUR_20260221T023731,2026,100,100,76.62581210569742,False,False,False,False
ctx_51SUR_000371,51SUR_20260221T023731,2026,500,500,76.62581210569742,False,False,False,False
ctx_51SUR_000371,51SUR_20260221T023731,2026,1000,1000,56.77737057028584,False,False,False,False
ctx_51SUR_000371,51SUR_20260221T023731,2026,5000,2283,5.952514679328516,False,False,True,False
ctx_51SUR_000372,51SUR_20260221T023731,2026,100,100,236.75764563979652,False,False,False,False
ctx_51SUR_000372,51SUR_20260221T023731,2026,500,500,0.3071252616938104,True,True,True,True
ctx_51SUR_000372,51SUR_20260221T023731,2026,1000,1000,0.3071252616938104,True,True,True,True
ctx_51SUR_000372,51SUR_20260221T023731,2026,5000,2283,0.3071252616938104,True,True,True,True
ctx_51SUR_000375,51SUR_20260221T023731,2026,100,100,80.9306157130299,False,False,False,False
ctx_51SUR_000375,51SUR_20260221T023731,2026,500,500,13.7731482332154,False,False,False,False
ctx_51SUR_000375,51SUR_20260221T023731,2026,1000,1000,13.7731482332154,False,False,False,False
ctx_51SUR_000375,51SUR_20260221T023731,2026,5000,2283,2.9218813518590303,False,True,True,True
ctx_51SUR_000379,51SUR_20260221T023731,2026,100,100,213.00069975322447,False,False,False,False
ctx_51SUR_000379,51SUR_20260221T023731,2026,500,500,44.469884706385756,False,False,False,False
ctx_51SUR_000379,51SUR_20260221T023731,2026,1000,1000,44.469884706385756,False,False,False,False
ctx_51SUR_000379,51SUR_20260221T023731,2026,5000,2283,0.8144276395666276,True,True,True,True
ctx_51SUR_000383,51SUR_20260221T023731,2026,100,100,57.58515416220859,False,False,False,False
ctx_51SUR_000383,51SUR_20260221T023731,2026,500,500,57.58515416220859,False,False,False,False
ctx_51SUR_000383,51SUR_20260221T023731,2026,1000,1000,57.58515416220859,False,False,False,False
ctx_51SUR_000383,51SUR_20260221T023731,2026,5000,2283,0.24303633038346487,True,True,True,True
ctx_51SUR_000384,51SUR_20260221T023731,2026,100,100,113.98361990079945,False,False,False,False
ctx_51SUR_000384,51SUR_20260221T023731,2026,500,500,75.11355506756739,False,False,False,False
ctx_51SUR_000384,51SUR_20260221T023731,2026,1000,1000,49.88073634470036,False,False,False,False
ctx_51SUR_000384,51SUR_20260221T023731,2026,5000,2283,49.88073634470036,False,False,False,False
ctx_51SUR_000387,51SUR_20260221T023731,2026,100,100,0.7674518450597823,True,True,True,True
ctx_51SUR_000387,51SUR_20260221T023731,2026,500,500,0.7674518450597823,True,True,True,True
ctx_51SUR_000387,51SUR_20260221T023731,2026,1000,1000,0.7674518450597823,True,True,True,True
ctx_51SUR_000387,51SUR_20260221T023731,2026,5000,2283,0.7674518450597823,True,True,True,True
ctx_51SUR_000388,51SUR_20260221T023731,2026,100,100,179.06429759575008,False,False,False,False
ctx_51SUR_000388,51SUR_20260221T023731,2026,500,500,112.24670656185184,False,False,False,False
ctx_51SUR_000388,51SUR_20260221T023731,2026,1000,1000,59.96773502084517,False,False,False,False
ctx_51SUR_000388,51SUR_20260221T023731,2026,5000,2283,41.64493523581241,False,False,False,False
ctx_51SUR_000391,51SUR_20260221T023731,2026,100,100,113.43746654991308,False,False,False,False
ctx_51SUR_000391,51SUR_20260221T023731,2026,500,500,23.283954488449453,False,False,False,False
ctx_51SUR_000391,51SUR_20260221T023731,2026,1000,1000,19.639859366887123,False,False,False,False
ctx_51SUR_000391,51SUR_20260221T023731,2026,5000,2283,2.0261564518208117,False,True,True,True
ctx_51SUR_000392,51SUR_20260221T023731,2026,100,100,38.426289520325874,False,False,False,False
ctx_51SUR_000392,51SUR_20260221T023731,2026,500,500,14.643174301035359,False,False,False,False
ctx_51SUR_000392,51SUR_20260221T023731,2026,1000,1000,14.643174301035359,False,False,False,False
ctx_51SUR_000392,51SUR_20260221T023731,2026,5000,2283,14.643174301035359,False,False,False,False
ctx_51SUR_000395,51SUR_20260221T023731,2026,100,100,63.86347777356037,False,False,False,False
ctx_51SUR_000395,51SUR_20260221T023731,2026,500,500,21.807176372538883,False,False,False,False
ctx_51SUR_000395,51SUR_20260221T023731,2026,1000,1000,21.807176372538883,False,False,False,False
ctx_51SUR_000395,51SUR_20260221T023731,2026,5000,2283,21.807176372538883,False,False,False,False
ctx_51SUR_000399,51SUR_20260221T023731,2026,100,100,135.59648472071717,False,False,False,False
ctx_51SUR_000399,51SUR_20260221T023731,2026,500,500,87.89871799106312,False,False,False,False
ctx_51SUR_000399,51SUR_20260221T023731,2026,1000,1000,87.89871799106312,False,False,False,False
ctx_51SUR_000399,51SUR_20260221T023731,2026,5000,2283,0.6648142833097944,True,True,True,True
ctx_51SUR_000400,51SUR_20260221T023731,2026,100,100,227.83042198207298,False,False,False,False
ctx_51SUR_000400,51SUR_20260221T023731,2026,500,500,48.05677553317187,False,False,False,False
ctx_51SUR_000400,51SUR_20260221T023731,2026,1000,1000,48.05677553317187,False,False,False,False
ctx_51SUR_000400,51SUR_20260221T023731,2026,5000,2283,0.2692108002168298,True,True,True,True
ctx_51SUR_000403,51SUR_20260221T023731,2026,100,100,149.12287805326744,False,False,False,False
ctx_51SUR_000403,51SUR_20260221T023731,2026,500,500,87.57185741664502,False,False,False,False
ctx_51SUR_000403,51SUR_20260221T023731,2026,1000,1000,87.57185741664502,False,False,False,False
ctx_51SUR_000403,51SUR_20260221T023731,2026,5000,2283,1.0368120957250981,True,True,True,True
ctx_51SUR_000404,51SUR_20260221T023731,2026,100,100,263.32506614966303,False,False,False,False
ctx_51SUR_000404,51SUR_20260221T023731,2026,500,500,183.69867242813436,False,False,False,False
ctx_51SUR_000404,51SUR_20260221T023731,2026,1000,1000,64.55005438383573,False,False,False,False
ctx_51SUR_000404,51SUR_20260221T023731,2026,5000,2283,2.153931712075139,False,True,True,True
ctx_51SUR_000407,51SUR_20260221T023731,2026,100,100,137.14931296796934,False,False,False,False
ctx_51SUR_000407,51SUR_20260221T023731,2026,500,500,48.73433017295346,False,False,False,False
ctx_51SUR_000407,51SUR_20260221T023731,2026,1000,1000,48.73433017295346,False,False,False,False
ctx_51SUR_000407,51SUR_20260221T023731,2026,5000,2283,1.0255605595792587,True,True,True,True
ctx_51SUR_000411,51SUR_20260221T023731,2026,100,100,90.42126725285274,False,False,False,False
ctx_51SUR_000411,51SUR_20260221T023731,2026,500,500,25.323170658829525,False,False,False,False
ctx_51SUR_000411,51SUR_20260221T023731,2026,1000,1000,25.323170658829525,False,False,False,False
ctx_51SUR_000411,51SUR_20260221T023731,2026,5000,2283,10.213018676229751,False,False,False,False
ctx_51SUR_000412,51SUR_20260221T023731,2026,100,100,41.607478314073354,False,False,False,False
ctx_51SUR_000412,51SUR_20260221T023731,2026,500,500,31.974220916716703,False,False,False,False
ctx_51SUR_000412,51SUR_20260221T023731,2026,1000,1000,31.974220916716703,False,False,False,False
ctx_51SUR_000412,51SUR_20260221T023731,2026,5000,2283,31.974220916716703,False,False,False,False
ctx_51SUR_000415,51SUR_20260221T023731,2026,100,100,119.04885082609883,False,False,False,False
ctx_51SUR_000415,51SUR_20260221T023731,2026,500,500,119.04885082609883,False,False,False,False
ctx_51SUR_000415,51SUR_20260221T023731,2026,1000,1000,1.2687186529615395,True,True,True,True
ctx_51SUR_000415,51SUR_20260221T023731,2026,5000,2283,1.2687186529615395,True,True,True,True
ctx_51SUR_000416,51SUR_20260221T023731,2026,100,100,120.65633778032466,False,False,False,False
ctx_51SUR_000416,51SUR_20260221T023731,2026,500,500,95.18316349602792,False,False,False,False
ctx_51SUR_000416,51SUR_20260221T023731,2026,1000,1000,91.0995694915621,False,False,False,False
ctx_51SUR_000416,51SUR_20260221T023731,2026,5000,2283,80.00764855406709,False,False,False,False
ctx_51SUR_000419,51SUR_20260221T023731,2026,100,100,177.40775184804917,False,False,False,False
ctx_51SUR_000419,51SUR_20260221T023731,2026,500,500,112.30334410745456,False,False,False,False
ctx_51SUR_000419,51SUR_20260221T023731,2026,1000,1000,112.30334410745456,False,False,False,False
ctx_51SUR_000419,51SUR_20260221T023731,2026,5000,2283,8.834798574236537,False,False,True,False
ctx_51SUR_000420,51SUR_20260221T023731,2026,100,100,396.2429221783498,False,False,False,False
ctx_51SUR_000420,51SUR_20260221T023731,2026,500,500,396.2429221783498,False,False,False,False
ctx_51SUR_000420,51SUR_20260221T023731,2026,1000,1000,396.2429221783498,False,False,False,False
ctx_51SUR_000420,51SUR_20260221T023731,2026,5000,2283,396.2429221783498,False,False,False,False
ctx_51SUR_000423,51SUR_20260221T023731,2026,100,100,11.523675734128561,False,False,False,False
ctx_51SUR_000423,51SUR_20260221T023731,2026,500,500,11.523675734128561,False,False,False,False
ctx_51SUR_000423,51SUR_20260221T023731,2026,1000,1000,11.523675734128561,False,False,False,False
ctx_51SUR_000423,51SUR_20260221T023731,2026,5000,2283,7.909217536339668,False,False,True,False
ctx_51SUR_000424,51SUR_20260221T023731,2026,100,100,179.84408840336852,False,False,False,False
ctx_51SUR_000424,51SUR_20260221T023731,2026,500,500,59.17139751581148,False,False,False,False
ctx_51SUR_000424,51SUR_20260221T023731,2026,1000,1000,59.17139751581148,False,False,False,False
ctx_51SUR_000424,51SUR_20260221T023731,2026,5000,2283,10.218223703019301,False,False,False,False
ctx_51SUR_000427,51SUR_20260221T023731,2026,100,100,56.514443369322265,False,False,False,False
ctx_51SUR_000427,51SUR_20260221T023731,2026,500,500,56.514443369322265,False,False,False,False
ctx_51SUR_000427,51SUR_20260221T023731,2026,1000,1000,56.514443369322265,False,False,False,False
ctx_51SUR_000427,51SUR_20260221T023731,2026,5000,2283,3.2173526474317833,False,True,True,True
ctx_51SUR_000431,51SUR_20260221T023731,2026,100,100,146.753956313599,False,False,False,False
ctx_51SUR_000431,51SUR_20260221T023731,2026,500,500,82.99670478649965,False,False,False,False
ctx_51SUR_000431,51SUR_20260221T023731,2026,1000,1000,82.99670478649965,False,False,False,False
ctx_51SUR_000431,51SUR_20260221T023731,2026,5000,2283,1.728152789018978,True,True,True,True
ctx_51SUR_000432,51SUR_20260221T023731,2026,100,100,251.56824097813197,False,False,False,False
ctx_51SUR_000432,51SUR_20260221T023731,2026,500,500,18.460729241979138,False,False,False,False
ctx_51SUR_000432,51SUR_20260221T023731,2026,1000,1000,18.460729241979138,False,False,False,False
ctx_51SUR_000432,51SUR_20260221T023731,2026,5000,2283,7.443517364692448,False,False,True,False
ctx_51SUR_000435,51SUR_20260221T023731,2026,100,100,23.03890862573961,False,False,False,False
ctx_51SUR_000435,51SUR_20260221T023731,2026,500,500,23.03890862573961,False,False,False,False
ctx_51SUR_000435,51SUR_20260221T023731,2026,1000,1000,23.03890862573961,False,False,False,False
ctx_51SUR_000435,51SUR_20260221T023731,2026,5000,2283,3.490240871488959,False,True,True,True
ctx_51SUR_000436,51SUR_20260221T023731,2026,100,100,218.32405380495018,False,False,False,False
ctx_51SUR_000436,51SUR_20260221T023731,2026,500,500,54.65888964510606,False,False,False,False
ctx_51SUR_000436,51SUR_20260221T023731,2026,1000,1000,4.546325455927242,False,True,True,True
ctx_51SUR_000436,51SUR_20260221T023731,2026,5000,2283,4.546325455927242,False,True,True,True
ctx_51SUR_000439,51SUR_20260221T023731,2026,100,100,262.1200686634583,False,False,False,False
ctx_51SUR_000439,51SUR_20260221T023731,2026,500,500,140.42924989098938,False,False,False,False
ctx_51SUR_000439,51SUR_20260221T023731,2026,1000,1000,116.49234590172712,False,False,False,False
ctx_51SUR_000439,51SUR_20260221T023731,2026,5000,2283,6.55728645190914,False,False,True,False
ctx_51SUR_000440,51SUR_20260221T023731,2026,100,100,90.38768523430949,False,False,False,False
ctx_51SUR_000440,51SUR_20260221T023731,2026,500,500,80.7963897512955,False,False,False,False
ctx_51SUR_000440,51SUR_20260221T023731,2026,1000,1000,59.19785900837684,False,False,False,False
ctx_51SUR_000440,51SUR_20260221T023731,2026,5000,2283,53.33281388258374,False,False,False,False
ctx_51SUR_000443,51SUR_20260221T023731,2026,100,100,141.05060754355867,False,False,False,False
ctx_51SUR_000443,51SUR_20260221T023731,2026,500,500,53.999777203677134,False,False,False,False
ctx_51SUR_000443,51SUR_20260221T023731,2026,1000,1000,53.999777203677134,False,False,False,False
ctx_51SUR_000443,51SUR_20260221T023731,2026,5000,2283,3.8122433862317817,False,True,True,True
ctx_51SUR_000444,51SUR_20260221T023731,2026,100,100,111.17802902300076,False,False,False,False
ctx_51SUR_000444,51SUR_20260221T023731,2026,500,500,42.82200972985379,False,False,False,False
ctx_51SUR_000444,51SUR_20260221T023731,2026,1000,1000,42.82200972985379,False,False,False,False
ctx_51SUR_000444,51SUR_20260221T023731,2026,5000,2283,1.2346637920409542,True,True,True,True
ctx_51SUR_000447,51SUR_20260221T023731,2026,100,100,90.18304078600382,False,False,False,False
ctx_51SUR_000447,51SUR_20260221T023731,2026,500,500,54.63027597046093,False,False,False,False
ctx_51SUR_000447,51SUR_20260221T023731,2026,1000,1000,54.63027597046093,False,False,False,False
ctx_51SUR_000447,51SUR_20260221T023731,2026,5000,2283,1.738907308434642,True,True,True,True
ctx_51SUR_000448,51SUR_20260221T023731,2026,100,100,66.18669156954479,False,False,False,False
ctx_51SUR_000448,51SUR_20260221T023731,2026,500,500,66.18669156954479,False,False,False,False
ctx_51SUR_000448,51SUR_20260221T023731,2026,1000,1000,17.37830378988925,False,False,False,False
ctx_51SUR_000448,51SUR_20260221T023731,2026,5000,2283,10.089367509679183,False,False,False,False
ctx_51SUR_000451,51SUR_20260221T023731,2026,100,100,26.84322868766336,False,False,False,False
ctx_51SUR_000451,51SUR_20260221T023731,2026,500,500,26.84322868766336,False,False,False,False
ctx_51SUR_000451,51SUR_20260221T023731,2026,1000,1000,26.84322868766336,False,False,False,False
ctx_51SUR_000451,51SUR_20260221T023731,2026,5000,2283,8.65195956145762,False,False,True,False
ctx_51SUR_000452,51SUR_20260221T023731,2026,100,100,0.6652071789960656,True,True,True,True
ctx_51SUR_000452,51SUR_20260221T023731,2026,500,500,0.6652071789960656,True,True,True,True
ctx_51SUR_000452,51SUR_20260221T023731,2026,1000,1000,0.6652071789960656,True,True,True,True
ctx_51SUR_000452,51SUR_20260221T023731,2026,5000,2283,0.6652071789960656,True,True,True,True
ctx_51SUR_000455,51SUR_20260221T023731,2026,100,100,65.5823835420381,False,False,False,False
ctx_51SUR_000455,51SUR_20260221T023731,2026,500,500,1.77654078862952,True,True,True,True
ctx_51SUR_000455,51SUR_20260221T023731,2026,1000,1000,1.77654078862952,True,True,True,True
ctx_51SUR_000455,51SUR_20260221T023731,2026,5000,2283,1.77654078862952,True,True,True,True
ctx_51SUR_000456,51SUR_20260221T023731,2026,100,100,110.00720132490574,False,False,False,False
ctx_51SUR_000456,51SUR_20260221T023731,2026,500,500,88.28276411565719,False,False,False,False
ctx_51SUR_000456,51SUR_20260221T023731,2026,1000,1000,88.28276411565719,False,False,False,False
ctx_51SUR_000456,51SUR_20260221T023731,2026,5000,2283,88.28276411565719,False,False,False,False
ctx_51SUR_000459,51SUR_20260221T023731,2026,100,100,62.76125624243185,False,False,False,False
ctx_51SUR_000459,51SUR_20260221T023731,2026,500,500,33.36747884642845,False,False,False,False
ctx_51SUR_000459,51SUR_20260221T023731,2026,1000,1000,32.09402633028339,False,False,False,False
ctx_51SUR_000459,51SUR_20260221T023731,2026,5000,2283,4.1939834839435655,False,True,True,True
ctx_51SUR_000460,51SUR_20260221T023731,2026,100,100,167.8247038853069,False,False,False,False
ctx_51SUR_000460,51SUR_20260221T023731,2026,500,500,125.16298862692395,False,False,False,False
ctx_51SUR_000460,51SUR_20260221T023731,2026,1000,1000,50.44209723312692,False,False,False,False
ctx_51SUR_000460,51SUR_20260221T023731,2026,5000,2283,27.0195453087109,False,False,False,False
ctx_51SUR_000463,51SUR_20260221T023731,2026,100,100,55.4095866796191,False,False,False,False
ctx_51SUR_000463,51SUR_20260221T023731,2026,500,500,34.15189771166446,False,False,False,False
ctx_51SUR_000463,51SUR_20260221T023731,2026,1000,1000,34.15189771166446,False,False,False,False
ctx_51SUR_000463,51SUR_20260221T023731,2026,5000,2283,9.799903498055759,False,False,True,False
ctx_51SUR_000464,51SUR_20260221T023731,2026,100,100,274.58929941186295,False,False,False,False
ctx_51SUR_000464,51SUR_20260221T023731,2026,500,500,0.40649303813711746,True,True,True,True
ctx_51SUR_000464,51SUR_20260221T023731,2026,1000,1000,0.40649303813711746,True,True,True,True
ctx_51SUR_000464,51SUR_20260221T023731,2026,5000,2283,0.40649303813711746,True,True,True,True
ctx_51SUR_000467,51SUR_20260221T023731,2026,100,100,67.79775582266059,False,False,False,False
ctx_51SUR_000467,51SUR_20260221T023731,2026,500,500,48.3914739641383,False,False,False,False
ctx_51SUR_000467,51SUR_20260221T023731,2026,1000,1000,40.99523610631187,False,False,False,False
ctx_51SUR_000467,51SUR_20260221T023731,2026,5000,2283,6.960576661910701,False,False,True,False
ctx_51SUR_000468,51SUR_20260221T023731,2026,100,100,39.23399499906231,False,False,False,False
ctx_51SUR_000468,51SUR_20260221T023731,2026,500,500,1.2212866495513677,True,True,True,True
ctx_51SUR_000468,51SUR_20260221T023731,2026,1000,1000,1.2212866495513677,True,True,True,True
ctx_51SUR_000468,51SUR_20260221T023731,2026,5000,2283,1.2212866495513677,True,True,True,True
ctx_51SUR_000471,51SUR_20260221T023731,2026,100,100,98.2010145741997,False,False,False,False
ctx_51SUR_000471,51SUR_20260221T023731,2026,500,500,43.24036833498565,False,False,False,False
ctx_51SUR_000471,51SUR_20260221T023731,2026,1000,1000,43.24036833498565,False,False,False,False
ctx_51SUR_000471,51SUR_20260221T023731,2026,5000,2283,0.34116195805088423,True,True,True,True
ctx_51SUR_000472,51SUR_20260221T023731,2026,100,100,3.3443053005522314,False,True,True,True
ctx_51SUR_000472,51SUR_20260221T023731,2026,500,500,3.3443053005522314,False,True,True,True
ctx_51SUR_000472,51SUR_20260221T023731,2026,1000,1000,3.3443053005522314,False,True,True,True
ctx_51SUR_000472,51SUR_20260221T023731,2026,5000,2283,3.3443053005522314,False,True,True,True
ctx_51SUR_000475,51SUR_20260221T023731,2026,100,100,87.10722244100822,False,False,False,False
ctx_51SUR_000475,51SUR_20260221T023731,2026,500,500,31.678172378110997,False,False,False,False
ctx_51SUR_000475,51SUR_20260221T023731,2026,1000,1000,15.224433412619524,False,False,False,False
ctx_51SUR_000475,51SUR_20260221T023731,2026,5000,2283,6.993075570462865,False,False,True,False
ctx_51SUR_000479,51SUR_20260221T023731,2026,100,100,46.15726969430309,False,False,False,False
ctx_51SUR_000479,51SUR_20260221T023731,2026,500,500,46.15726969430309,False,False,False,False
ctx_51SUR_000479,51SUR_20260221T023731,2026,1000,1000,20.069066352232017,False,False,False,False
ctx_51SUR_000479,51SUR_20260221T023731,2026,5000,2283,8.266742811483157,False,False,True,False
ctx_51SUR_000480,51SUR_20260221T023731,2026,100,100,57.02136062526539,False,False,False,False
ctx_51SUR_000480,51SUR_20260221T023731,2026,500,500,57.02136062526539,False,False,False,False
ctx_51SUR_000480,51SUR_20260221T023731,2026,1000,1000,15.393884891632597,False,False,False,False
ctx_51SUR_000480,51SUR_20260221T023731,2026,5000,2283,15.393884891632597,False,False,False,False
ctx_51SUR_000483,51SUR_20260221T023731,2026,100,100,86.08446039276345,False,False,False,False
ctx_51SUR_000483,51SUR_20260221T023731,2026,500,500,17.06581090609201,False,False,False,False
ctx_51SUR_000483,51SUR_20260221T023731,2026,1000,1000,17.06581090609201,False,False,False,False
ctx_51SUR_000483,51SUR_20260221T023731,2026,5000,2283,1.741181417466414,True,True,True,True
ctx_51SUR_000484,51SUR_20260221T023731,2026,100,100,160.33628334534993,False,False,False,False
ctx_51SUR_000484,51SUR_20260221T023731,2026,500,500,3.364421656433019,False,True,True,True
ctx_51SUR_000484,51SUR_20260221T023731,2026,1000,1000,3.364421656433019,False,True,True,True
ctx_51SUR_000484,51SUR_20260221T023731,2026,5000,2283,3.364421656433019,False,True,True,True
ctx_51SUR_000488,51SUR_20260221T023731,2026,100,100,174.24669696158256,False,False,False,False
ctx_51SUR_000488,51SUR_20260221T023731,2026,500,500,7.770079369480911,False,False,True,False
ctx_51SUR_000488,51SUR_20260221T023731,2026,1000,1000,7.770079369480911,False,False,True,False
ctx_51SUR_000488,51SUR_20260221T023731,2026,5000,2283,4.613388802963342,False,True,True,True
ctx_51SUR_000491,51SUR_20260221T023731,2026,100,100,106.39759134054412,False,False,False,False
ctx_51SUR_000491,51SUR_20260221T023731,2026,500,500,44.55836530141125,False,False,False,False
ctx_51SUR_000491,51SUR_20260221T023731,2026,1000,1000,44.55836530141125,False,False,False,False
ctx_51SUR_000491,51SUR_20260221T023731,2026,5000,2283,1.0781265301745335,True,True,True,True
ctx_51SUR_000494,51SUR_20260221T023731,2026,100,100,187.37510586725065,False,False,False,False
ctx_51SUR_000494,51SUR_20260221T023731,2026,500,500,140.59683972707964,False,False,False,False
ctx_51SUR_000494,51SUR_20260221T023731,2026,1000,1000,81.07748464929769,False,False,False,False
ctx_51SUR_000494,51SUR_20260221T023731,2026,5000,2283,1.2561895866635535,True,True,True,True
ctx_51SUR_000497,51SUR_20260221T023731,2026,100,100,125.11745095479424,False,False,False,False
ctx_51SUR_000497,51SUR_20260221T023731,2026,500,500,86.70413224238665,False,False,False,False
ctx_51SUR_000497,51SUR_20260221T023731,2026,1000,1000,86.70413224238665,False,False,False,False
ctx_51SUR_000497,51SUR_20260221T023731,2026,5000,2283,86.70413224238665,False,False,False,False
ctx_51SUR_000500,51SUR_20260221T023731,2026,100,100,81.8074815519697,False,False,False,False
ctx_51SUR_000500,51SUR_20260221T023731,2026,500,500,68.87261239996198,False,False,False,False
ctx_51SUR_000500,51SUR_20260221T023731,2026,1000,1000,28.962149787857022,False,False,False,False
ctx_51SUR_000500,51SUR_20260221T023731,2026,5000,2283,5.995029243367297,False,False,True,False
ctx_51SUR_000503,51SUR_20260221T023731,2026,100,100,245.20886712363762,False,False,False,False
ctx_51SUR_000503,51SUR_20260221T023731,2026,500,500,118.4531928187253,False,False,False,False
ctx_51SUR_000503,51SUR_20260221T023731,2026,1000,1000,118.4531928187253,False,False,False,False
ctx_51SUR_000503,51SUR_20260221T023731,2026,5000,2283,9.747284827686496,False,False,True,False
ctx_51SUR_000506,51SUR_20260221T023731,2026,100,100,101.10034794454927,False,False,False,False
ctx_51SUR_000506,51SUR_20260221T023731,2026,500,500,65.88714686617419,False,False,False,False
ctx_51SUR_000506,51SUR_20260221T023731,2026,1000,1000,65.88714686617419,False,False,False,False
ctx_51SUR_000506,51SUR_20260221T023731,2026,5000,2283,65.88714686617419,False,False,False,False
ctx_51SUR_000509,51SUR_20260221T023731,2026,100,100,55.9975978652279,False,False,False,False
ctx_51SUR_000509,51SUR_20260221T023731,2026,500,500,39.724405811243074,False,False,False,False
ctx_51SUR_000509,51SUR_20260221T023731,2026,1000,1000,39.724405811243074,False,False,False,False
ctx_51SUR_000509,51SUR_20260221T023731,2026,5000,2283,10.103897659131798,False,False,False,False
ctx_51SUR_000512,51SUR_20260221T023731,2026,100,100,172.42594127966726,False,False,False,False
ctx_51SUR_000512,51SUR_20260221T023731,2026,500,500,42.287331176927296,False,False,False,False
ctx_51SUR_000512,51SUR_20260221T023731,2026,1000,1000,42.287331176927296,False,False,False,False
ctx_51SUR_000512,51SUR_20260221T023731,2026,5000,2283,10.597208706818721,False,False,False,False
ctx_51SUR_000515,51SUR_20260221T023731,2026,100,100,82.73605738324746,False,False,False,False
ctx_51SUR_000515,51SUR_20260221T023731,2026,500,500,14.822435816632867,False,False,False,False
ctx_51SUR_000515,51SUR_20260221T023731,2026,1000,1000,14.822435816632867,False,False,False,False
ctx_51SUR_000515,51SUR_20260221T023731,2026,5000,2283,0.9820945223918103,True,True,True,True
ctx_51SUR_000524,51SUR_20260221T023731,2026,100,100,206.74755234866893,False,False,False,False
ctx_51SUR_000524,51SUR_20260221T023731,2026,500,500,81.51579548662824,False,False,False,False
ctx_51SUR_000524,51SUR_20260221T023731,2026,1000,1000,56.81916110084275,False,False,False,False
ctx_51SUR_000524,51SUR_20260221T023731,2026,5000,2283,56.81916110084275,False,False,False,False
ctx_51SUR_000530,51SUR_20260221T023731,2026,100,100,79.23509222668326,False,False,False,False
ctx_51SUR_000530,51SUR_20260221T023731,2026,500,500,51.32607352685159,False,False,False,False
ctx_51SUR_000530,51SUR_20260221T023731,2026,1000,1000,2.1206819119663463,False,True,True,True
ctx_51SUR_000530,51SUR_20260221T023731,2026,5000,2283,2.1206819119663463,False,True,True,True
ctx_51SUR_000533,51SUR_20260221T023731,2026,100,100,48.65966194230585,False,False,False,False
ctx_51SUR_000533,51SUR_20260221T023731,2026,500,500,36.66364134508142,False,False,False,False
ctx_51SUR_000533,51SUR_20260221T023731,2026,1000,1000,36.66364134508142,False,False,False,False
ctx_51SUR_000533,51SUR_20260221T023731,2026,5000,2283,36.66364134508142,False,False,False,False
ctx_51SUR_000536,51SUR_20260221T023731,2026,100,100,136.59008248101023,False,False,False,False
ctx_51SUR_000536,51SUR_20260221T023731,2026,500,500,90.07323205881752,False,False,False,False
ctx_51SUR_000536,51SUR_20260221T023731,2026,1000,1000,27.854548659028733,False,False,False,False
ctx_51SUR_000536,51SUR_20260221T023731,2026,5000,2283,24.07639091527074,False,False,False,False
ctx_51SUR_000539,51SUR_20260221T023731,2026,100,100,126.38744995870844,False,False,False,False
ctx_51SUR_000539,51SUR_20260221T023731,2026,500,500,126.38744995870844,False,False,False,False
ctx_51SUR_000539,51SUR_20260221T023731,2026,1000,1000,7.518653327181546,False,False,True,False
ctx_51SUR_000539,51SUR_20260221T023731,2026,5000,2283,6.100275700467654,False,False,True,False
ctx_51SUR_000542,51SUR_20260221T023731,2026,100,100,51.75491246582067,False,False,False,False
ctx_51SUR_000542,51SUR_20260221T023731,2026,500,500,28.53739200107649,False,False,False,False
ctx_51SUR_000542,51SUR_20260221T023731,2026,1000,1000,16.189652436043172,False,False,False,False
ctx_51SUR_000542,51SUR_20260221T023731,2026,5000,2283,16.189652436043172,False,False,False,False
ctx_51SUR_000545,51SUR_20260221T023731,2026,100,100,150.350927908616,False,False,False,False
ctx_51SUR_000545,51SUR_20260221T023731,2026,500,500,1.0222168833176601,True,True,True,True
ctx_51SUR_000545,51SUR_20260221T023731,2026,1000,1000,1.0222168833176601,True,True,True,True
ctx_51SUR_000545,51SUR_20260221T023731,2026,5000,2283,1.0222168833176601,True,True,True,True
ctx_51SUR_000548,51SUR_20260221T023731,2026,100,100,215.80523360609934,False,False,False,False
ctx_51SUR_000548,51SUR_20260221T023731,2026,500,500,35.5527232743426,False,False,False,False
ctx_51SUR_000548,51SUR_20260221T023731,2026,1000,1000,35.5527232743426,False,False,False,False
ctx_51SUR_000548,51SUR_20260221T023731,2026,5000,2283,4.665642293841545,False,True,True,True
ctx_51SUR_000551,51SUR_20260221T023731,2026,100,100,18.18380990046194,False,False,False,False
ctx_51SUR_000551,51SUR_20260221T023731,2026,500,500,18.18380990046194,False,False,False,False
ctx_51SUR_000551,51SUR_20260221T023731,2026,1000,1000,18.18380990046194,False,False,False,False
ctx_51SUR_000551,51SUR_20260221T023731,2026,5000,2283,18.18380990046194,False,False,False,False
ctx_51SUR_000554,51SUR_20260221T023731,2026,100,100,41.10700912147509,False,False,False,False
ctx_51SUR_000554,51SUR_20260221T023731,2026,500,500,35.33617754239516,False,False,False,False
ctx_51SUR_000554,51SUR_20260221T023731,2026,1000,1000,31.331657081286746,False,False,False,False
ctx_51SUR_000554,51SUR_20260221T023731,2026,5000,2283,15.190735720071922,False,False,False,False
ctx_51SUR_000560,51SUR_20260221T023731,2026,100,100,81.28474939529633,False,False,False,False
ctx_51SUR_000560,51SUR_20260221T023731,2026,500,500,57.55583315116589,False,False,False,False
ctx_51SUR_000560,51SUR_20260221T023731,2026,1000,1000,56.54226356050898,False,False,False,False
ctx_51SUR_000560,51SUR_20260221T023731,2026,5000,2283,16.943536212839156,False,False,False,False
ctx_51SUR_000563,51SUR_20260221T023731,2026,100,100,148.32644999100347,False,False,False,False
ctx_51SUR_000563,51SUR_20260221T023731,2026,500,500,99.52488210645967,False,False,False,False
ctx_51SUR_000563,51SUR_20260221T023731,2026,1000,1000,89.04775081477169,False,False,False,False
ctx_51SUR_000563,51SUR_20260221T023731,2026,5000,2283,50.288884190877596,False,False,False,False
ctx_51SUR_000566,51SUR_20260221T023731,2026,100,100,85.24427071483875,False,False,False,False
ctx_51SUR_000566,51SUR_20260221T023731,2026,500,500,0.2930841255103155,True,True,True,True
ctx_51SUR_000566,51SUR_20260221T023731,2026,1000,1000,0.2930841255103155,True,True,True,True
ctx_51SUR_000566,51SUR_20260221T023731,2026,5000,2283,0.2930841255103155,True,True,True,True
ctx_51SUR_000569,51SUR_20260221T023731,2026,100,100,50.35416887821882,False,False,False,False
ctx_51SUR_000569,51SUR_20260221T023731,2026,500,500,34.623742969773595,False,False,False,False
ctx_51SUR_000569,51SUR_20260221T023731,2026,1000,1000,28.233305348858604,False,False,False,False
ctx_51SUR_000569,51SUR_20260221T023731,2026,5000,2283,28.233305348858604,False,False,False,False
ctx_51SUR_000572,51SUR_20260221T023731,2026,100,100,261.05253711006293,False,False,False,False
ctx_51SUR_000572,51SUR_20260221T023731,2026,500,500,176.4641999965598,False,False,False,False
ctx_51SUR_000572,51SUR_20260221T023731,2026,1000,1000,91.20119397208035,False,False,False,False
ctx_51SUR_000572,51SUR_20260221T023731,2026,5000,2283,91.20119397208035,False,False,False,False
ctx_51SUR_000578,51SUR_20260221T023731,2026,100,100,130.9806964271181,False,False,False,False
ctx_51SUR_000578,51SUR_20260221T023731,2026,500,500,33.44768246133743,False,False,False,False
ctx_51SUR_000578,51SUR_20260221T023731,2026,1000,1000,33.44768246133743,False,False,False,False
ctx_51SUR_000578,51SUR_20260221T023731,2026,5000,2283,15.2890874615635,False,False,False,False
ctx_51SUR_000581,51SUR_20260221T023731,2026,100,100,37.27771299441445,False,False,False,False
ctx_51SUR_000581,51SUR_20260221T023731,2026,500,500,14.474649609587994,False,False,False,False
ctx_51SUR_000581,51SUR_20260221T023731,2026,1000,1000,14.474649609587994,False,False,False,False
ctx_51SUR_000581,51SUR_20260221T023731,2026,5000,2283,14.474649609587994,False,False,False,False
ctx_51SUR_000584,51SUR_20260221T023731,2026,100,100,44.673916306245275,False,False,False,False
ctx_51SUR_000584,51SUR_20260221T023731,2026,500,500,44.673916306245275,False,False,False,False
ctx_51SUR_000584,51SUR_20260221T023731,2026,1000,1000,44.673916306245275,False,False,False,False
ctx_51SUR_000584,51SUR_20260221T023731,2026,5000,2283,16.28510199696443,False,False,False,False
ctx_51SUR_000587,51SUR_20260221T023731,2026,100,100,174.21465827674342,False,False,False,False
ctx_51SUR_000587,51SUR_20260221T023731,2026,500,500,68.9422272706155,False,False,False,False
ctx_51SUR_000587,51SUR_20260221T023731,2026,1000,1000,68.9422272706155,False,False,False,False
ctx_51SUR_000587,51SUR_20260221T023731,2026,5000,2283,25.02842526155755,False,False,False,False
ctx_51SUR_000590,51SUR_20260221T023731,2026,100,100,61.44831144128778,False,False,False,False
ctx_51SUR_000590,51SUR_20260221T023731,2026,500,500,47.437093656844105,False,False,False,False
ctx_51SUR_000590,51SUR_20260221T023731,2026,1000,1000,47.437093656844105,False,False,False,False
ctx_51SUR_000590,51SUR_20260221T023731,2026,5000,2283,5.152725580991768,False,False,True,False
ctx_51SUR_000593,51SUR_20260221T023731,2026,100,100,157.33728426917625,False,False,False,False
ctx_51SUR_000593,51SUR_20260221T023731,2026,500,500,157.33728426917625,False,False,False,False
ctx_51SUR_000593,51SUR_20260221T023731,2026,1000,1000,157.33728426917625,False,False,False,False
ctx_51SUR_000593,51SUR_20260221T023731,2026,5000,2283,137.65983721413565,False,False,False,False
ctx_51SUR_000596,51SUR_20260221T023731,2026,100,100,166.22492034647598,False,False,False,False
ctx_51SUR_000596,51SUR_20260221T023731,2026,500,500,45.391193958023166,False,False,False,False
ctx_51SUR_000596,51SUR_20260221T023731,2026,1000,1000,45.391193958023166,False,False,False,False
ctx_51SUR_000596,51SUR_20260221T023731,2026,5000,2283,1.0282835872036535,True,True,True,True
ctx_51SUR_000599,51SUR_20260221T023731,2026,100,100,36.411641416055396,False,False,False,False
ctx_51SUR_000599,51SUR_20260221T023731,2026,500,500,21.324363936168346,False,False,False,False
ctx_51SUR_000599,51SUR_20260221T023731,2026,1000,1000,21.324363936168346,False,False,False,False
ctx_51SUR_000599,51SUR_20260221T023731,2026,5000,2283,6.02683522276789,False,False,True,False
ctx_51SUR_000602,51SUR_20260221T023731,2026,100,100,126.10429965939167,False,False,False,False
ctx_51SUR_000602,51SUR_20260221T023731,2026,500,500,72.64600073296707,False,False,False,False
ctx_51SUR_000602,51SUR_20260221T023731,2026,1000,1000,16.054603078812846,False,False,False,False
ctx_51SUR_000602,51SUR_20260221T023731,2026,5000,2283,4.06474672716268,False,True,True,True
ctx_51SUR_000605,51SUR_20260221T023731,2026,100,100,228.42569790657902,False,False,False,False
ctx_51SUR_000605,51SUR_20260221T023731,2026,500,500,29.402130527626912,False,False,False,False
ctx_51SUR_000605,51SUR_20260221T023731,2026,1000,1000,21.176004030960915,False,False,False,False
ctx_51SUR_000605,51SUR_20260221T023731,2026,5000,2283,21.176004030960915,False,False,False,False
ctx_51SUR_000608,51SUR_20260221T023731,2026,100,100,58.042601905600165,False,False,False,False
ctx_51SUR_000608,51SUR_20260221T023731,2026,500,500,51.99685166507909,False,False,False,False
ctx_51SUR_000608,51SUR_20260221T023731,2026,1000,1000,8.900046453770477,False,False,True,False
ctx_51SUR_000608,51SUR_20260221T023731,2026,5000,2283,8.900046453770477,False,False,True,False
ctx_51SUR_000611,51SUR_20260221T023731,2026,100,100,196.53746426228113,False,False,False,False
ctx_51SUR_000611,51SUR_20260221T023731,2026,500,500,136.5831001821426,False,False,False,False
ctx_51SUR_000611,51SUR_20260221T023731,2026,1000,1000,36.01047698007994,False,False,False,False
ctx_51SUR_000611,51SUR_20260221T023731,2026,5000,2283,36.01047698007994,False,False,False,False
ctx_51SUR_000614,51SUR_20260221T023731,2026,100,100,52.98346377348634,False,False,False,False
ctx_51SUR_000614,51SUR_20260221T023731,2026,500,500,1.0774351174918095,True,True,True,True
ctx_51SUR_000614,51SUR_20260221T023731,2026,1000,1000,1.0774351174918095,True,True,True,True
ctx_51SUR_000614,51SUR_20260221T023731,2026,5000,2283,1.0774351174918095,True,True,True,True
ctx_51SUR_000617,51SUR_20260221T023731,2026,100,100,73.25374406576779,False,False,False,False
ctx_51SUR_000617,51SUR_20260221T023731,2026,500,500,4.333744209388887,False,True,True,True
ctx_51SUR_000617,51SUR_20260221T023731,2026,1000,1000,4.333744209388887,False,True,True,True
ctx_51SUR_000617,51SUR_20260221T023731,2026,5000,2283,4.333744209388887,False,True,True,True
ctx_51SUR_000620,51SUR_20260221T023731,2026,100,100,118.78319454867247,False,False,False,False
ctx_51SUR_000620,51SUR_20260221T023731,2026,500,500,62.109886912060404,False,False,False,False
ctx_51SUR_000620,51SUR_20260221T023731,2026,1000,1000,62.109886912060404,False,False,False,False
ctx_51SUR_000620,51SUR_20260221T023731,2026,5000,2283,49.322934545502115,False,False,False,False
ctx_51SUR_000623,51SUR_20260221T023731,2026,100,100,110.53967376873797,False,False,False,False
ctx_51SUR_000623,51SUR_20260221T023731,2026,500,500,74.181986748489,False,False,False,False
ctx_51SUR_000623,51SUR_20260221T023731,2026,1000,1000,8.435672254138144,False,False,True,False
ctx_51SUR_000623,51SUR_20260221T023731,2026,5000,2283,1.6874962278806551,True,True,True,True
ctx_51SUR_000626,51SUR_20260221T023731,2026,100,100,64.77847841038567,False,False,False,False
ctx_51SUR_000626,51SUR_20260221T023731,2026,500,500,18.90037694472163,False,False,False,False
ctx_51SUR_000626,51SUR_20260221T023731,2026,1000,1000,15.360035761470627,False,False,False,False
ctx_51SUR_000626,51SUR_20260221T023731,2026,5000,2283,7.281868848964517,False,False,True,False
ctx_51SUR_000629,51SUR_20260221T023731,2026,100,100,29.596643835687445,False,False,False,False
ctx_51SUR_000629,51SUR_20260221T023731,2026,500,500,20.125670722063205,False,False,False,False
ctx_51SUR_000629,51SUR_20260221T023731,2026,1000,1000,15.622609098193449,False,False,False,False
ctx_51SUR_000629,51SUR_20260221T023731,2026,5000,2283,4.2332978312226155,False,True,True,True
ctx_51SUR_000632,51SUR_20260221T023731,2026,100,100,48.17813939228686,False,False,False,False
ctx_51SUR_000632,51SUR_20260221T023731,2026,500,500,48.17813939228686,False,False,False,False
ctx_51SUR_000632,51SUR_20260221T023731,2026,1000,1000,8.118865391633236,False,False,True,False
ctx_51SUR_000632,51SUR_20260221T023731,2026,5000,2283,8.118865391633236,False,False,True,False
ctx_51SUR_000635,51SUR_20260221T023731,2026,100,100,51.58598183142205,False,False,False,False
ctx_51SUR_000635,51SUR_20260221T023731,2026,500,500,51.58598183142205,False,False,False,False
ctx_51SUR_000635,51SUR_20260221T023731,2026,1000,1000,51.58598183142205,False,False,False,False
ctx_51SUR_000635,51SUR_20260221T023731,2026,5000,2283,12.212385073185406,False,False,False,False
ctx_51SUR_000638,51SUR_20260221T023731,2026,100,100,107.84808831032059,False,False,False,False
ctx_51SUR_000638,51SUR_20260221T023731,2026,500,500,36.94046920727353,False,False,False,False
ctx_51SUR_000638,51SUR_20260221T023731,2026,1000,1000,36.94046920727353,False,False,False,False
ctx_51SUR_000638,51SUR_20260221T023731,2026,5000,2283,36.94046920727353,False,False,False,False
ctx_51SUR_000641,51SUR_20260221T023731,2026,100,100,161.24437972486643,False,False,False,False
ctx_51SUR_000641,51SUR_20260221T023731,2026,500,500,81.30648766174227,False,False,False,False
ctx_51SUR_000641,51SUR_20260221T023731,2026,1000,1000,27.556314174630494,False,False,False,False
ctx_51SUR_000641,51SUR_20260221T023731,2026,5000,2283,5.582499996204758,False,False,True,False
ctx_51SUR_000644,51SUR_20260221T023731,2026,100,100,173.31662024792874,False,False,False,False
ctx_51SUR_000644,51SUR_20260221T023731,2026,500,500,18.086979718824107,False,False,False,False
ctx_51SUR_000644,51SUR_20260221T023731,2026,1000,1000,18.086979718824107,False,False,False,False
ctx_51SUR_000644,51SUR_20260221T023731,2026,5000,2283,18.086979718824107,False,False,False,False
ctx_51SUR_000647,51SUR_20260221T023731,2026,100,100,198.58991933232872,False,False,False,False
ctx_51SUR_000647,51SUR_20260221T023731,2026,500,500,39.48536723353732,False,False,False,False
ctx_51SUR_000647,51SUR_20260221T023731,2026,1000,1000,9.505464588019102,False,False,True,False
ctx_51SUR_000647,51SUR_20260221T023731,2026,5000,2283,9.505464588019102,False,False,True,False
ctx_51SUR_000650,51SUR_20260221T023731,2026,100,100,0.49971807562341325,True,True,True,True
ctx_51SUR_000650,51SUR_20260221T023731,2026,500,500,0.49971807562341325,True,True,True,True
ctx_51SUR_000650,51SUR_20260221T023731,2026,1000,1000,0.49971807562341325,True,True,True,True
ctx_51SUR_000650,51SUR_20260221T023731,2026,5000,2283,0.49971807562341325,True,True,True,True
ctx_51SUR_000653,51SUR_20260221T023731,2026,100,100,106.60492563897488,False,False,False,False
ctx_51SUR_000653,51SUR_20260221T023731,2026,500,500,21.001708046190824,False,False,False,False
ctx_51SUR_000653,51SUR_20260221T023731,2026,1000,1000,21.001708046190824,False,False,False,False
ctx_51SUR_000653,51SUR_20260221T023731,2026,5000,2283,17.101835873772615,False,False,False,False
ctx_51SVR_000026,51SVR_20250705T023141,2025,100,1,96.83089924076843,False,False,False,False
ctx_51SVR_000026,51SVR_20250705T023141,2025,500,1,96.83089924076843,False,False,False,False
ctx_51SVR_000026,51SVR_20250705T023141,2025,1000,1,96.83089924076843,False,False,False,False
ctx_51SVR_000026,51SVR_20250705T023141,2025,5000,1,96.83089924076843,False,False,False,False
ctx_51SVR_000051,51SVR_20250705T023141,2025,100,1,107.23347038840755,False,False,False,False
ctx_51SVR_000051,51SVR_20250705T023141,2025,500,1,107.23347038840755,False,False,False,False
ctx_51SVR_000051,51SVR_20250705T023141,2025,1000,1,107.23347038840755,False,False,False,False
ctx_51SVR_000051,51SVR_20250705T023141,2025,5000,1,107.23347038840755,False,False,False,False
ctx_51SVR_000026,51SVR_20260213T022719,2026,100,0,inf,False,False,False,False
ctx_51SVR_000026,51SVR_20260213T022719,2026,500,0,inf,False,False,False,False
ctx_51SVR_000026,51SVR_20260213T022719,2026,1000,0,inf,False,False,False,False
ctx_51SVR_000026,51SVR_20260213T022719,2026,5000,0,inf,False,False,False,False
ctx_51SVR_000051,51SVR_20260213T022719,2026,100,0,inf,False,False,False,False
ctx_51SVR_000051,51SVR_20260213T022719,2026,500,0,inf,False,False,False,False
ctx_51SVR_000051,51SVR_20260213T022719,2026,1000,0,inf,False,False,False,False
ctx_51SVR_000051,51SVR_20260213T022719,2026,5000,0,inf,False,False,False,False
