pair_id,method,reference_image,target_image,gt_x,gt_y,pred_x,pred_y,top1_error_px,top5_best_error_px,score,bytes_per_patch,compression_ratio,status,grid_size,mag_bits,orientation_bits,edge_bits,quantization,distance,config_id,meta_keypoints,meta_good_matches,meta_inliers,meta_grid_size,meta_codec,meta_quality
synthetic_00,spatial_percentile_hamming,N:\OUTPUT\gcp_compact_spatial_representation_OUTPUT\synthetic_smoke\synthetic_dataset\reference\reference_00.png,N:\OUTPUT\gcp_compact_spatial_representation_OUTPUT\synthetic_smoke\synthetic_dataset\target\target_00.png,138.75,137.1,138.0,137.4,0.8077747210701799,0.471699056602835,0.0,8,8192.0,ok,8.0,1.0,0.0,0.0,percentile,hamming,cfg_000,,,,,,
synthetic_01,spatial_percentile_hamming,N:\OUTPUT\gcp_compact_spatial_representation_OUTPUT\synthetic_smoke\synthetic_dataset\reference\reference_01.png,N:\OUTPUT\gcp_compact_spatial_representation_OUTPUT\synthetic_smoke\synthetic_dataset\target\target_01.png,140.1,138.8,142.0,139.33333333333334,1.973434682082096,0.6708203932499369,2.0,8,8192.0,ok,8.0,1.0,0.0,0.0,percentile,hamming,cfg_000,,,,,,
synthetic_02,spatial_percentile_hamming,N:\OUTPUT\gcp_compact_spatial_representation_OUTPUT\synthetic_smoke\synthetic_dataset\reference\reference_02.png,N:\OUTPUT\gcp_compact_spatial_representation_OUTPUT\synthetic_smoke\synthetic_dataset\target\target_02.png,136.3,139.6,136.25,138.8,0.8015609770940536,0.8015609770940536,0.0,8,8192.0,ok,8.0,1.0,0.0,0.0,percentile,hamming,cfg_000,,,,,,
synthetic_03,spatial_percentile_hamming,N:\OUTPUT\gcp_compact_spatial_representation_OUTPUT\synthetic_smoke\synthetic_dataset\reference\reference_03.png,N:\OUTPUT\gcp_compact_spatial_representation_OUTPUT\synthetic_smoke\synthetic_dataset\target\target_03.png,137.9,136.0,137.75,133.66666666666666,2.3381497908484157,0.6403124237432885,1.0,8,8192.0,ok,8.0,1.0,0.0,0.0,percentile,hamming,cfg_000,,,,,,
synthetic_00,spatial_percentile_hamming,N:\OUTPUT\gcp_compact_spatial_representation_OUTPUT\synthetic_smoke\synthetic_dataset\reference\reference_00.png,N:\OUTPUT\gcp_compact_spatial_representation_OUTPUT\synthetic_smoke\synthetic_dataset\target\target_00.png,138.75,137.1,138.5,137.28571428571428,0.3114318479513077,0.3114318479513077,2.0,16,4096.0,ok,8.0,1.0,0.0,1.0,percentile,hamming,cfg_001,,,,,,
synthetic_01,spatial_percentile_hamming,N:\OUTPUT\gcp_compact_spatial_representation_OUTPUT\synthetic_smoke\synthetic_dataset\reference\reference_01.png,N:\OUTPUT\gcp_compact_spatial_representation_OUTPUT\synthetic_smoke\synthetic_dataset\target\target_01.png,140.1,138.8,141.5,139.33333333333334,1.4981470036162867,1.4317821063276432,4.0,16,4096.0,ok,8.0,1.0,0.0,1.0,percentile,hamming,cfg_001,,,,,,
synthetic_02,spatial_percentile_hamming,N:\OUTPUT\gcp_compact_spatial_representation_OUTPUT\synthetic_smoke\synthetic_dataset\reference\reference_02.png,N:\OUTPUT\gcp_compact_spatial_representation_OUTPUT\synthetic_smoke\synthetic_dataset\target\target_02.png,136.3,139.6,136.16666666666666,138.8,0.8110350040397493,0.22360679774996628,2.0,16,4096.0,ok,8.0,1.0,0.0,1.0,percentile,hamming,cfg_001,,,,,,
synthetic_03,spatial_percentile_hamming,N:\OUTPUT\gcp_compact_spatial_representation_OUTPUT\synthetic_smoke\synthetic_dataset\reference\reference_03.png,N:\OUTPUT\gcp_compact_spatial_representation_OUTPUT\synthetic_smoke\synthetic_dataset\target\target_03.png,137.9,136.0,139.75,136.5,1.9163767896736745,0.6403124237432885,4.0,16,4096.0,ok,8.0,1.0,0.0,1.0,percentile,hamming,cfg_001,,,,,,
synthetic_00,spatial_percentile_hamming,N:\OUTPUT\gcp_compact_spatial_representation_OUTPUT\synthetic_smoke\synthetic_dataset\reference\reference_00.png,N:\OUTPUT\gcp_compact_spatial_representation_OUTPUT\synthetic_smoke\synthetic_dataset\target\target_00.png,138.75,137.1,138.33333333333334,137.14285714285714,0.4188649493631341,0.4188649493631341,3.0,16,4096.0,ok,8.0,1.0,1.0,0.0,percentile,hamming,cfg_002,,,,,,
synthetic_01,spatial_percentile_hamming,N:\OUTPUT\gcp_compact_spatial_representation_OUTPUT\synthetic_smoke\synthetic_dataset\reference\reference_01.png,N:\OUTPUT\gcp_compact_spatial_representation_OUTPUT\synthetic_smoke\synthetic_dataset\target\target_01.png,140.1,138.8,141.25,138.6,1.1672617529928837,0.8062257748298479,5.0,16,4096.0,ok,8.0,1.0,1.0,0.0,percentile,hamming,cfg_002,,,,,,
synthetic_02,spatial_percentile_hamming,N:\OUTPUT\gcp_compact_spatial_representation_OUTPUT\synthetic_smoke\synthetic_dataset\reference\reference_02.png,N:\OUTPUT\gcp_compact_spatial_representation_OUTPUT\synthetic_smoke\synthetic_dataset\target\target_02.png,136.3,139.6,136.16666666666666,138.85714285714286,0.7547281049965255,0.22360679774996628,0.0,16,4096.0,ok,8.0,1.0,1.0,0.0,percentile,hamming,cfg_002,,,,,,
synthetic_03,spatial_percentile_hamming,N:\OUTPUT\gcp_compact_spatial_representation_OUTPUT\synthetic_smoke\synthetic_dataset\reference\reference_03.png,N:\OUTPUT\gcp_compact_spatial_representation_OUTPUT\synthetic_smoke\synthetic_dataset\target\target_03.png,137.9,136.0,137.71428571428572,133.83333333333334,2.1746112848881225,0.6403124237432885,1.0,16,4096.0,ok,8.0,1.0,1.0,0.0,percentile,hamming,cfg_002,,,,,,
synthetic_00,spatial_percentile_hamming,N:\OUTPUT\gcp_compact_spatial_representation_OUTPUT\synthetic_smoke\synthetic_dataset\reference\reference_00.png,N:\OUTPUT\gcp_compact_spatial_representation_OUTPUT\synthetic_smoke\synthetic_dataset\target\target_00.png,138.75,137.1,138.5,137.11111111111111,0.2502467917678939,0.2502467917678939,5.0,24,2730.6666666666665,ok,8.0,1.0,1.0,1.0,percentile,hamming,cfg_003,,,,,,
synthetic_01,spatial_percentile_hamming,N:\OUTPUT\gcp_compact_spatial_representation_OUTPUT\synthetic_smoke\synthetic_dataset\reference\reference_01.png,N:\OUTPUT\gcp_compact_spatial_representation_OUTPUT\synthetic_smoke\synthetic_dataset\target\target_01.png,140.1,138.8,141.33333333333334,138.77777777777777,1.2335335172874886,0.8062257748298479,7.0,24,2730.6666666666665,ok,8.0,1.0,1.0,1.0,percentile,hamming,cfg_003,,,,,,
synthetic_02,spatial_percentile_hamming,N:\OUTPUT\gcp_compact_spatial_representation_OUTPUT\synthetic_smoke\synthetic_dataset\reference\reference_02.png,N:\OUTPUT\gcp_compact_spatial_representation_OUTPUT\synthetic_smoke\synthetic_dataset\target\target_02.png,136.3,139.6,136.125,138.85714285714286,0.7631918072764323,0.22360679774996628,2.0,24,2730.6666666666665,ok,8.0,1.0,1.0,1.0,percentile,hamming,cfg_003,,,,,,
synthetic_03,spatial_percentile_hamming,N:\OUTPUT\gcp_compact_spatial_representation_OUTPUT\synthetic_smoke\synthetic_dataset\reference\reference_03.png,N:\OUTPUT\gcp_compact_spatial_representation_OUTPUT\synthetic_smoke\synthetic_dataset\target\target_03.png,137.9,136.0,139.6,136.44444444444446,1.7571371216263982,0.6403124237432885,4.0,24,2730.6666666666665,ok,8.0,1.0,1.0,1.0,percentile,hamming,cfg_003,,,,,,
synthetic_00,spatial_percentile_hamming,N:\OUTPUT\gcp_compact_spatial_representation_OUTPUT\synthetic_smoke\synthetic_dataset\reference\reference_00.png,N:\OUTPUT\gcp_compact_spatial_representation_OUTPUT\synthetic_smoke\synthetic_dataset\target\target_00.png,138.75,137.1,138.53846153846155,137.14285714285714,0.21583617723619264,0.21583617723619264,7.0,24,2730.6666666666665,ok,8.0,1.0,2.0,0.0,percentile,hamming,cfg_004,,,,,,
synthetic_01,spatial_percentile_hamming,N:\OUTPUT\gcp_compact_spatial_representation_OUTPUT\synthetic_smoke\synthetic_dataset\reference\reference_01.png,N:\OUTPUT\gcp_compact_spatial_representation_OUTPUT\synthetic_smoke\synthetic_dataset\target\target_01.png,140.1,138.8,140.2,136.66666666666666,2.1356757972855336,0.5000000000000113,10.0,24,2730.6666666666665,ok,8.0,1.0,2.0,0.0,percentile,hamming,cfg_004,,,,,,
synthetic_02,spatial_percentile_hamming,N:\OUTPUT\gcp_compact_spatial_representation_OUTPUT\synthetic_smoke\synthetic_dataset\reference\reference_02.png,N:\OUTPUT\gcp_compact_spatial_representation_OUTPUT\synthetic_smoke\synthetic_dataset\target\target_02.png,136.3,139.6,136.44444444444446,139.21428571428572,0.4118734122700026,0.4118734122700026,3.0,24,2730.6666666666665,ok,8.0,1.0,2.0,0.0,percentile,hamming,cfg_004,,,,,,
synthetic_03,spatial_percentile_hamming,N:\OUTPUT\gcp_compact_spatial_representation_OUTPUT\synthetic_smoke\synthetic_dataset\reference\reference_03.png,N:\OUTPUT\gcp_compact_spatial_representation_OUTPUT\synthetic_smoke\synthetic_dataset\target\target_03.png,137.9,136.0,138.5,136.5,0.7810249675906611,0.6403124237432885,2.0,24,2730.6666666666665,ok,8.0,1.0,2.0,0.0,percentile,hamming,cfg_004,,,,,,
synthetic_00,spatial_percentile_hamming,N:\OUTPUT\gcp_compact_spatial_representation_OUTPUT\synthetic_smoke\synthetic_dataset\reference\reference_00.png,N:\OUTPUT\gcp_compact_spatial_representation_OUTPUT\synthetic_smoke\synthetic_dataset\target\target_00.png,138.75,137.1,138.6,137.125,0.15206906325746203,0.15206906325746203,9.0,32,2048.0,ok,8.0,1.0,2.0,1.0,percentile,hamming,cfg_005,,,,,,
synthetic_01,spatial_percentile_hamming,N:\OUTPUT\gcp_compact_spatial_representation_OUTPUT\synthetic_smoke\synthetic_dataset\reference\reference_01.png,N:\OUTPUT\gcp_compact_spatial_representation_OUTPUT\synthetic_smoke\synthetic_dataset\target\target_01.png,140.1,138.8,140.41666666666666,139.25,0.5502524673072945,0.5000000000000113,13.0,32,2048.0,ok,8.0,1.0,2.0,1.0,percentile,hamming,cfg_005,,,,,,
synthetic_02,spatial_percentile_hamming,N:\OUTPUT\gcp_compact_spatial_representation_OUTPUT\synthetic_smoke\synthetic_dataset\reference\reference_02.png,N:\OUTPUT\gcp_compact_spatial_representation_OUTPUT\synthetic_smoke\synthetic_dataset\target\target_02.png,136.3,139.6,136.36363636363637,139.21428571428572,0.39092850622707265,0.39092850622707265,5.0,32,2048.0,ok,8.0,1.0,2.0,1.0,percentile,hamming,cfg_005,,,,,,
synthetic_03,spatial_percentile_hamming,N:\OUTPUT\gcp_compact_spatial_representation_OUTPUT\synthetic_smoke\synthetic_dataset\reference\reference_03.png,N:\OUTPUT\gcp_compact_spatial_representation_OUTPUT\synthetic_smoke\synthetic_dataset\target\target_03.png,137.9,136.0,139.0,136.4,1.1704699910719591,0.6403124237432885,8.0,32,2048.0,ok,8.0,1.0,2.0,1.0,percentile,hamming,cfg_005,,,,,,
synthetic_00,spatial_percentile_hamming,N:\OUTPUT\gcp_compact_spatial_representation_OUTPUT\synthetic_smoke\synthetic_dataset\reference\reference_00.png,N:\OUTPUT\gcp_compact_spatial_representation_OUTPUT\synthetic_smoke\synthetic_dataset\target\target_00.png,138.75,137.1,138.54545454545453,137.1818181818182,0.22030219665551845,0.22030219665551845,13.0,32,2048.0,ok,8.0,1.0,3.0,0.0,percentile,hamming,cfg_006,,,,,,
synthetic_01,spatial_percentile_hamming,N:\OUTPUT\gcp_compact_spatial_representation_OUTPUT\synthetic_smoke\synthetic_dataset\reference\reference_01.png,N:\OUTPUT\gcp_compact_spatial_representation_OUTPUT\synthetic_smoke\synthetic_dataset\target\target_01.png,140.1,138.8,140.84615384615384,138.66666666666666,0.7579731788842924,0.7579731788842924,19.0,32,2048.0,ok,8.0,1.0,3.0,0.0,percentile,hamming,cfg_006,,,,,,
synthetic_02,spatial_percentile_hamming,N:\OUTPUT\gcp_compact_spatial_representation_OUTPUT\synthetic_smoke\synthetic_dataset\reference\reference_02.png,N:\OUTPUT\gcp_compact_spatial_representation_OUTPUT\synthetic_smoke\synthetic_dataset\target\target_02.png,136.3,139.6,136.35294117647058,139.42857142857142,0.17941717662512394,0.17941717662512394,10.0,32,2048.0,ok,8.0,1.0,3.0,0.0,percentile,hamming,cfg_006,,,,,,
synthetic_03,spatial_percentile_hamming,N:\OUTPUT\gcp_compact_spatial_representation_OUTPUT\synthetic_smoke\synthetic_dataset\reference\reference_03.png,N:\OUTPUT\gcp_compact_spatial_representation_OUTPUT\synthetic_smoke\synthetic_dataset\target\target_03.png,137.9,136.0,138.5,136.3,0.6708203932499369,0.6403124237432885,10.0,32,2048.0,ok,8.0,1.0,3.0,0.0,percentile,hamming,cfg_006,,,,,,
synthetic_00,spatial_percentile_hamming,N:\OUTPUT\gcp_compact_spatial_representation_OUTPUT\synthetic_smoke\synthetic_dataset\reference\reference_00.png,N:\OUTPUT\gcp_compact_spatial_representation_OUTPUT\synthetic_smoke\synthetic_dataset\target\target_00.png,138.75,137.1,138.58333333333334,137.16666666666666,0.17950549357113993,0.17950549357113993,15.0,40,1638.4,ok,8.0,1.0,3.0,1.0,percentile,hamming,cfg_007,,,,,,
synthetic_01,spatial_percentile_hamming,N:\OUTPUT\gcp_compact_spatial_representation_OUTPUT\synthetic_smoke\synthetic_dataset\reference\reference_01.png,N:\OUTPUT\gcp_compact_spatial_representation_OUTPUT\synthetic_smoke\synthetic_dataset\target\target_01.png,140.1,138.8,141.0,138.8181818181818,0.900183635994571,0.8062257748298479,23.0,40,1638.4,ok,8.0,1.0,3.0,1.0,percentile,hamming,cfg_007,,,,,,
synthetic_02,spatial_percentile_hamming,N:\OUTPUT\gcp_compact_spatial_representation_OUTPUT\synthetic_smoke\synthetic_dataset\reference\reference_02.png,N:\OUTPUT\gcp_compact_spatial_representation_OUTPUT\synthetic_smoke\synthetic_dataset\target\target_02.png,136.3,139.6,136.31578947368422,139.42857142857142,0.17215418258429663,0.17215418258429663,12.0,40,1638.4,ok,8.0,1.0,3.0,1.0,percentile,hamming,cfg_007,,,,,,
synthetic_03,spatial_percentile_hamming,N:\OUTPUT\gcp_compact_spatial_representation_OUTPUT\synthetic_smoke\synthetic_dataset\reference\reference_03.png,N:\OUTPUT\gcp_compact_spatial_representation_OUTPUT\synthetic_smoke\synthetic_dataset\target\target_03.png,137.9,136.0,139.0909090909091,136.30769230769232,1.2300158612891687,0.6403124237432885,15.0,40,1638.4,ok,8.0,1.0,3.0,1.0,percentile,hamming,cfg_007,,,,,,
synthetic_00,spatial_percentile_hamming,N:\OUTPUT\gcp_compact_spatial_representation_OUTPUT\synthetic_smoke\synthetic_dataset\reference\reference_00.png,N:\OUTPUT\gcp_compact_spatial_representation_OUTPUT\synthetic_smoke\synthetic_dataset\target\target_00.png,138.75,137.1,137.77777777777777,137.33333333333334,0.9998302325030884,0.471699056602835,3.0,16,4096.0,ok,8.0,2.0,0.0,0.0,percentile,hamming,cfg_008,,,,,,
synthetic_01,spatial_percentile_hamming,N:\OUTPUT\gcp_compact_spatial_representation_OUTPUT\synthetic_smoke\synthetic_dataset\reference\reference_01.png,N:\OUTPUT\gcp_compact_spatial_representation_OUTPUT\synthetic_smoke\synthetic_dataset\target\target_01.png,140.1,138.8,142.0,139.75,2.1242645786248002,0.6708203932499369,8.0,16,4096.0,ok,8.0,2.0,0.0,0.0,percentile,hamming,cfg_008,,,,,,
synthetic_02,spatial_percentile_hamming,N:\OUTPUT\gcp_compact_spatial_representation_OUTPUT\synthetic_smoke\synthetic_dataset\reference\reference_02.png,N:\OUTPUT\gcp_compact_spatial_representation_OUTPUT\synthetic_smoke\synthetic_dataset\target\target_02.png,136.3,139.6,136.0,139.0,0.6708203932499369,0.6708203932499369,4.0,16,4096.0,ok,8.0,2.0,0.0,0.0,percentile,hamming,cfg_008,,,,,,
synthetic_03,spatial_percentile_hamming,N:\OUTPUT\gcp_compact_spatial_representation_OUTPUT\synthetic_smoke\synthetic_dataset\reference\reference_03.png,N:\OUTPUT\gcp_compact_spatial_representation_OUTPUT\synthetic_smoke\synthetic_dataset\target\target_03.png,137.9,136.0,137.6153846153846,133.85714285714286,2.1616758896406343,0.6403124237432885,4.0,16,4096.0,ok,8.0,2.0,0.0,0.0,percentile,hamming,cfg_008,,,,,,
synthetic_00,spatial_percentile_hamming,N:\OUTPUT\gcp_compact_spatial_representation_OUTPUT\synthetic_smoke\synthetic_dataset\reference\reference_00.png,N:\OUTPUT\gcp_compact_spatial_representation_OUTPUT\synthetic_smoke\synthetic_dataset\target\target_00.png,138.75,137.1,138.0,137.28571428571428,0.7726511476199116,0.471699056602835,7.0,24,2730.6666666666665,ok,8.0,2.0,0.0,1.0,percentile,hamming,cfg_009,,,,,,
synthetic_01,spatial_percentile_hamming,N:\OUTPUT\gcp_compact_spatial_representation_OUTPUT\synthetic_smoke\synthetic_dataset\reference\reference_01.png,N:\OUTPUT\gcp_compact_spatial_representation_OUTPUT\synthetic_smoke\synthetic_dataset\target\target_01.png,140.1,138.8,141.71428571428572,139.125,1.6466764610411408,0.8062257748298479,10.0,24,2730.6666666666665,ok,8.0,2.0,0.0,1.0,percentile,hamming,cfg_009,,,,,,
synthetic_02,spatial_percentile_hamming,N:\OUTPUT\gcp_compact_spatial_representation_OUTPUT\synthetic_smoke\synthetic_dataset\reference\reference_02.png,N:\OUTPUT\gcp_compact_spatial_representation_OUTPUT\synthetic_smoke\synthetic_dataset\target\target_02.png,136.3,139.6,136.0,139.42857142857142,0.34552533206995095,0.22360679774996628,6.0,24,2730.6666666666665,ok,8.0,2.0,0.0,1.0,percentile,hamming,cfg_009,,,,,,
synthetic_03,spatial_percentile_hamming,N:\OUTPUT\gcp_compact_spatial_representation_OUTPUT\synthetic_smoke\synthetic_dataset\reference\reference_03.png,N:\OUTPUT\gcp_compact_spatial_representation_OUTPUT\synthetic_smoke\synthetic_dataset\target\target_03.png,137.9,136.0,137.71428571428572,136.0,0.18571428571428328,0.18571428571428328,8.0,24,2730.6666666666665,ok,8.0,2.0,0.0,1.0,percentile,hamming,cfg_009,,,,,,
synthetic_00,spatial_percentile_hamming,N:\OUTPUT\gcp_compact_spatial_representation_OUTPUT\synthetic_smoke\synthetic_dataset\reference\reference_00.png,N:\OUTPUT\gcp_compact_spatial_representation_OUTPUT\synthetic_smoke\synthetic_dataset\target\target_00.png,138.75,137.1,138.0,137.30769230769232,0.7782262490269549,0.471699056602835,8.0,24,2730.6666666666665,ok,8.0,2.0,1.0,0.0,percentile,hamming,cfg_010,,,,,,
synthetic_01,spatial_percentile_hamming,N:\OUTPUT\gcp_compact_spatial_representation_OUTPUT\synthetic_smoke\synthetic_dataset\reference\reference_01.png,N:\OUTPUT\gcp_compact_spatial_representation_OUTPUT\synthetic_smoke\synthetic_dataset\target\target_01.png,140.1,138.8,141.28571428571428,138.77777777777777,1.1859225078003317,0.5000000000000113,11.0,24,2730.6666666666665,ok,8.0,2.0,1.0,0.0,percentile,hamming,cfg_010,,,,,,
synthetic_02,spatial_percentile_hamming,N:\OUTPUT\gcp_compact_spatial_representation_OUTPUT\synthetic_smoke\synthetic_dataset\reference\reference_02.png,N:\OUTPUT\gcp_compact_spatial_representation_OUTPUT\synthetic_smoke\synthetic_dataset\target\target_02.png,136.3,139.6,136.23076923076923,139.0,0.6039808766908762,0.22360679774996628,4.0,24,2730.6666666666665,ok,8.0,2.0,1.0,0.0,percentile,hamming,cfg_010,,,,,,
synthetic_03,spatial_percentile_hamming,N:\OUTPUT\gcp_compact_spatial_representation_OUTPUT\synthetic_smoke\synthetic_dataset\reference\reference_03.png,N:\OUTPUT\gcp_compact_spatial_representation_OUTPUT\synthetic_smoke\synthetic_dataset\target\target_03.png,137.9,136.0,137.625,133.9,2.1179294133657947,0.6403124237432885,4.0,24,2730.6666666666665,ok,8.0,2.0,1.0,0.0,percentile,hamming,cfg_010,,,,,,
synthetic_00,spatial_percentile_hamming,N:\OUTPUT\gcp_compact_spatial_representation_OUTPUT\synthetic_smoke\synthetic_dataset\reference\reference_00.png,N:\OUTPUT\gcp_compact_spatial_representation_OUTPUT\synthetic_smoke\synthetic_dataset\target\target_00.png,138.75,137.1,138.33333333333334,137.13333333333333,0.4179978734661388,0.4179978734661388,10.0,32,2048.0,ok,8.0,2.0,1.0,1.0,percentile,hamming,cfg_011,,,,,,
synthetic_01,spatial_percentile_hamming,N:\OUTPUT\gcp_compact_spatial_representation_OUTPUT\synthetic_smoke\synthetic_dataset\reference\reference_01.png,N:\OUTPUT\gcp_compact_spatial_representation_OUTPUT\synthetic_smoke\synthetic_dataset\target\target_01.png,140.1,138.8,141.33333333333334,138.84615384615384,1.2341966166806404,0.5000000000000113,13.0,32,2048.0,ok,8.0,2.0,1.0,1.0,percentile,hamming,cfg_011,,,,,,
synthetic_02,spatial_percentile_hamming,N:\OUTPUT\gcp_compact_spatial_representation_OUTPUT\synthetic_smoke\synthetic_dataset\reference\reference_02.png,N:\OUTPUT\gcp_compact_spatial_representation_OUTPUT\synthetic_smoke\synthetic_dataset\target\target_02.png,136.3,139.6,136.2,139.0,0.6082762530298201,0.22360679774996628,6.0,32,2048.0,ok,8.0,2.0,1.0,1.0,percentile,hamming,cfg_011,,,,,,
synthetic_03,spatial_percentile_hamming,N:\OUTPUT\gcp_compact_spatial_representation_OUTPUT\synthetic_smoke\synthetic_dataset\reference\reference_03.png,N:\OUTPUT\gcp_compact_spatial_representation_OUTPUT\synthetic_smoke\synthetic_dataset\target\target_03.png,137.9,136.0,137.8,135.6,0.41231056256177023,0.41231056256177023,8.0,32,2048.0,ok,8.0,2.0,1.0,1.0,percentile,hamming,cfg_011,,,,,,
synthetic_00,spatial_percentile_hamming,N:\OUTPUT\gcp_compact_spatial_representation_OUTPUT\synthetic_smoke\synthetic_dataset\reference\reference_00.png,N:\OUTPUT\gcp_compact_spatial_representation_OUTPUT\synthetic_smoke\synthetic_dataset\target\target_00.png,138.75,137.1,138.45454545454547,137.15,0.2996554495245257,0.2996554495245257,12.0,32,2048.0,ok,8.0,2.0,2.0,0.0,percentile,hamming,cfg_012,,,,,,
synthetic_01,spatial_percentile_hamming,N:\OUTPUT\gcp_compact_spatial_representation_OUTPUT\synthetic_smoke\synthetic_dataset\reference\reference_01.png,N:\OUTPUT\gcp_compact_spatial_representation_OUTPUT\synthetic_smoke\synthetic_dataset\target\target_01.png,140.1,138.8,141.13333333333333,138.5625,1.0602754490120854,0.5000000000000113,17.0,32,2048.0,ok,8.0,2.0,2.0,0.0,percentile,hamming,cfg_012,,,,,,
synthetic_02,spatial_percentile_hamming,N:\OUTPUT\gcp_compact_spatial_representation_OUTPUT\synthetic_smoke\synthetic_dataset\reference\reference_02.png,N:\OUTPUT\gcp_compact_spatial_representation_OUTPUT\synthetic_smoke\synthetic_dataset\target\target_02.png,136.3,139.6,136.30769230769232,139.21052631578948,0.38954964034143946,0.38954964034143946,6.0,32,2048.0,ok,8.0,2.0,2.0,0.0,percentile,hamming,cfg_012,,,,,,
synthetic_03,spatial_percentile_hamming,N:\OUTPUT\gcp_compact_spatial_representation_OUTPUT\synthetic_smoke\synthetic_dataset\reference\reference_03.png,N:\OUTPUT\gcp_compact_spatial_representation_OUTPUT\synthetic_smoke\synthetic_dataset\target\target_03.png,137.9,136.0,138.3,136.44444444444446,0.5979388465366225,0.5979388465366225,6.0,32,2048.0,ok,8.0,2.0,2.0,0.0,percentile,hamming,cfg_012,,,,,,
synthetic_00,spatial_percentile_hamming,N:\OUTPUT\gcp_compact_spatial_representation_OUTPUT\synthetic_smoke\synthetic_dataset\reference\reference_00.png,N:\OUTPUT\gcp_compact_spatial_representation_OUTPUT\synthetic_smoke\synthetic_dataset\target\target_00.png,138.75,137.1,138.53846153846155,137.13636363636363,0.2146411767570284,0.2146411767570284,14.0,40,1638.4,ok,8.0,2.0,2.0,1.0,percentile,hamming,cfg_013,,,,,,
synthetic_01,spatial_percentile_hamming,N:\OUTPUT\gcp_compact_spatial_representation_OUTPUT\synthetic_smoke\synthetic_dataset\reference\reference_01.png,N:\OUTPUT\gcp_compact_spatial_representation_OUTPUT\synthetic_smoke\synthetic_dataset\target\target_01.png,140.1,138.8,141.21052631578948,138.65,1.1206108593356436,0.5000000000000113,19.0,40,1638.4,ok,8.0,2.0,2.0,1.0,percentile,hamming,cfg_013,,,,,,
synthetic_02,spatial_percentile_hamming,N:\OUTPUT\gcp_compact_spatial_representation_OUTPUT\synthetic_smoke\synthetic_dataset\reference\reference_02.png,N:\OUTPUT\gcp_compact_spatial_representation_OUTPUT\synthetic_smoke\synthetic_dataset\target\target_02.png,136.3,139.6,136.26666666666668,139.21052631578948,0.3908975080550178,0.3908975080550178,8.0,40,1638.4,ok,8.0,2.0,2.0,1.0,percentile,hamming,cfg_013,,,,,,
synthetic_03,spatial_percentile_hamming,N:\OUTPUT\gcp_compact_spatial_representation_OUTPUT\synthetic_smoke\synthetic_dataset\reference\reference_03.png,N:\OUTPUT\gcp_compact_spatial_representation_OUTPUT\synthetic_smoke\synthetic_dataset\target\target_03.png,137.9,136.0,137.8,135.66666666666666,0.34801021696369244,0.34801021696369244,11.0,40,1638.4,ok,8.0,2.0,2.0,1.0,percentile,hamming,cfg_013,,,,,,
synthetic_00,spatial_percentile_hamming,N:\OUTPUT\gcp_compact_spatial_representation_OUTPUT\synthetic_smoke\synthetic_dataset\reference\reference_00.png,N:\OUTPUT\gcp_compact_spatial_representation_OUTPUT\synthetic_smoke\synthetic_dataset\target\target_00.png,138.75,137.1,138.5,137.17857142857142,0.26205623325491434,0.26205623325491434,18.0,40,1638.4,ok,8.0,2.0,3.0,0.0,percentile,hamming,cfg_014,,,,,,
synthetic_01,spatial_percentile_hamming,N:\OUTPUT\gcp_compact_spatial_representation_OUTPUT\synthetic_smoke\synthetic_dataset\reference\reference_01.png,N:\OUTPUT\gcp_compact_spatial_representation_OUTPUT\synthetic_smoke\synthetic_dataset\target\target_01.png,140.1,138.8,141.0,138.56,0.9314504817756093,0.5000000000000113,27.0,40,1638.4,ok,8.0,2.0,3.0,0.0,percentile,hamming,cfg_014,,,,,,
synthetic_02,spatial_percentile_hamming,N:\OUTPUT\gcp_compact_spatial_representation_OUTPUT\synthetic_smoke\synthetic_dataset\reference\reference_02.png,N:\OUTPUT\gcp_compact_spatial_representation_OUTPUT\synthetic_smoke\synthetic_dataset\target\target_02.png,136.3,139.6,136.28571428571428,139.3939393939394,0.20655521054360004,0.20655521054360004,13.0,40,1638.4,ok,8.0,2.0,3.0,0.0,percentile,hamming,cfg_014,,,,,,
synthetic_03,spatial_percentile_hamming,N:\OUTPUT\gcp_compact_spatial_representation_OUTPUT\synthetic_smoke\synthetic_dataset\reference\reference_03.png,N:\OUTPUT\gcp_compact_spatial_representation_OUTPUT\synthetic_smoke\synthetic_dataset\target\target_03.png,137.9,136.0,138.25,136.27272727272728,0.443711804315883,0.443711804315883,14.0,40,1638.4,ok,8.0,2.0,3.0,0.0,percentile,hamming,cfg_014,,,,,,
synthetic_00,spatial_percentile_hamming,N:\OUTPUT\gcp_compact_spatial_representation_OUTPUT\synthetic_smoke\synthetic_dataset\reference\reference_00.png,N:\OUTPUT\gcp_compact_spatial_representation_OUTPUT\synthetic_smoke\synthetic_dataset\target\target_00.png,138.75,137.1,138.54545454545453,137.16666666666666,0.21513550943453252,0.21513550943453252,20.0,48,1365.3333333333333,ok,8.0,2.0,3.0,1.0,percentile,hamming,cfg_015,,,,,,
synthetic_01,spatial_percentile_hamming,N:\OUTPUT\gcp_compact_spatial_representation_OUTPUT\synthetic_smoke\synthetic_dataset\reference\reference_01.png,N:\OUTPUT\gcp_compact_spatial_representation_OUTPUT\synthetic_smoke\synthetic_dataset\target\target_01.png,140.1,138.8,141.0909090909091,138.6206896551724,1.0070019991084873,0.5000000000000113,29.0,48,1365.3333333333333,ok,8.0,2.0,3.0,1.0,percentile,hamming,cfg_015,,,,,,
synthetic_02,spatial_percentile_hamming,N:\OUTPUT\gcp_compact_spatial_representation_OUTPUT\synthetic_smoke\synthetic_dataset\reference\reference_02.png,N:\OUTPUT\gcp_compact_spatial_representation_OUTPUT\synthetic_smoke\synthetic_dataset\target\target_02.png,136.3,139.6,136.26086956521738,139.3939393939394,0.20974309117664727,0.20974309117664727,15.0,48,1365.3333333333333,ok,8.0,2.0,3.0,1.0,percentile,hamming,cfg_015,,,,,,
synthetic_03,spatial_percentile_hamming,N:\OUTPUT\gcp_compact_spatial_representation_OUTPUT\synthetic_smoke\synthetic_dataset\reference\reference_03.png,N:\OUTPUT\gcp_compact_spatial_representation_OUTPUT\synthetic_smoke\synthetic_dataset\target\target_03.png,137.9,136.0,137.83333333333334,135.71428571428572,0.29338898668093144,0.29338898668093144,18.0,48,1365.3333333333333,ok,8.0,2.0,3.0,1.0,percentile,hamming,cfg_015,,,,,,
synthetic_00,spatial_percentile_hamming,N:\OUTPUT\gcp_compact_spatial_representation_OUTPUT\synthetic_smoke\synthetic_dataset\reference\reference_00.png,N:\OUTPUT\gcp_compact_spatial_representation_OUTPUT\synthetic_smoke\synthetic_dataset\target\target_00.png,138.75,137.1,137.609756097561,137.31428571428572,1.1602045183485048,0.6499999999999947,23.0,32,2048.0,ok,8.0,4.0,0.0,0.0,percentile,hamming,cfg_016,,,,,,
synthetic_01,spatial_percentile_hamming,N:\OUTPUT\gcp_compact_spatial_representation_OUTPUT\synthetic_smoke\synthetic_dataset\reference\reference_01.png,N:\OUTPUT\gcp_compact_spatial_representation_OUTPUT\synthetic_smoke\synthetic_dataset\target\target_01.png,140.1,138.8,139.6315789473684,138.27272727272728,0.7052905865486258,0.5000000000000113,37.0,32,2048.0,ok,8.0,4.0,0.0,0.0,percentile,hamming,cfg_016,,,,,,
synthetic_02,spatial_percentile_hamming,N:\OUTPUT\gcp_compact_spatial_representation_OUTPUT\synthetic_smoke\synthetic_dataset\reference\reference_02.png,N:\OUTPUT\gcp_compact_spatial_representation_OUTPUT\synthetic_smoke\synthetic_dataset\target\target_02.png,136.3,139.6,136.35135135135135,139.5,0.11241423969234478,0.11241423969234478,18.0,32,2048.0,ok,8.0,4.0,0.0,0.0,percentile,hamming,cfg_016,,,,,,
synthetic_03,spatial_percentile_hamming,N:\OUTPUT\gcp_compact_spatial_representation_OUTPUT\synthetic_smoke\synthetic_dataset\reference\reference_03.png,N:\OUTPUT\gcp_compact_spatial_representation_OUTPUT\synthetic_smoke\synthetic_dataset\target\target_03.png,137.9,136.0,138.0,135.84615384615384,0.18349016064425722,0.18349016064425722,30.0,32,2048.0,ok,8.0,4.0,0.0,0.0,percentile,hamming,cfg_016,,,,,,
synthetic_00,spatial_percentile_hamming,N:\OUTPUT\gcp_compact_spatial_representation_OUTPUT\synthetic_smoke\synthetic_dataset\reference\reference_00.png,N:\OUTPUT\gcp_compact_spatial_representation_OUTPUT\synthetic_smoke\synthetic_dataset\target\target_00.png,138.75,137.1,137.65853658536585,137.2972972972973,1.1091522028133258,0.471699056602835,27.0,40,1638.4,ok,8.0,4.0,0.0,1.0,percentile,hamming,cfg_017,,,,,,
synthetic_01,spatial_percentile_hamming,N:\OUTPUT\gcp_compact_spatial_representation_OUTPUT\synthetic_smoke\synthetic_dataset\reference\reference_01.png,N:\OUTPUT\gcp_compact_spatial_representation_OUTPUT\synthetic_smoke\synthetic_dataset\target\target_01.png,140.1,138.8,139.6315789473684,138.3,0.6851410676265735,0.6851410676265735,41.0,40,1638.4,ok,8.0,4.0,0.0,1.0,percentile,hamming,cfg_017,,,,,,
synthetic_02,spatial_percentile_hamming,N:\OUTPUT\gcp_compact_spatial_representation_OUTPUT\synthetic_smoke\synthetic_dataset\reference\reference_02.png,N:\OUTPUT\gcp_compact_spatial_representation_OUTPUT\synthetic_smoke\synthetic_dataset\target\target_02.png,136.3,139.6,136.33333333333334,139.5,0.10540925533894,0.10540925533894,20.0,40,1638.4,ok,8.0,4.0,0.0,1.0,percentile,hamming,cfg_017,,,,,,
synthetic_03,spatial_percentile_hamming,N:\OUTPUT\gcp_compact_spatial_representation_OUTPUT\synthetic_smoke\synthetic_dataset\reference\reference_03.png,N:\OUTPUT\gcp_compact_spatial_representation_OUTPUT\synthetic_smoke\synthetic_dataset\target\target_03.png,137.9,136.0,138.0,135.76470588235293,0.25566251543648927,0.25566251543648927,34.0,40,1638.4,ok,8.0,4.0,0.0,1.0,percentile,hamming,cfg_017,,,,,,
synthetic_00,spatial_percentile_hamming,N:\OUTPUT\gcp_compact_spatial_representation_OUTPUT\synthetic_smoke\synthetic_dataset\reference\reference_00.png,N:\OUTPUT\gcp_compact_spatial_representation_OUTPUT\synthetic_smoke\synthetic_dataset\target\target_00.png,138.75,137.1,137.65,137.30555555555554,1.1190411459905028,0.471699056602835,28.0,40,1638.4,ok,8.0,4.0,1.0,0.0,percentile,hamming,cfg_018,,,,,,
synthetic_01,spatial_percentile_hamming,N:\OUTPUT\gcp_compact_spatial_representation_OUTPUT\synthetic_smoke\synthetic_dataset\reference\reference_01.png,N:\OUTPUT\gcp_compact_spatial_representation_OUTPUT\synthetic_smoke\synthetic_dataset\target\target_01.png,140.1,138.8,139.75,138.25,0.6519202405202714,0.5000000000000113,42.0,40,1638.4,ok,8.0,4.0,1.0,0.0,percentile,hamming,cfg_018,,,,,,
synthetic_02,spatial_percentile_hamming,N:\OUTPUT\gcp_compact_spatial_representation_OUTPUT\synthetic_smoke\synthetic_dataset\reference\reference_02.png,N:\OUTPUT\gcp_compact_spatial_representation_OUTPUT\synthetic_smoke\synthetic_dataset\target\target_02.png,136.3,139.6,136.35,139.46666666666667,0.14240006242194578,0.14240006242194578,18.0,40,1638.4,ok,8.0,4.0,1.0,0.0,percentile,hamming,cfg_018,,,,,,
synthetic_03,spatial_percentile_hamming,N:\OUTPUT\gcp_compact_spatial_representation_OUTPUT\synthetic_smoke\synthetic_dataset\reference\reference_03.png,N:\OUTPUT\gcp_compact_spatial_representation_OUTPUT\synthetic_smoke\synthetic_dataset\target\target_03.png,137.9,136.0,138.0,135.6,0.41231056256177023,0.41231056256177023,30.0,40,1638.4,ok,8.0,4.0,1.0,0.0,percentile,hamming,cfg_018,,,,,,
synthetic_00,spatial_percentile_hamming,N:\OUTPUT\gcp_compact_spatial_representation_OUTPUT\synthetic_smoke\synthetic_dataset\reference\reference_00.png,N:\OUTPUT\gcp_compact_spatial_representation_OUTPUT\synthetic_smoke\synthetic_dataset\target\target_00.png,138.75,137.1,137.7,137.28947368421052,1.066958423280089,0.471699056602835,32.0,48,1365.3333333333333,ok,8.0,4.0,1.0,1.0,percentile,hamming,cfg_019,,,,,,
synthetic_01,spatial_percentile_hamming,N:\OUTPUT\gcp_compact_spatial_representation_OUTPUT\synthetic_smoke\synthetic_dataset\reference\reference_01.png,N:\OUTPUT\gcp_compact_spatial_representation_OUTPUT\synthetic_smoke\synthetic_dataset\target\target_01.png,140.1,138.8,139.75,138.27777777777777,0.6286621106625805,0.5000000000000113,46.0,48,1365.3333333333333,ok,8.0,4.0,1.0,1.0,percentile,hamming,cfg_019,,,,,,
synthetic_02,spatial_percentile_hamming,N:\OUTPUT\gcp_compact_spatial_representation_OUTPUT\synthetic_smoke\synthetic_dataset\reference\reference_02.png,N:\OUTPUT\gcp_compact_spatial_representation_OUTPUT\synthetic_smoke\synthetic_dataset\target\target_02.png,136.3,139.6,136.33333333333334,139.46666666666667,0.13743685418724755,0.13743685418724755,20.0,48,1365.3333333333333,ok,8.0,4.0,1.0,1.0,percentile,hamming,cfg_019,,,,,,
synthetic_03,spatial_percentile_hamming,N:\OUTPUT\gcp_compact_spatial_representation_OUTPUT\synthetic_smoke\synthetic_dataset\reference\reference_03.png,N:\OUTPUT\gcp_compact_spatial_representation_OUTPUT\synthetic_smoke\synthetic_dataset\target\target_03.png,137.9,136.0,138.0,135.64705882352942,0.36683439594514017,0.36683439594514017,34.0,48,1365.3333333333333,ok,8.0,4.0,1.0,1.0,percentile,hamming,cfg_019,,,,,,
synthetic_00,spatial_percentile_hamming,N:\OUTPUT\gcp_compact_spatial_representation_OUTPUT\synthetic_smoke\synthetic_dataset\reference\reference_00.png,N:\OUTPUT\gcp_compact_spatial_representation_OUTPUT\synthetic_smoke\synthetic_dataset\target\target_00.png,138.75,137.1,137.75675675675674,137.28947368421052,1.0111540027397867,0.471699056602835,37.0,48,1365.3333333333333,ok,8.0,4.0,2.0,0.0,percentile,hamming,cfg_020,,,,,,
synthetic_01,spatial_percentile_hamming,N:\OUTPUT\gcp_compact_spatial_representation_OUTPUT\synthetic_smoke\synthetic_dataset\reference\reference_01.png,N:\OUTPUT\gcp_compact_spatial_representation_OUTPUT\synthetic_smoke\synthetic_dataset\target\target_01.png,140.1,138.8,139.88888888888889,138.22727272727272,0.6103969447500607,0.5000000000000113,48.0,48,1365.3333333333333,ok,8.0,4.0,2.0,0.0,percentile,hamming,cfg_020,,,,,,
synthetic_02,spatial_percentile_hamming,N:\OUTPUT\gcp_compact_spatial_representation_OUTPUT\synthetic_smoke\synthetic_dataset\reference\reference_02.png,N:\OUTPUT\gcp_compact_spatial_representation_OUTPUT\synthetic_smoke\synthetic_dataset\target\target_02.png,136.3,139.6,136.3695652173913,139.45454545454547,0.16123381861161107,0.16123381861161107,20.0,48,1365.3333333333333,ok,8.0,4.0,2.0,0.0,percentile,hamming,cfg_020,,,,,,
synthetic_03,spatial_percentile_hamming,N:\OUTPUT\gcp_compact_spatial_representation_OUTPUT\synthetic_smoke\synthetic_dataset\reference\reference_03.png,N:\OUTPUT\gcp_compact_spatial_representation_OUTPUT\synthetic_smoke\synthetic_dataset\target\target_03.png,137.9,136.0,137.96153846153845,135.625,0.3800157657894195,0.3800157657894195,33.0,48,1365.3333333333333,ok,8.0,4.0,2.0,0.0,percentile,hamming,cfg_020,,,,,,
synthetic_00,spatial_percentile_hamming,N:\OUTPUT\gcp_compact_spatial_representation_OUTPUT\synthetic_smoke\synthetic_dataset\reference\reference_00.png,N:\OUTPUT\gcp_compact_spatial_representation_OUTPUT\synthetic_smoke\synthetic_dataset\target\target_00.png,138.75,137.1,137.8108108108108,137.275,0.9553540354705463,0.471699056602835,41.0,56,1170.2857142857142,ok,8.0,4.0,2.0,1.0,percentile,hamming,cfg_021,,,,,,
synthetic_01,spatial_percentile_hamming,N:\OUTPUT\gcp_compact_spatial_representation_OUTPUT\synthetic_smoke\synthetic_dataset\reference\reference_01.png,N:\OUTPUT\gcp_compact_spatial_representation_OUTPUT\synthetic_smoke\synthetic_dataset\target\target_01.png,140.1,138.8,139.88888888888889,138.25,0.5891246907358232,0.5000000000000113,52.0,56,1170.2857142857142,ok,8.0,4.0,2.0,1.0,percentile,hamming,cfg_021,,,,,,
synthetic_02,spatial_percentile_hamming,N:\OUTPUT\gcp_compact_spatial_representation_OUTPUT\synthetic_smoke\synthetic_dataset\reference\reference_02.png,N:\OUTPUT\gcp_compact_spatial_representation_OUTPUT\synthetic_smoke\synthetic_dataset\target\target_02.png,136.3,139.6,136.35416666666666,139.45454545454547,0.15521292655948002,0.15521292655948002,22.0,56,1170.2857142857142,ok,8.0,4.0,2.0,1.0,percentile,hamming,cfg_021,,,,,,
synthetic_03,spatial_percentile_hamming,N:\OUTPUT\gcp_compact_spatial_representation_OUTPUT\synthetic_smoke\synthetic_dataset\reference\reference_03.png,N:\OUTPUT\gcp_compact_spatial_representation_OUTPUT\synthetic_smoke\synthetic_dataset\target\target_03.png,137.9,136.0,137.96153846153845,135.66666666666666,0.33896621271099625,0.33896621271099625,37.0,56,1170.2857142857142,ok,8.0,4.0,2.0,1.0,percentile,hamming,cfg_021,,,,,,
synthetic_00,spatial_percentile_hamming,N:\OUTPUT\gcp_compact_spatial_representation_OUTPUT\synthetic_smoke\synthetic_dataset\reference\reference_00.png,N:\OUTPUT\gcp_compact_spatial_representation_OUTPUT\synthetic_smoke\synthetic_dataset\target\target_00.png,138.75,137.1,137.88888888888889,137.26666666666668,0.8770918557692814,0.471699056602835,48.0,56,1170.2857142857142,ok,8.0,4.0,3.0,0.0,percentile,hamming,cfg_022,,,,,,
synthetic_01,spatial_percentile_hamming,N:\OUTPUT\gcp_compact_spatial_representation_OUTPUT\synthetic_smoke\synthetic_dataset\reference\reference_01.png,N:\OUTPUT\gcp_compact_spatial_representation_OUTPUT\synthetic_smoke\synthetic_dataset\target\target_01.png,140.1,138.8,140.54545454545453,138.44827586206895,0.5675734501097236,0.5675734501097236,58.0,56,1170.2857142857142,ok,8.0,4.0,3.0,0.0,percentile,hamming,cfg_022,,,,,,
synthetic_02,spatial_percentile_hamming,N:\OUTPUT\gcp_compact_spatial_representation_OUTPUT\synthetic_smoke\synthetic_dataset\reference\reference_02.png,N:\OUTPUT\gcp_compact_spatial_representation_OUTPUT\synthetic_smoke\synthetic_dataset\target\target_02.png,136.3,139.6,136.35185185185185,139.4927536231884,0.11912346485759184,0.11912346485759184,27.0,56,1170.2857142857142,ok,8.0,4.0,3.0,0.0,percentile,hamming,cfg_022,,,,,,
synthetic_03,spatial_percentile_hamming,N:\OUTPUT\gcp_compact_spatial_representation_OUTPUT\synthetic_smoke\synthetic_dataset\reference\reference_03.png,N:\OUTPUT\gcp_compact_spatial_representation_OUTPUT\synthetic_smoke\synthetic_dataset\target\target_03.png,137.9,136.0,137.9655172413793,135.64705882352942,0.35897072717199385,0.35897072717199385,40.0,56,1170.2857142857142,ok,8.0,4.0,3.0,0.0,percentile,hamming,cfg_022,,,,,,
synthetic_00,spatial_percentile_hamming,N:\OUTPUT\gcp_compact_spatial_representation_OUTPUT\synthetic_smoke\synthetic_dataset\reference\reference_00.png,N:\OUTPUT\gcp_compact_spatial_representation_OUTPUT\synthetic_smoke\synthetic_dataset\target\target_00.png,138.75,137.1,137.94444444444446,137.25531914893617,0.8203924616381212,0.471699056602835,52.0,64,1024.0,ok,8.0,4.0,3.0,1.0,percentile,hamming,cfg_023,,,,,,
synthetic_01,spatial_percentile_hamming,N:\OUTPUT\gcp_compact_spatial_representation_OUTPUT\synthetic_smoke\synthetic_dataset\reference\reference_01.png,N:\OUTPUT\gcp_compact_spatial_representation_OUTPUT\synthetic_smoke\synthetic_dataset\target\target_01.png,140.1,138.8,140.66666666666666,138.5,0.6411794687223802,0.6411794687223802,62.0,64,1024.0,ok,8.0,4.0,3.0,1.0,percentile,hamming,cfg_023,,,,,,
synthetic_02,spatial_percentile_hamming,N:\OUTPUT\gcp_compact_spatial_representation_OUTPUT\synthetic_smoke\synthetic_dataset\reference\reference_02.png,N:\OUTPUT\gcp_compact_spatial_representation_OUTPUT\synthetic_smoke\synthetic_dataset\target\target_02.png,136.3,139.6,136.33928571428572,139.4927536231884,0.11421537850110931,0.11421537850110931,29.0,64,1024.0,ok,8.0,4.0,3.0,1.0,percentile,hamming,cfg_023,,,,,,
synthetic_03,spatial_percentile_hamming,N:\OUTPUT\gcp_compact_spatial_representation_OUTPUT\synthetic_smoke\synthetic_dataset\reference\reference_03.png,N:\OUTPUT\gcp_compact_spatial_representation_OUTPUT\synthetic_smoke\synthetic_dataset\target\target_03.png,137.9,136.0,137.9655172413793,135.68421052631578,0.3225143417085656,0.3225143417085656,44.0,64,1024.0,ok,8.0,4.0,3.0,1.0,percentile,hamming,cfg_023,,,,,,
synthetic_00,spatial_percentile_hamming,N:\OUTPUT\gcp_compact_spatial_representation_OUTPUT\synthetic_smoke\synthetic_dataset\reference\reference_00.png,N:\OUTPUT\gcp_compact_spatial_representation_OUTPUT\synthetic_smoke\synthetic_dataset\target\target_00.png,138.75,137.1,138.375,137.1,0.375,0.375,2.0,32,2048.0,ok,16.0,1.0,0.0,0.0,percentile,hamming,cfg_024,,,,,,
synthetic_01,spatial_percentile_hamming,N:\OUTPUT\gcp_compact_spatial_representation_OUTPUT\synthetic_smoke\synthetic_dataset\reference\reference_01.png,N:\OUTPUT\gcp_compact_spatial_representation_OUTPUT\synthetic_smoke\synthetic_dataset\target\target_01.png,140.1,138.8,140.0,138.25,0.5590169943749576,0.5590169943749576,5.0,32,2048.0,ok,16.0,1.0,0.0,0.0,percentile,hamming,cfg_024,,,,,,
synthetic_02,spatial_percentile_hamming,N:\OUTPUT\gcp_compact_spatial_representation_OUTPUT\synthetic_smoke\synthetic_dataset\reference\reference_02.png,N:\OUTPUT\gcp_compact_spatial_representation_OUTPUT\synthetic_smoke\synthetic_dataset\target\target_02.png,136.3,139.6,135.85714285714286,139.57142857142858,0.44377784477169374,0.22360679774996628,2.0,32,2048.0,ok,16.0,1.0,0.0,0.0,percentile,hamming,cfg_024,,,,,,
synthetic_03,spatial_percentile_hamming,N:\OUTPUT\gcp_compact_spatial_representation_OUTPUT\synthetic_smoke\synthetic_dataset\reference\reference_03.png,N:\OUTPUT\gcp_compact_spatial_representation_OUTPUT\synthetic_smoke\synthetic_dataset\target\target_03.png,137.9,136.0,137.8,136.375,0.3881043674064991,0.3881043674064991,4.0,32,2048.0,ok,16.0,1.0,0.0,0.0,percentile,hamming,cfg_024,,,,,,
synthetic_00,spatial_percentile_hamming,N:\OUTPUT\gcp_compact_spatial_representation_OUTPUT\synthetic_smoke\synthetic_dataset\reference\reference_00.png,N:\OUTPUT\gcp_compact_spatial_representation_OUTPUT\synthetic_smoke\synthetic_dataset\target\target_00.png,138.75,137.1,138.57142857142858,136.63636363636363,0.49683642457854393,0.471699056602835,16.0,64,1024.0,ok,16.0,1.0,0.0,1.0,percentile,hamming,cfg_025,,,,,,
synthetic_01,spatial_percentile_hamming,N:\OUTPUT\gcp_compact_spatial_representation_OUTPUT\synthetic_smoke\synthetic_dataset\reference\reference_01.png,N:\OUTPUT\gcp_compact_spatial_representation_OUTPUT\synthetic_smoke\synthetic_dataset\target\target_01.png,140.1,138.8,140.57142857142858,138.0,0.9285714285714475,0.5000000000000113,24.0,64,1024.0,ok,16.0,1.0,0.0,1.0,percentile,hamming,cfg_025,,,,,,
synthetic_02,spatial_percentile_hamming,N:\OUTPUT\gcp_compact_spatial_representation_OUTPUT\synthetic_smoke\synthetic_dataset\reference\reference_02.png,N:\OUTPUT\gcp_compact_spatial_representation_OUTPUT\synthetic_smoke\synthetic_dataset\target\target_02.png,136.3,139.6,135.91666666666666,139.5625,0.38516320494624096,0.22360679774996628,25.0,64,1024.0,ok,16.0,1.0,0.0,1.0,percentile,hamming,cfg_025,,,,,,
synthetic_03,spatial_percentile_hamming,N:\OUTPUT\gcp_compact_spatial_representation_OUTPUT\synthetic_smoke\synthetic_dataset\reference\reference_03.png,N:\OUTPUT\gcp_compact_spatial_representation_OUTPUT\synthetic_smoke\synthetic_dataset\target\target_03.png,137.9,136.0,137.83333333333334,136.0909090909091,0.11273378931962574,0.11273378931962574,23.0,64,1024.0,ok,16.0,1.0,0.0,1.0,percentile,hamming,cfg_025,,,,,,
synthetic_00,spatial_percentile_hamming,N:\OUTPUT\gcp_compact_spatial_representation_OUTPUT\synthetic_smoke\synthetic_dataset\reference\reference_00.png,N:\OUTPUT\gcp_compact_spatial_representation_OUTPUT\synthetic_smoke\synthetic_dataset\target\target_00.png,138.75,137.1,138.5483870967742,137.23809523809524,0.24437278394231227,0.24437278394231227,30.0,64,1024.0,ok,16.0,1.0,1.0,0.0,percentile,hamming,cfg_026,,,,,,
synthetic_01,spatial_percentile_hamming,N:\OUTPUT\gcp_compact_spatial_representation_OUTPUT\synthetic_smoke\synthetic_dataset\reference\reference_01.png,N:\OUTPUT\gcp_compact_spatial_representation_OUTPUT\synthetic_smoke\synthetic_dataset\target\target_01.png,140.1,138.8,140.0,138.5,0.31622776601684693,0.31622776601684693,25.0,64,1024.0,ok,16.0,1.0,1.0,0.0,percentile,hamming,cfg_026,,,,,,
synthetic_02,spatial_percentile_hamming,N:\OUTPUT\gcp_compact_spatial_representation_OUTPUT\synthetic_smoke\synthetic_dataset\reference\reference_02.png,N:\OUTPUT\gcp_compact_spatial_representation_OUTPUT\synthetic_smoke\synthetic_dataset\target\target_02.png,136.3,139.6,136.16666666666666,139.46666666666667,0.18856180831642202,0.18856180831642202,18.0,64,1024.0,ok,16.0,1.0,1.0,0.0,percentile,hamming,cfg_026,,,,,,
synthetic_03,spatial_percentile_hamming,N:\OUTPUT\gcp_compact_spatial_representation_OUTPUT\synthetic_smoke\synthetic_dataset\reference\reference_03.png,N:\OUTPUT\gcp_compact_spatial_representation_OUTPUT\synthetic_smoke\synthetic_dataset\target\target_03.png,137.9,136.0,138.24137931034483,136.3684210526316,0.5022687582894971,0.5022687582894971,28.0,64,1024.0,ok,16.0,1.0,1.0,0.0,percentile,hamming,cfg_026,,,,,,
synthetic_00,spatial_percentile_hamming,N:\OUTPUT\gcp_compact_spatial_representation_OUTPUT\synthetic_smoke\synthetic_dataset\reference\reference_00.png,N:\OUTPUT\gcp_compact_spatial_representation_OUTPUT\synthetic_smoke\synthetic_dataset\target\target_00.png,138.75,137.1,138.6046511627907,136.85185185185185,0.28758266273794997,0.28758266273794997,48.0,96,682.6666666666666,ok,16.0,1.0,1.0,1.0,percentile,hamming,cfg_027,,,,,,
synthetic_01,spatial_percentile_hamming,N:\OUTPUT\gcp_compact_spatial_representation_OUTPUT\synthetic_smoke\synthetic_dataset\reference\reference_01.png,N:\OUTPUT\gcp_compact_spatial_representation_OUTPUT\synthetic_smoke\synthetic_dataset\target\target_01.png,140.1,138.8,140.13636363636363,138.35714285714286,0.44434757007233056,0.44434757007233056,44.0,96,682.6666666666666,ok,16.0,1.0,1.0,1.0,percentile,hamming,cfg_027,,,,,,
synthetic_02,spatial_percentile_hamming,N:\OUTPUT\gcp_compact_spatial_representation_OUTPUT\synthetic_smoke\synthetic_dataset\reference\reference_02.png,N:\OUTPUT\gcp_compact_spatial_representation_OUTPUT\synthetic_smoke\synthetic_dataset\target\target_02.png,136.3,139.6,136.16666666666666,139.375,0.26153924710792603,0.26153924710792603,41.0,96,682.6666666666666,ok,16.0,1.0,1.0,1.0,percentile,hamming,cfg_027,,,,,,
synthetic_03,spatial_percentile_hamming,N:\OUTPUT\gcp_compact_spatial_representation_OUTPUT\synthetic_smoke\synthetic_dataset\reference\reference_03.png,N:\OUTPUT\gcp_compact_spatial_representation_OUTPUT\synthetic_smoke\synthetic_dataset\target\target_03.png,137.9,136.0,137.66666666666666,135.74074074074073,0.3487976604797044,0.3487976604797044,47.0,96,682.6666666666666,ok,16.0,1.0,1.0,1.0,percentile,hamming,cfg_027,,,,,,
synthetic_00,spatial_percentile_hamming,N:\OUTPUT\gcp_compact_spatial_representation_OUTPUT\synthetic_smoke\synthetic_dataset\reference\reference_00.png,N:\OUTPUT\gcp_compact_spatial_representation_OUTPUT\synthetic_smoke\synthetic_dataset\target\target_00.png,138.75,137.1,138.59649122807016,137.1818181818182,0.1739515965303028,0.1739515965303028,68.0,96,682.6666666666666,ok,16.0,1.0,2.0,0.0,percentile,hamming,cfg_028,,,,,,
synthetic_01,spatial_percentile_hamming,N:\OUTPUT\gcp_compact_spatial_representation_OUTPUT\synthetic_smoke\synthetic_dataset\reference\reference_01.png,N:\OUTPUT\gcp_compact_spatial_representation_OUTPUT\synthetic_smoke\synthetic_dataset\target\target_01.png,140.1,138.8,139.85714285714286,138.58333333333334,0.3254597306598394,0.3254597306598394,55.0,96,682.6666666666666,ok,16.0,1.0,2.0,0.0,percentile,hamming,cfg_028,,,,,,
synthetic_02,spatial_percentile_hamming,N:\OUTPUT\gcp_compact_spatial_representation_OUTPUT\synthetic_smoke\synthetic_dataset\reference\reference_02.png,N:\OUTPUT\gcp_compact_spatial_representation_OUTPUT\synthetic_smoke\synthetic_dataset\target\target_02.png,136.3,139.6,136.28125,139.4848484848485,0.1166680502180677,0.1166680502180677,45.0,96,682.6666666666666,ok,16.0,1.0,2.0,0.0,percentile,hamming,cfg_028,,,,,,
synthetic_03,spatial_percentile_hamming,N:\OUTPUT\gcp_compact_spatial_representation_OUTPUT\synthetic_smoke\synthetic_dataset\reference\reference_03.png,N:\OUTPUT\gcp_compact_spatial_representation_OUTPUT\synthetic_smoke\synthetic_dataset\target\target_03.png,137.9,136.0,137.72340425531914,135.56410256410257,0.47031120724616454,0.47031120724616454,61.0,96,682.6666666666666,ok,16.0,1.0,2.0,0.0,percentile,hamming,cfg_028,,,,,,
synthetic_00,spatial_percentile_hamming,N:\OUTPUT\gcp_compact_spatial_representation_OUTPUT\synthetic_smoke\synthetic_dataset\reference\reference_00.png,N:\OUTPUT\gcp_compact_spatial_representation_OUTPUT\synthetic_smoke\synthetic_dataset\target\target_00.png,138.75,137.1,138.6417910447761,136.92105263157896,0.20912039272978328,0.20912039272978328,87.0,128,512.0,ok,16.0,1.0,2.0,1.0,percentile,hamming,cfg_029,,,,,,
synthetic_01,spatial_percentile_hamming,N:\OUTPUT\gcp_compact_spatial_representation_OUTPUT\synthetic_smoke\synthetic_dataset\reference\reference_01.png,N:\OUTPUT\gcp_compact_spatial_representation_OUTPUT\synthetic_smoke\synthetic_dataset\target\target_01.png,140.1,138.8,140.0,138.5,0.31622776601684693,0.31622776601684693,77.0,128,512.0,ok,16.0,1.0,2.0,1.0,percentile,hamming,cfg_029,,,,,,
synthetic_02,spatial_percentile_hamming,N:\OUTPUT\gcp_compact_spatial_representation_OUTPUT\synthetic_smoke\synthetic_dataset\reference\reference_02.png,N:\OUTPUT\gcp_compact_spatial_representation_OUTPUT\synthetic_smoke\synthetic_dataset\target\target_02.png,136.3,139.6,136.28125,139.44117647058823,0.1599264705882343,0.1599264705882343,68.0,128,512.0,ok,16.0,1.0,2.0,1.0,percentile,hamming,cfg_029,,,,,,
synthetic_03,spatial_percentile_hamming,N:\OUTPUT\gcp_compact_spatial_representation_OUTPUT\synthetic_smoke\synthetic_dataset\reference\reference_03.png,N:\OUTPUT\gcp_compact_spatial_representation_OUTPUT\synthetic_smoke\synthetic_dataset\target\target_03.png,137.9,136.0,137.67741935483872,135.62745098039215,0.4339757085496623,0.4339757085496623,78.0,128,512.0,ok,16.0,1.0,2.0,1.0,percentile,hamming,cfg_029,,,,,,
synthetic_00,spatial_percentile_hamming,N:\OUTPUT\gcp_compact_spatial_representation_OUTPUT\synthetic_smoke\synthetic_dataset\reference\reference_00.png,N:\OUTPUT\gcp_compact_spatial_representation_OUTPUT\synthetic_smoke\synthetic_dataset\target\target_00.png,138.75,137.1,138.59259259259258,137.04347826086956,0.16724771717740647,0.16724771717740647,115.0,128,512.0,ok,16.0,1.0,3.0,0.0,percentile,hamming,cfg_030,,,,,,
synthetic_01,spatial_percentile_hamming,N:\OUTPUT\gcp_compact_spatial_representation_OUTPUT\synthetic_smoke\synthetic_dataset\reference\reference_01.png,N:\OUTPUT\gcp_compact_spatial_representation_OUTPUT\synthetic_smoke\synthetic_dataset\target\target_01.png,140.1,138.8,140.04347826086956,138.59677419354838,0.21093941168554237,0.21093941168554237,105.0,128,512.0,ok,16.0,1.0,3.0,0.0,percentile,hamming,cfg_030,,,,,,
synthetic_02,spatial_percentile_hamming,N:\OUTPUT\gcp_compact_spatial_representation_OUTPUT\synthetic_smoke\synthetic_dataset\reference\reference_02.png,N:\OUTPUT\gcp_compact_spatial_representation_OUTPUT\synthetic_smoke\synthetic_dataset\target\target_02.png,136.3,139.6,136.3684210526316,139.49122807017545,0.128502035629667,0.128502035629667,81.0,128,512.0,ok,16.0,1.0,3.0,0.0,percentile,hamming,cfg_030,,,,,,
synthetic_03,spatial_percentile_hamming,N:\OUTPUT\gcp_compact_spatial_representation_OUTPUT\synthetic_smoke\synthetic_dataset\reference\reference_03.png,N:\OUTPUT\gcp_compact_spatial_representation_OUTPUT\synthetic_smoke\synthetic_dataset\target\target_03.png,137.9,136.0,137.78571428571428,135.6153846153846,0.4012358640159688,0.4012358640159688,113.0,128,512.0,ok,16.0,1.0,3.0,0.0,percentile,hamming,cfg_030,,,,,,
synthetic_00,spatial_percentile_hamming,N:\OUTPUT\gcp_compact_spatial_representation_OUTPUT\synthetic_smoke\synthetic_dataset\reference\reference_00.png,N:\OUTPUT\gcp_compact_spatial_representation_OUTPUT\synthetic_smoke\synthetic_dataset\target\target_00.png,138.75,137.1,138.62857142857143,136.8793103448276,0.2518904957700835,0.2518904957700835,130.0,160,409.6,ok,16.0,1.0,3.0,1.0,percentile,hamming,cfg_031,,,,,,
synthetic_01,spatial_percentile_hamming,N:\OUTPUT\gcp_compact_spatial_representation_OUTPUT\synthetic_smoke\synthetic_dataset\reference\reference_01.png,N:\OUTPUT\gcp_compact_spatial_representation_OUTPUT\synthetic_smoke\synthetic_dataset\target\target_01.png,140.1,138.8,140.09615384615384,138.5625,0.23753114090454264,0.23753114090454264,124.0,160,409.6,ok,16.0,1.0,3.0,1.0,percentile,hamming,cfg_031,,,,,,
synthetic_02,spatial_percentile_hamming,N:\OUTPUT\gcp_compact_spatial_representation_OUTPUT\synthetic_smoke\synthetic_dataset\reference\reference_02.png,N:\OUTPUT\gcp_compact_spatial_representation_OUTPUT\synthetic_smoke\synthetic_dataset\target\target_02.png,136.3,139.6,136.3684210526316,139.4655172413793,0.15088755021354291,0.15088755021354291,104.0,160,409.6,ok,16.0,1.0,3.0,1.0,percentile,hamming,cfg_031,,,,,,
synthetic_03,spatial_percentile_hamming,N:\OUTPUT\gcp_compact_spatial_representation_OUTPUT\synthetic_smoke\synthetic_dataset\reference\reference_03.png,N:\OUTPUT\gcp_compact_spatial_representation_OUTPUT\synthetic_smoke\synthetic_dataset\target\target_03.png,137.9,136.0,137.73239436619718,135.64935064935065,0.38864716079402317,0.38864716079402317,130.0,160,409.6,ok,16.0,1.0,3.0,1.0,percentile,hamming,cfg_031,,,,,,
synthetic_00,spatial_percentile_hamming,N:\OUTPUT\gcp_compact_spatial_representation_OUTPUT\synthetic_smoke\synthetic_dataset\reference\reference_00.png,N:\OUTPUT\gcp_compact_spatial_representation_OUTPUT\synthetic_smoke\synthetic_dataset\target\target_00.png,138.75,137.1,138.45945945945945,136.95652173913044,0.3240367526064693,0.3240367526064693,11.0,64,1024.0,ok,16.0,2.0,0.0,0.0,percentile,hamming,cfg_032,,,,,,
synthetic_01,spatial_percentile_hamming,N:\OUTPUT\gcp_compact_spatial_representation_OUTPUT\synthetic_smoke\synthetic_dataset\reference\reference_01.png,N:\OUTPUT\gcp_compact_spatial_representation_OUTPUT\synthetic_smoke\synthetic_dataset\target\target_01.png,140.1,138.8,140.03571428571428,138.5,0.3068104513559335,0.3068104513559335,18.0,64,1024.0,ok,16.0,2.0,0.0,0.0,percentile,hamming,cfg_032,,,,,,
synthetic_02,spatial_percentile_hamming,N:\OUTPUT\gcp_compact_spatial_representation_OUTPUT\synthetic_smoke\synthetic_dataset\reference\reference_02.png,N:\OUTPUT\gcp_compact_spatial_representation_OUTPUT\synthetic_smoke\synthetic_dataset\target\target_02.png,136.3,139.6,136.24,139.56666666666666,0.06863753427324774,0.06863753427324774,12.0,64,1024.0,ok,16.0,2.0,0.0,0.0,percentile,hamming,cfg_032,,,,,,
synthetic_03,spatial_percentile_hamming,N:\OUTPUT\gcp_compact_spatial_representation_OUTPUT\synthetic_smoke\synthetic_dataset\reference\reference_03.png,N:\OUTPUT\gcp_compact_spatial_representation_OUTPUT\synthetic_smoke\synthetic_dataset\target\target_03.png,137.9,136.0,137.75,135.8421052631579,0.21778601406527648,0.21778601406527648,23.0,64,1024.0,ok,16.0,2.0,0.0,0.0,percentile,hamming,cfg_032,,,,,,
synthetic_00,spatial_percentile_hamming,N:\OUTPUT\gcp_compact_spatial_representation_OUTPUT\synthetic_smoke\synthetic_dataset\reference\reference_00.png,N:\OUTPUT\gcp_compact_spatial_representation_OUTPUT\synthetic_smoke\synthetic_dataset\target\target_00.png,138.75,137.1,138.51020408163265,136.75,0.42426652291411876,0.42426652291411876,24.0,96,682.6666666666666,ok,16.0,2.0,0.0,1.0,percentile,hamming,cfg_033,,,,,,
synthetic_01,spatial_percentile_hamming,N:\OUTPUT\gcp_compact_spatial_representation_OUTPUT\synthetic_smoke\synthetic_dataset\reference\reference_01.png,N:\OUTPUT\gcp_compact_spatial_representation_OUTPUT\synthetic_smoke\synthetic_dataset\target\target_01.png,140.1,138.8,140.11764705882354,138.4,0.40038908412333885,0.40038908412333885,37.0,96,682.6666666666666,ok,16.0,2.0,0.0,1.0,percentile,hamming,cfg_033,,,,,,
synthetic_02,spatial_percentile_hamming,N:\OUTPUT\gcp_compact_spatial_representation_OUTPUT\synthetic_smoke\synthetic_dataset\reference\reference_02.png,N:\OUTPUT\gcp_compact_spatial_representation_OUTPUT\synthetic_smoke\synthetic_dataset\target\target_02.png,136.3,139.6,136.24,139.51612903225805,0.10312293260943738,0.10312293260943738,35.0,96,682.6666666666666,ok,16.0,2.0,0.0,1.0,percentile,hamming,cfg_033,,,,,,
synthetic_03,spatial_percentile_hamming,N:\OUTPUT\gcp_compact_spatial_representation_OUTPUT\synthetic_smoke\synthetic_dataset\reference\reference_03.png,N:\OUTPUT\gcp_compact_spatial_representation_OUTPUT\synthetic_smoke\synthetic_dataset\target\target_03.png,137.9,136.0,137.66666666666666,135.83870967741936,0.2836529791886886,0.2836529791886886,40.0,96,682.6666666666666,ok,16.0,2.0,0.0,1.0,percentile,hamming,cfg_033,,,,,,
synthetic_00,spatial_percentile_hamming,N:\OUTPUT\gcp_compact_spatial_representation_OUTPUT\synthetic_smoke\synthetic_dataset\reference\reference_00.png,N:\OUTPUT\gcp_compact_spatial_representation_OUTPUT\synthetic_smoke\synthetic_dataset\target\target_00.png,138.75,137.1,138.4655172413793,137.07692307692307,0.2854172109932064,0.2854172109932064,40.0,96,682.6666666666666,ok,16.0,2.0,1.0,0.0,percentile,hamming,cfg_034,,,,,,
synthetic_01,spatial_percentile_hamming,N:\OUTPUT\gcp_compact_spatial_representation_OUTPUT\synthetic_smoke\synthetic_dataset\reference\reference_01.png,N:\OUTPUT\gcp_compact_spatial_representation_OUTPUT\synthetic_smoke\synthetic_dataset\target\target_01.png,140.1,138.8,140.02702702702703,138.53846153846155,0.2715279389831172,0.2715279389831172,38.0,96,682.6666666666666,ok,16.0,2.0,1.0,0.0,percentile,hamming,cfg_034,,,,,,
synthetic_02,spatial_percentile_hamming,N:\OUTPUT\gcp_compact_spatial_representation_OUTPUT\synthetic_smoke\synthetic_dataset\reference\reference_02.png,N:\OUTPUT\gcp_compact_spatial_representation_OUTPUT\synthetic_smoke\synthetic_dataset\target\target_02.png,136.3,139.6,136.25714285714287,139.5,0.10879675865519411,0.10879675865519411,27.0,96,682.6666666666666,ok,16.0,2.0,1.0,0.0,percentile,hamming,cfg_034,,,,,,
synthetic_03,spatial_percentile_hamming,N:\OUTPUT\gcp_compact_spatial_representation_OUTPUT\synthetic_smoke\synthetic_dataset\reference\reference_03.png,N:\OUTPUT\gcp_compact_spatial_representation_OUTPUT\synthetic_smoke\synthetic_dataset\target\target_03.png,137.9,136.0,137.75,135.65625,0.3750520797169397,0.3750520797169397,46.0,96,682.6666666666666,ok,16.0,2.0,1.0,0.0,percentile,hamming,cfg_034,,,,,,
synthetic_00,spatial_percentile_hamming,N:\OUTPUT\gcp_compact_spatial_representation_OUTPUT\synthetic_smoke\synthetic_dataset\reference\reference_00.png,N:\OUTPUT\gcp_compact_spatial_representation_OUTPUT\synthetic_smoke\synthetic_dataset\target\target_00.png,138.75,137.1,138.54929577464787,136.86666666666667,0.3077769168060453,0.3077769168060453,56.0,128,512.0,ok,16.0,2.0,1.0,1.0,percentile,hamming,cfg_035,,,,,,
synthetic_01,spatial_percentile_hamming,N:\OUTPUT\gcp_compact_spatial_representation_OUTPUT\synthetic_smoke\synthetic_dataset\reference\reference_01.png,N:\OUTPUT\gcp_compact_spatial_representation_OUTPUT\synthetic_smoke\synthetic_dataset\target\target_01.png,140.1,138.8,140.09302325581396,138.46428571428572,0.3357867725091216,0.3357867725091216,57.0,128,512.0,ok,16.0,2.0,1.0,1.0,percentile,hamming,cfg_035,,,,,,
synthetic_02,spatial_percentile_hamming,N:\OUTPUT\gcp_compact_spatial_representation_OUTPUT\synthetic_smoke\synthetic_dataset\reference\reference_02.png,N:\OUTPUT\gcp_compact_spatial_representation_OUTPUT\synthetic_smoke\synthetic_dataset\target\target_02.png,136.3,139.6,136.25714285714287,139.46153846153845,0.1449425138702052,0.1449425138702052,50.0,128,512.0,ok,16.0,2.0,1.0,1.0,percentile,hamming,cfg_035,,,,,,
synthetic_03,spatial_percentile_hamming,N:\OUTPUT\gcp_compact_spatial_representation_OUTPUT\synthetic_smoke\synthetic_dataset\reference\reference_03.png,N:\OUTPUT\gcp_compact_spatial_representation_OUTPUT\synthetic_smoke\synthetic_dataset\target\target_03.png,137.9,136.0,137.6909090909091,135.70454545454547,0.36195634639305735,0.36195634639305735,63.0,128,512.0,ok,16.0,2.0,1.0,1.0,percentile,hamming,cfg_035,,,,,,
synthetic_00,spatial_percentile_hamming,N:\OUTPUT\gcp_compact_spatial_representation_OUTPUT\synthetic_smoke\synthetic_dataset\reference\reference_00.png,N:\OUTPUT\gcp_compact_spatial_representation_OUTPUT\synthetic_smoke\synthetic_dataset\target\target_00.png,138.75,137.1,138.52380952380952,137.078431372549,0.22721649854136117,0.22721649854136117,78.0,128,512.0,ok,16.0,2.0,2.0,0.0,percentile,hamming,cfg_036,,,,,,
synthetic_01,spatial_percentile_hamming,N:\OUTPUT\gcp_compact_spatial_representation_OUTPUT\synthetic_smoke\synthetic_dataset\reference\reference_01.png,N:\OUTPUT\gcp_compact_spatial_representation_OUTPUT\synthetic_smoke\synthetic_dataset\target\target_01.png,140.1,138.8,139.94871794871796,138.55357142857142,0.28915964423902485,0.28915964423902485,69.0,128,512.0,ok,16.0,2.0,2.0,0.0,percentile,hamming,cfg_036,,,,,,
synthetic_02,spatial_percentile_hamming,N:\OUTPUT\gcp_compact_spatial_representation_OUTPUT\synthetic_smoke\synthetic_dataset\reference\reference_02.png,N:\OUTPUT\gcp_compact_spatial_representation_OUTPUT\synthetic_smoke\synthetic_dataset\target\target_02.png,136.3,139.6,136.29090909090908,139.5,0.10041237288351672,0.10041237288351672,54.0,128,512.0,ok,16.0,2.0,2.0,0.0,percentile,hamming,cfg_036,,,,,,
synthetic_03,spatial_percentile_hamming,N:\OUTPUT\gcp_compact_spatial_representation_OUTPUT\synthetic_smoke\synthetic_dataset\reference\reference_03.png,N:\OUTPUT\gcp_compact_spatial_representation_OUTPUT\synthetic_smoke\synthetic_dataset\target\target_03.png,137.9,136.0,137.72727272727272,135.58928571428572,0.4455568821526557,0.4455568821526557,77.0,128,512.0,ok,16.0,2.0,2.0,0.0,percentile,hamming,cfg_036,,,,,,
synthetic_00,spatial_percentile_hamming,N:\OUTPUT\gcp_compact_spatial_representation_OUTPUT\synthetic_smoke\synthetic_dataset\reference\reference_00.png,N:\OUTPUT\gcp_compact_spatial_representation_OUTPUT\synthetic_smoke\synthetic_dataset\target\target_00.png,138.75,137.1,138.58947368421053,136.91071428571428,0.2481889999447882,0.2481889999447882,95.0,160,409.6,ok,16.0,2.0,2.0,1.0,percentile,hamming,cfg_037,,,,,,
synthetic_01,spatial_percentile_hamming,N:\OUTPUT\gcp_compact_spatial_representation_OUTPUT\synthetic_smoke\synthetic_dataset\reference\reference_01.png,N:\OUTPUT\gcp_compact_spatial_representation_OUTPUT\synthetic_smoke\synthetic_dataset\target\target_01.png,140.1,138.8,140.01818181818183,138.52083333333334,0.29090933751567516,0.29090933751567516,90.0,160,409.6,ok,16.0,2.0,2.0,1.0,percentile,hamming,cfg_037,,,,,,
synthetic_02,spatial_percentile_hamming,N:\OUTPUT\gcp_compact_spatial_representation_OUTPUT\synthetic_smoke\synthetic_dataset\reference\reference_02.png,N:\OUTPUT\gcp_compact_spatial_representation_OUTPUT\synthetic_smoke\synthetic_dataset\target\target_02.png,136.3,139.6,136.29090909090908,139.4736842105263,0.12664250194331284,0.12664250194331284,77.0,160,409.6,ok,16.0,2.0,2.0,1.0,percentile,hamming,cfg_037,,,,,,
synthetic_03,spatial_percentile_hamming,N:\OUTPUT\gcp_compact_spatial_representation_OUTPUT\synthetic_smoke\synthetic_dataset\reference\reference_03.png,N:\OUTPUT\gcp_compact_spatial_representation_OUTPUT\synthetic_smoke\synthetic_dataset\target\target_03.png,137.9,136.0,137.69135802469137,135.63235294117646,0.4227242998956728,0.4227242998956728,94.0,160,409.6,ok,16.0,2.0,2.0,1.0,percentile,hamming,cfg_037,,,,,,
synthetic_00,spatial_percentile_hamming,N:\OUTPUT\gcp_compact_spatial_representation_OUTPUT\synthetic_smoke\synthetic_dataset\reference\reference_00.png,N:\OUTPUT\gcp_compact_spatial_representation_OUTPUT\synthetic_smoke\synthetic_dataset\target\target_00.png,138.75,137.1,138.58677685950414,137.0,0.19142046283856315,0.19142046283856315,125.0,160,409.6,ok,16.0,2.0,3.0,0.0,percentile,hamming,cfg_038,,,,,,
synthetic_01,spatial_percentile_hamming,N:\OUTPUT\gcp_compact_spatial_representation_OUTPUT\synthetic_smoke\synthetic_dataset\reference\reference_01.png,N:\OUTPUT\gcp_compact_spatial_representation_OUTPUT\synthetic_smoke\synthetic_dataset\target\target_01.png,140.1,138.8,140.044776119403,138.5921052631579,0.21510438999436124,0.21510438999436124,118.0,160,409.6,ok,16.0,2.0,3.0,0.0,percentile,hamming,cfg_038,,,,,,
synthetic_02,spatial_percentile_hamming,N:\OUTPUT\gcp_compact_spatial_representation_OUTPUT\synthetic_smoke\synthetic_dataset\reference\reference_02.png,N:\OUTPUT\gcp_compact_spatial_representation_OUTPUT\synthetic_smoke\synthetic_dataset\target\target_02.png,136.3,139.6,136.35,139.5,0.11180339887497678,0.11180339887497678,90.0,160,409.6,ok,16.0,2.0,3.0,0.0,percentile,hamming,cfg_038,,,,,,
synthetic_03,spatial_percentile_hamming,N:\OUTPUT\gcp_compact_spatial_representation_OUTPUT\synthetic_smoke\synthetic_dataset\reference\reference_03.png,N:\OUTPUT\gcp_compact_spatial_representation_OUTPUT\synthetic_smoke\synthetic_dataset\target\target_03.png,137.9,136.0,137.77333333333334,135.6219512195122,0.3987045583797086,0.3987045583797086,129.0,160,409.6,ok,16.0,2.0,3.0,0.0,percentile,hamming,cfg_038,,,,,,
synthetic_00,spatial_percentile_hamming,N:\OUTPUT\gcp_compact_spatial_representation_OUTPUT\synthetic_smoke\synthetic_dataset\reference\reference_00.png,N:\OUTPUT\gcp_compact_spatial_representation_OUTPUT\synthetic_smoke\synthetic_dataset\target\target_00.png,138.75,137.1,138.593984962406,136.8815789473684,0.2684184199866743,0.2684184199866743,138.0,192,341.3333333333333,ok,16.0,2.0,3.0,1.0,percentile,hamming,cfg_039,,,,,,
synthetic_01,spatial_percentile_hamming,N:\OUTPUT\gcp_compact_spatial_representation_OUTPUT\synthetic_smoke\synthetic_dataset\reference\reference_01.png,N:\OUTPUT\gcp_compact_spatial_representation_OUTPUT\synthetic_smoke\synthetic_dataset\target\target_01.png,140.1,138.8,140.08219178082192,138.56410256410257,0.2365686643097144,0.2365686643097144,137.0,192,341.3333333333333,ok,16.0,2.0,3.0,1.0,percentile,hamming,cfg_039,,,,,,
synthetic_02,spatial_percentile_hamming,N:\OUTPUT\gcp_compact_spatial_representation_OUTPUT\synthetic_smoke\synthetic_dataset\reference\reference_02.png,N:\OUTPUT\gcp_compact_spatial_representation_OUTPUT\synthetic_smoke\synthetic_dataset\target\target_02.png,136.3,139.6,136.35,139.48148148148147,0.12863374064305547,0.12863374064305547,113.0,192,341.3333333333333,ok,16.0,2.0,3.0,1.0,percentile,hamming,cfg_039,,,,,,
synthetic_03,spatial_percentile_hamming,N:\OUTPUT\gcp_compact_spatial_representation_OUTPUT\synthetic_smoke\synthetic_dataset\reference\reference_03.png,N:\OUTPUT\gcp_compact_spatial_representation_OUTPUT\synthetic_smoke\synthetic_dataset\target\target_03.png,137.9,136.0,137.73333333333332,135.64893617021278,0.3886175373843229,0.3886175373843229,146.0,192,341.3333333333333,ok,16.0,2.0,3.0,1.0,percentile,hamming,cfg_039,,,,,,
synthetic_00,spatial_percentile_hamming,N:\OUTPUT\gcp_compact_spatial_representation_OUTPUT\synthetic_smoke\synthetic_dataset\reference\reference_00.png,N:\OUTPUT\gcp_compact_spatial_representation_OUTPUT\synthetic_smoke\synthetic_dataset\target\target_00.png,138.75,137.1,138.44666666666666,137.03061224489795,0.31116839760685394,0.31116839760685394,103.0,128,512.0,ok,16.0,4.0,0.0,0.0,percentile,hamming,cfg_040,,,,,,
synthetic_01,spatial_percentile_hamming,N:\OUTPUT\gcp_compact_spatial_representation_OUTPUT\synthetic_smoke\synthetic_dataset\reference\reference_01.png,N:\OUTPUT\gcp_compact_spatial_representation_OUTPUT\synthetic_smoke\synthetic_dataset\target\target_01.png,140.1,138.8,140.1868131868132,138.68115942028984,0.1471720516623739,0.1471720516623739,116.0,128,512.0,ok,16.0,4.0,0.0,0.0,percentile,hamming,cfg_040,,,,,,
synthetic_02,spatial_percentile_hamming,N:\OUTPUT\gcp_compact_spatial_representation_OUTPUT\synthetic_smoke\synthetic_dataset\reference\reference_02.png,N:\OUTPUT\gcp_compact_spatial_representation_OUTPUT\synthetic_smoke\synthetic_dataset\target\target_02.png,136.3,139.6,136.37912087912088,139.47093023255815,0.1513906152320917,0.1513906152320917,72.0,128,512.0,ok,16.0,4.0,0.0,0.0,percentile,hamming,cfg_040,,,,,,
synthetic_03,spatial_percentile_hamming,N:\OUTPUT\gcp_compact_spatial_representation_OUTPUT\synthetic_smoke\synthetic_dataset\reference\reference_03.png,N:\OUTPUT\gcp_compact_spatial_representation_OUTPUT\synthetic_smoke\synthetic_dataset\target\target_03.png,137.9,136.0,137.6782608695652,135.69387755102042,0.37799364509900896,0.37799364509900896,121.0,128,512.0,ok,16.0,4.0,0.0,0.0,percentile,hamming,cfg_040,,,,,,
synthetic_00,spatial_percentile_hamming,N:\OUTPUT\gcp_compact_spatial_representation_OUTPUT\synthetic_smoke\synthetic_dataset\reference\reference_00.png,N:\OUTPUT\gcp_compact_spatial_representation_OUTPUT\synthetic_smoke\synthetic_dataset\target\target_00.png,138.75,137.1,138.5182481751825,136.93258426966293,0.2858967209859865,0.2858967209859865,119.0,160,409.6,ok,16.0,4.0,0.0,1.0,percentile,hamming,cfg_041,,,,,,
synthetic_01,spatial_percentile_hamming,N:\OUTPUT\gcp_compact_spatial_representation_OUTPUT\synthetic_smoke\synthetic_dataset\reference\reference_01.png,N:\OUTPUT\gcp_compact_spatial_representation_OUTPUT\synthetic_smoke\synthetic_dataset\target\target_01.png,140.1,138.8,140.20618556701032,138.64788732394365,0.18550913955472012,0.18550913955472012,135.0,160,409.6,ok,16.0,4.0,0.0,1.0,percentile,hamming,cfg_041,,,,,,
synthetic_02,spatial_percentile_hamming,N:\OUTPUT\gcp_compact_spatial_representation_OUTPUT\synthetic_smoke\synthetic_dataset\reference\reference_02.png,N:\OUTPUT\gcp_compact_spatial_representation_OUTPUT\synthetic_smoke\synthetic_dataset\target\target_02.png,136.3,139.6,136.37912087912088,139.46242774566474,0.15870172864761814,0.15870172864761814,95.0,160,409.6,ok,16.0,4.0,0.0,1.0,percentile,hamming,cfg_041,,,,,,
synthetic_03,spatial_percentile_hamming,N:\OUTPUT\gcp_compact_spatial_representation_OUTPUT\synthetic_smoke\synthetic_dataset\reference\reference_03.png,N:\OUTPUT\gcp_compact_spatial_representation_OUTPUT\synthetic_smoke\synthetic_dataset\target\target_03.png,137.9,136.0,137.66153846153847,135.70909090909092,0.37615422967047857,0.37615422967047857,138.0,160,409.6,ok,16.0,4.0,0.0,1.0,percentile,hamming,cfg_041,,,,,,
synthetic_00,spatial_percentile_hamming,N:\OUTPUT\gcp_compact_spatial_representation_OUTPUT\synthetic_smoke\synthetic_dataset\reference\reference_00.png,N:\OUTPUT\gcp_compact_spatial_representation_OUTPUT\synthetic_smoke\synthetic_dataset\target\target_00.png,138.75,137.1,138.47272727272727,137.06422018348624,0.2795717449225082,0.2795717449225082,131.0,160,409.6,ok,16.0,4.0,1.0,0.0,percentile,hamming,cfg_042,,,,,,
synthetic_01,spatial_percentile_hamming,N:\OUTPUT\gcp_compact_spatial_representation_OUTPUT\synthetic_smoke\synthetic_dataset\reference\reference_01.png,N:\OUTPUT\gcp_compact_spatial_representation_OUTPUT\synthetic_smoke\synthetic_dataset\target\target_01.png,140.1,138.8,140.17,138.67532467532467,0.1429822946483227,0.1429822946483227,136.0,160,409.6,ok,16.0,4.0,1.0,0.0,percentile,hamming,cfg_042,,,,,,
synthetic_02,spatial_percentile_hamming,N:\OUTPUT\gcp_compact_spatial_representation_OUTPUT\synthetic_smoke\synthetic_dataset\reference\reference_02.png,N:\OUTPUT\gcp_compact_spatial_representation_OUTPUT\synthetic_smoke\synthetic_dataset\target\target_02.png,136.3,139.6,136.375,139.4611111111111,0.15784525161305152,0.15784525161305152,87.0,160,409.6,ok,16.0,4.0,1.0,0.0,percentile,hamming,cfg_042,,,,,,
synthetic_03,spatial_percentile_hamming,N:\OUTPUT\gcp_compact_spatial_representation_OUTPUT\synthetic_smoke\synthetic_dataset\reference\reference_03.png,N:\OUTPUT\gcp_compact_spatial_representation_OUTPUT\synthetic_smoke\synthetic_dataset\target\target_03.png,137.9,136.0,137.68702290076337,135.65765765765767,0.4031842310404627,0.4031842310404627,144.0,160,409.6,ok,16.0,4.0,1.0,0.0,percentile,hamming,cfg_042,,,,,,
synthetic_00,spatial_percentile_hamming,N:\OUTPUT\gcp_compact_spatial_representation_OUTPUT\synthetic_smoke\synthetic_dataset\reference\reference_00.png,N:\OUTPUT\gcp_compact_spatial_representation_OUTPUT\synthetic_smoke\synthetic_dataset\target\target_00.png,138.75,137.1,138.53459119496856,136.97872340425533,0.24720227741768197,0.24720227741768197,151.0,192,341.3333333333333,ok,16.0,4.0,1.0,1.0,percentile,hamming,cfg_043,,,,,,
synthetic_01,spatial_percentile_hamming,N:\OUTPUT\gcp_compact_spatial_representation_OUTPUT\synthetic_smoke\synthetic_dataset\reference\reference_01.png,N:\OUTPUT\gcp_compact_spatial_representation_OUTPUT\synthetic_smoke\synthetic_dataset\target\target_01.png,140.1,138.8,140.18867924528303,138.64556962025316,0.17808074217255007,0.17808074217255007,155.0,192,341.3333333333333,ok,16.0,4.0,1.0,1.0,percentile,hamming,cfg_043,,,,,,
synthetic_02,spatial_percentile_hamming,N:\OUTPUT\gcp_compact_spatial_representation_OUTPUT\synthetic_smoke\synthetic_dataset\reference\reference_02.png,N:\OUTPUT\gcp_compact_spatial_representation_OUTPUT\synthetic_smoke\synthetic_dataset\target\target_02.png,136.3,139.6,136.375,139.45303867403314,0.16499282205579394,0.16499282205579394,110.0,192,341.3333333333333,ok,16.0,4.0,1.0,1.0,percentile,hamming,cfg_043,,,,,,
synthetic_03,spatial_percentile_hamming,N:\OUTPUT\gcp_compact_spatial_representation_OUTPUT\synthetic_smoke\synthetic_dataset\reference\reference_03.png,N:\OUTPUT\gcp_compact_spatial_representation_OUTPUT\synthetic_smoke\synthetic_dataset\target\target_03.png,137.9,136.0,137.67123287671234,135.6747967479675,0.3976072834215117,0.3976072834215117,161.0,192,341.3333333333333,ok,16.0,4.0,1.0,1.0,percentile,hamming,cfg_043,,,,,,
synthetic_00,spatial_percentile_hamming,N:\OUTPUT\gcp_compact_spatial_representation_OUTPUT\synthetic_smoke\synthetic_dataset\reference\reference_00.png,N:\OUTPUT\gcp_compact_spatial_representation_OUTPUT\synthetic_smoke\synthetic_dataset\target\target_00.png,138.75,137.1,138.4973821989529,137.06611570247935,0.25488016600815366,0.25488016600815366,169.0,192,341.3333333333333,ok,16.0,4.0,2.0,0.0,percentile,hamming,cfg_044,,,,,,
synthetic_01,spatial_percentile_hamming,N:\OUTPUT\gcp_compact_spatial_representation_OUTPUT\synthetic_smoke\synthetic_dataset\reference\reference_01.png,N:\OUTPUT\gcp_compact_spatial_representation_OUTPUT\synthetic_smoke\synthetic_dataset\target\target_01.png,140.1,138.8,140.125,138.659793814433,0.14241760590339617,0.14241760590339617,169.0,192,341.3333333333333,ok,16.0,4.0,2.0,0.0,percentile,hamming,cfg_044,,,,,,
synthetic_02,spatial_percentile_hamming,N:\OUTPUT\gcp_compact_spatial_representation_OUTPUT\synthetic_smoke\synthetic_dataset\reference\reference_02.png,N:\OUTPUT\gcp_compact_spatial_representation_OUTPUT\synthetic_smoke\synthetic_dataset\target\target_02.png,136.3,139.6,136.37264150943395,139.46464646464648,0.1536143496732523,0.1536143496732523,114.0,192,341.3333333333333,ok,16.0,4.0,2.0,0.0,percentile,hamming,cfg_044,,,,,,
synthetic_03,spatial_percentile_hamming,N:\OUTPUT\gcp_compact_spatial_representation_OUTPUT\synthetic_smoke\synthetic_dataset\reference\reference_03.png,N:\OUTPUT\gcp_compact_spatial_representation_OUTPUT\synthetic_smoke\synthetic_dataset\target\target_03.png,137.9,136.0,137.68789808917197,135.62962962962962,0.42680373923525866,0.42680373923525866,175.0,192,341.3333333333333,ok,16.0,4.0,2.0,0.0,percentile,hamming,cfg_044,,,,,,
synthetic_00,spatial_percentile_hamming,N:\OUTPUT\gcp_compact_spatial_representation_OUTPUT\synthetic_smoke\synthetic_dataset\reference\reference_00.png,N:\OUTPUT\gcp_compact_spatial_representation_OUTPUT\synthetic_smoke\synthetic_dataset\target\target_00.png,138.75,137.1,138.55737704918033,136.9904761904762,0.2215830905892497,0.2215830905892497,190.0,224,292.57142857142856,ok,16.0,4.0,2.0,1.0,percentile,hamming,cfg_045,,,,,,
synthetic_01,spatial_percentile_hamming,N:\OUTPUT\gcp_compact_spatial_representation_OUTPUT\synthetic_smoke\synthetic_dataset\reference\reference_01.png,N:\OUTPUT\gcp_compact_spatial_representation_OUTPUT\synthetic_smoke\synthetic_dataset\target\target_01.png,140.1,138.8,140.14406779661016,138.63636363636363,0.1694663099327243,0.1694663099327243,188.0,224,292.57142857142856,ok,16.0,4.0,2.0,1.0,percentile,hamming,cfg_045,,,,,,
synthetic_02,spatial_percentile_hamming,N:\OUTPUT\gcp_compact_spatial_representation_OUTPUT\synthetic_smoke\synthetic_dataset\reference\reference_02.png,N:\OUTPUT\gcp_compact_spatial_representation_OUTPUT\synthetic_smoke\synthetic_dataset\target\target_02.png,136.3,139.6,136.37264150943395,139.4572864321608,0.1601372890311094,0.1601372890311094,137.0,224,292.57142857142856,ok,16.0,4.0,2.0,1.0,percentile,hamming,cfg_045,,,,,,
synthetic_03,spatial_percentile_hamming,N:\OUTPUT\gcp_compact_spatial_representation_OUTPUT\synthetic_smoke\synthetic_dataset\reference\reference_03.png,N:\OUTPUT\gcp_compact_spatial_representation_OUTPUT\synthetic_smoke\synthetic_dataset\target\target_03.png,137.9,136.0,137.67441860465115,135.64625850340136,0.4195473898660135,0.4195473898660135,192.0,224,292.57142857142856,ok,16.0,4.0,2.0,1.0,percentile,hamming,cfg_045,,,,,,
synthetic_00,spatial_percentile_hamming,N:\OUTPUT\gcp_compact_spatial_representation_OUTPUT\synthetic_smoke\synthetic_dataset\reference\reference_00.png,N:\OUTPUT\gcp_compact_spatial_representation_OUTPUT\synthetic_smoke\synthetic_dataset\target\target_00.png,138.75,137.1,138.50697674418603,137.02985074626866,0.25294509417160693,0.25294509417160693,216.0,224,292.57142857142856,ok,16.0,4.0,3.0,0.0,percentile,hamming,cfg_046,,,,,,
synthetic_01,spatial_percentile_hamming,N:\OUTPUT\gcp_compact_spatial_representation_OUTPUT\synthetic_smoke\synthetic_dataset\reference\reference_01.png,N:\OUTPUT\gcp_compact_spatial_representation_OUTPUT\synthetic_smoke\synthetic_dataset\target\target_01.png,140.1,138.8,140.14615384615385,138.6535433070866,0.15355696146357187,0.15355696146357187,216.0,224,292.57142857142856,ok,16.0,4.0,3.0,0.0,percentile,hamming,cfg_046,,,,,,
synthetic_02,spatial_percentile_hamming,N:\OUTPUT\gcp_compact_spatial_representation_OUTPUT\synthetic_smoke\synthetic_dataset\reference\reference_02.png,N:\OUTPUT\gcp_compact_spatial_representation_OUTPUT\synthetic_smoke\synthetic_dataset\target\target_02.png,136.3,139.6,136.38396624472574,139.46846846846847,0.15604766592412983,0.15604766592412983,150.0,224,292.57142857142856,ok,16.0,4.0,3.0,0.0,percentile,hamming,cfg_046,,,,,,
synthetic_03,spatial_percentile_hamming,N:\OUTPUT\gcp_compact_spatial_representation_OUTPUT\synthetic_smoke\synthetic_dataset\reference\reference_03.png,N:\OUTPUT\gcp_compact_spatial_representation_OUTPUT\synthetic_smoke\synthetic_dataset\target\target_03.png,137.9,136.0,137.710843373494,135.63975155279502,0.40688963253533206,0.40688963253533206,227.0,224,292.57142857142856,ok,16.0,4.0,3.0,0.0,percentile,hamming,cfg_046,,,,,,
synthetic_00,spatial_percentile_hamming,N:\OUTPUT\gcp_compact_spatial_representation_OUTPUT\synthetic_smoke\synthetic_dataset\reference\reference_00.png,N:\OUTPUT\gcp_compact_spatial_representation_OUTPUT\synthetic_smoke\synthetic_dataset\target\target_00.png,138.75,137.1,138.5656108597285,136.96,0.23151534517188277,0.23151534517188277,233.0,256,256.0,ok,16.0,4.0,3.0,1.0,percentile,hamming,cfg_047,,,,,,
synthetic_01,spatial_percentile_hamming,N:\OUTPUT\gcp_compact_spatial_representation_OUTPUT\synthetic_smoke\synthetic_dataset\reference\reference_01.png,N:\OUTPUT\gcp_compact_spatial_representation_OUTPUT\synthetic_smoke\synthetic_dataset\target\target_01.png,140.1,138.8,140.16176470588235,138.63565891472868,0.1755644360367234,0.1755644360367234,235.0,256,256.0,ok,16.0,4.0,3.0,1.0,percentile,hamming,cfg_047,,,,,,
synthetic_02,spatial_percentile_hamming,N:\OUTPUT\gcp_compact_spatial_representation_OUTPUT\synthetic_smoke\synthetic_dataset\reference\reference_02.png,N:\OUTPUT\gcp_compact_spatial_representation_OUTPUT\synthetic_smoke\synthetic_dataset\target\target_02.png,136.3,139.6,136.38396624472574,139.46188340807174,0.1616370106727308,0.1616370106727308,173.0,256,256.0,ok,16.0,4.0,3.0,1.0,percentile,hamming,cfg_047,,,,,,
synthetic_03,spatial_percentile_hamming,N:\OUTPUT\gcp_compact_spatial_representation_OUTPUT\synthetic_smoke\synthetic_dataset\reference\reference_03.png,N:\OUTPUT\gcp_compact_spatial_representation_OUTPUT\synthetic_smoke\synthetic_dataset\target\target_03.png,137.9,136.0,137.6961325966851,135.65317919075144,0.4023016180208447,0.4023016180208447,244.0,256,256.0,ok,16.0,4.0,3.0,1.0,percentile,hamming,cfg_047,,,,,,
synthetic_00,spatial_percentile_hamming,N:\OUTPUT\gcp_compact_spatial_representation_OUTPUT\synthetic_smoke\synthetic_dataset\reference\reference_00.png,N:\OUTPUT\gcp_compact_spatial_representation_OUTPUT\synthetic_smoke\synthetic_dataset\target\target_00.png,138.75,137.1,138.5263157894737,137.2340425531915,0.26077199256222316,0.26077199256222316,39.0,128,512.0,ok,32.0,1.0,0.0,0.0,percentile,hamming,cfg_048,,,,,,
synthetic_01,spatial_percentile_hamming,N:\OUTPUT\gcp_compact_spatial_representation_OUTPUT\synthetic_smoke\synthetic_dataset\reference\reference_01.png,N:\OUTPUT\gcp_compact_spatial_representation_OUTPUT\synthetic_smoke\synthetic_dataset\target\target_01.png,140.1,138.8,140.36363636363637,139.05405405405406,0.3661251078698544,0.3661251078698544,31.0,128,512.0,ok,32.0,1.0,0.0,0.0,percentile,hamming,cfg_048,,,,,,
synthetic_02,spatial_percentile_hamming,N:\OUTPUT\gcp_compact_spatial_representation_OUTPUT\synthetic_smoke\synthetic_dataset\reference\reference_02.png,N:\OUTPUT\gcp_compact_spatial_representation_OUTPUT\synthetic_smoke\synthetic_dataset\target\target_02.png,136.3,139.6,136.50574712643677,139.56962025316454,0.20797790520815188,0.20797790520815188,12.0,128,512.0,ok,32.0,1.0,0.0,0.0,percentile,hamming,cfg_048,,,,,,
synthetic_03,spatial_percentile_hamming,N:\OUTPUT\gcp_compact_spatial_representation_OUTPUT\synthetic_smoke\synthetic_dataset\reference\reference_03.png,N:\OUTPUT\gcp_compact_spatial_representation_OUTPUT\synthetic_smoke\synthetic_dataset\target\target_03.png,137.9,136.0,137.8235294117647,136.25862068965517,0.26968947325168685,0.26968947325168685,37.0,128,512.0,ok,32.0,1.0,0.0,0.0,percentile,hamming,cfg_048,,,,,,
synthetic_00,spatial_percentile_hamming,N:\OUTPUT\gcp_compact_spatial_representation_OUTPUT\synthetic_smoke\synthetic_dataset\reference\reference_00.png,N:\OUTPUT\gcp_compact_spatial_representation_OUTPUT\synthetic_smoke\synthetic_dataset\target\target_00.png,138.75,137.1,138.56,137.20731707317074,0.21821309354375315,0.21821309354375315,126.0,256,256.0,ok,32.0,1.0,0.0,1.0,percentile,hamming,cfg_049,,,,,,
synthetic_01,spatial_percentile_hamming,N:\OUTPUT\gcp_compact_spatial_representation_OUTPUT\synthetic_smoke\synthetic_dataset\reference\reference_01.png,N:\OUTPUT\gcp_compact_spatial_representation_OUTPUT\synthetic_smoke\synthetic_dataset\target\target_01.png,140.1,138.8,140.15,138.98214285714286,0.18888096888824385,0.18888096888824385,124.0,256,256.0,ok,32.0,1.0,0.0,1.0,percentile,hamming,cfg_049,,,,,,
synthetic_02,spatial_percentile_hamming,N:\OUTPUT\gcp_compact_spatial_representation_OUTPUT\synthetic_smoke\synthetic_dataset\reference\reference_02.png,N:\OUTPUT\gcp_compact_spatial_representation_OUTPUT\synthetic_smoke\synthetic_dataset\target\target_02.png,136.3,139.6,136.38636363636363,139.6206896551724,0.08880731679935076,0.08880731679935076,98.0,256,256.0,ok,32.0,1.0,0.0,1.0,percentile,hamming,cfg_049,,,,,,
synthetic_03,spatial_percentile_hamming,N:\OUTPUT\gcp_compact_spatial_representation_OUTPUT\synthetic_smoke\synthetic_dataset\reference\reference_03.png,N:\OUTPUT\gcp_compact_spatial_representation_OUTPUT\synthetic_smoke\synthetic_dataset\target\target_03.png,137.9,136.0,137.8961038961039,136.2972972972973,0.29732282557153783,0.29732282557153783,146.0,256,256.0,ok,32.0,1.0,0.0,1.0,percentile,hamming,cfg_049,,,,,,
synthetic_00,spatial_percentile_hamming,N:\OUTPUT\gcp_compact_spatial_representation_OUTPUT\synthetic_smoke\synthetic_dataset\reference\reference_00.png,N:\OUTPUT\gcp_compact_spatial_representation_OUTPUT\synthetic_smoke\synthetic_dataset\target\target_00.png,138.75,137.1,138.6,137.27777777777777,0.23260468239398455,0.23260468239398455,173.0,256,256.0,ok,32.0,1.0,1.0,0.0,percentile,hamming,cfg_050,,,,,,
synthetic_01,spatial_percentile_hamming,N:\OUTPUT\gcp_compact_spatial_representation_OUTPUT\synthetic_smoke\synthetic_dataset\reference\reference_01.png,N:\OUTPUT\gcp_compact_spatial_representation_OUTPUT\synthetic_smoke\synthetic_dataset\target\target_01.png,140.1,138.8,140.1,138.75,0.05000000000001137,0.05000000000001137,175.0,256,256.0,ok,32.0,1.0,1.0,0.0,percentile,hamming,cfg_050,,,,,,
synthetic_02,spatial_percentile_hamming,N:\OUTPUT\gcp_compact_spatial_representation_OUTPUT\synthetic_smoke\synthetic_dataset\reference\reference_02.png,N:\OUTPUT\gcp_compact_spatial_representation_OUTPUT\synthetic_smoke\synthetic_dataset\target\target_02.png,136.3,139.6,136.45562130177515,139.49132947976878,0.1898085128057026,0.1898085128057026,117.0,256,256.0,ok,32.0,1.0,1.0,0.0,percentile,hamming,cfg_050,,,,,,
synthetic_03,spatial_percentile_hamming,N:\OUTPUT\gcp_compact_spatial_representation_OUTPUT\synthetic_smoke\synthetic_dataset\reference\reference_03.png,N:\OUTPUT\gcp_compact_spatial_representation_OUTPUT\synthetic_smoke\synthetic_dataset\target\target_03.png,137.9,136.0,137.8988764044944,136.26717557251908,0.2671779351251858,0.2671779351251858,189.0,256,256.0,ok,32.0,1.0,1.0,0.0,percentile,hamming,cfg_050,,,,,,
synthetic_00,spatial_percentile_hamming,N:\OUTPUT\gcp_compact_spatial_representation_OUTPUT\synthetic_smoke\synthetic_dataset\reference\reference_00.png,N:\OUTPUT\gcp_compact_spatial_representation_OUTPUT\synthetic_smoke\synthetic_dataset\target\target_00.png,138.75,137.1,138.6058394160584,137.25465838509317,0.21142726891774002,0.21142726891774002,260.0,384,170.66666666666666,ok,32.0,1.0,1.0,1.0,percentile,hamming,cfg_051,,,,,,
synthetic_01,spatial_percentile_hamming,N:\OUTPUT\gcp_compact_spatial_representation_OUTPUT\synthetic_smoke\synthetic_dataset\reference\reference_01.png,N:\OUTPUT\gcp_compact_spatial_representation_OUTPUT\synthetic_smoke\synthetic_dataset\target\target_01.png,140.1,138.8,140.09166666666667,138.8,0.008333333333325754,0.008333333333325754,266.0,384,170.66666666666666,ok,32.0,1.0,1.0,1.0,percentile,hamming,cfg_051,,,,,,
synthetic_02,spatial_percentile_hamming,N:\OUTPUT\gcp_compact_spatial_representation_OUTPUT\synthetic_smoke\synthetic_dataset\reference\reference_02.png,N:\OUTPUT\gcp_compact_spatial_representation_OUTPUT\synthetic_smoke\synthetic_dataset\target\target_02.png,136.3,139.6,136.39252336448598,139.53333333333333,0.11403954323061642,0.11403954323061642,203.0,384,170.66666666666666,ok,32.0,1.0,1.0,1.0,percentile,hamming,cfg_051,,,,,,
synthetic_03,spatial_percentile_hamming,N:\OUTPUT\gcp_compact_spatial_representation_OUTPUT\synthetic_smoke\synthetic_dataset\reference\reference_03.png,N:\OUTPUT\gcp_compact_spatial_representation_OUTPUT\synthetic_smoke\synthetic_dataset\target\target_03.png,137.9,136.0,137.9304347826087,136.28571428571428,0.2873306963303056,0.2873306963303056,298.0,384,170.66666666666666,ok,32.0,1.0,1.0,1.0,percentile,hamming,cfg_051,,,,,,
synthetic_00,spatial_percentile_hamming,N:\OUTPUT\gcp_compact_spatial_representation_OUTPUT\synthetic_smoke\synthetic_dataset\reference\reference_00.png,N:\OUTPUT\gcp_compact_spatial_representation_OUTPUT\synthetic_smoke\synthetic_dataset\target\target_00.png,138.75,137.1,138.696261682243,137.3389121338912,0.24488122532321815,0.24488122532321815,394.0,384,170.66666666666666,ok,32.0,1.0,2.0,0.0,percentile,hamming,cfg_052,,,,,,
synthetic_01,spatial_percentile_hamming,N:\OUTPUT\gcp_compact_spatial_representation_OUTPUT\synthetic_smoke\synthetic_dataset\reference\reference_01.png,N:\OUTPUT\gcp_compact_spatial_representation_OUTPUT\synthetic_smoke\synthetic_dataset\target\target_01.png,140.1,138.8,140.08333333333334,138.7361963190184,0.06594457888697122,0.06594457888697122,378.0,384,170.66666666666666,ok,32.0,1.0,2.0,0.0,percentile,hamming,cfg_052,,,,,,
synthetic_02,spatial_percentile_hamming,N:\OUTPUT\gcp_compact_spatial_representation_OUTPUT\synthetic_smoke\synthetic_dataset\reference\reference_02.png,N:\OUTPUT\gcp_compact_spatial_representation_OUTPUT\synthetic_smoke\synthetic_dataset\target\target_02.png,136.3,139.6,136.4046052631579,139.47972972972974,0.15939635814914027,0.15939635814914027,284.0,384,170.66666666666666,ok,32.0,1.0,2.0,0.0,percentile,hamming,cfg_052,,,,,,
synthetic_03,spatial_percentile_hamming,N:\OUTPUT\gcp_compact_spatial_representation_OUTPUT\synthetic_smoke\synthetic_dataset\reference\reference_03.png,N:\OUTPUT\gcp_compact_spatial_representation_OUTPUT\synthetic_smoke\synthetic_dataset\target\target_03.png,137.9,136.0,137.94857142857143,136.205,0.21067554123218427,0.21067554123218427,418.0,384,170.66666666666666,ok,32.0,1.0,2.0,0.0,percentile,hamming,cfg_052,,,,,,
synthetic_00,spatial_percentile_hamming,N:\OUTPUT\gcp_compact_spatial_representation_OUTPUT\synthetic_smoke\synthetic_dataset\reference\reference_00.png,N:\OUTPUT\gcp_compact_spatial_representation_OUTPUT\synthetic_smoke\synthetic_dataset\target\target_00.png,138.75,137.1,138.6946902654867,137.3175182481752,0.22444009227661724,0.22444009227661724,481.0,512,128.0,ok,32.0,1.0,2.0,1.0,percentile,hamming,cfg_053,,,,,,
synthetic_01,spatial_percentile_hamming,N:\OUTPUT\gcp_compact_spatial_representation_OUTPUT\synthetic_smoke\synthetic_dataset\reference\reference_01.png,N:\OUTPUT\gcp_compact_spatial_representation_OUTPUT\synthetic_smoke\synthetic_dataset\target\target_01.png,140.1,138.8,140.07978723404256,138.76530612244898,0.04015247249144716,0.04015247249144716,469.0,512,128.0,ok,32.0,1.0,2.0,1.0,percentile,hamming,cfg_053,,,,,,
synthetic_02,spatial_percentile_hamming,N:\OUTPUT\gcp_compact_spatial_representation_OUTPUT\synthetic_smoke\synthetic_dataset\reference\reference_02.png,N:\OUTPUT\gcp_compact_spatial_representation_OUTPUT\synthetic_smoke\synthetic_dataset\target\target_02.png,136.3,139.6,136.37249283667623,139.5075075075075,0.11751626498845512,0.11751626498845512,370.0,512,128.0,ok,32.0,1.0,2.0,1.0,percentile,hamming,cfg_053,,,,,,
synthetic_03,spatial_percentile_hamming,N:\OUTPUT\gcp_compact_spatial_representation_OUTPUT\synthetic_smoke\synthetic_dataset\reference\reference_03.png,N:\OUTPUT\gcp_compact_spatial_representation_OUTPUT\synthetic_smoke\synthetic_dataset\target\target_03.png,137.9,136.0,137.96019900497512,136.22222222222223,0.23023170122591677,0.23023170122591677,527.0,512,128.0,ok,32.0,1.0,2.0,1.0,percentile,hamming,cfg_053,,,,,,
synthetic_00,spatial_percentile_hamming,N:\OUTPUT\gcp_compact_spatial_representation_OUTPUT\synthetic_smoke\synthetic_dataset\reference\reference_00.png,N:\OUTPUT\gcp_compact_spatial_representation_OUTPUT\synthetic_smoke\synthetic_dataset\target\target_00.png,138.75,137.1,138.68944099378882,137.30434782608697,0.21313241719587725,0.21313241719587725,664.0,512,128.0,ok,32.0,1.0,3.0,0.0,percentile,hamming,cfg_054,,,,,,
synthetic_01,spatial_percentile_hamming,N:\OUTPUT\gcp_compact_spatial_representation_OUTPUT\synthetic_smoke\synthetic_dataset\reference\reference_01.png,N:\OUTPUT\gcp_compact_spatial_representation_OUTPUT\synthetic_smoke\synthetic_dataset\target\target_01.png,140.1,138.8,140.10943396226415,138.72101449275362,0.07954690439590005,0.07954690439590005,641.0,512,128.0,ok,32.0,1.0,3.0,0.0,percentile,hamming,cfg_054,,,,,,
synthetic_02,spatial_percentile_hamming,N:\OUTPUT\gcp_compact_spatial_representation_OUTPUT\synthetic_smoke\synthetic_dataset\reference\reference_02.png,N:\OUTPUT\gcp_compact_spatial_representation_OUTPUT\synthetic_smoke\synthetic_dataset\target\target_02.png,136.3,139.6,136.44210526315788,139.4617067833698,0.19828998861034972,0.19828998861034972,499.0,512,128.0,ok,32.0,1.0,3.0,0.0,percentile,hamming,cfg_054,,,,,,
synthetic_03,spatial_percentile_hamming,N:\OUTPUT\gcp_compact_spatial_representation_OUTPUT\synthetic_smoke\synthetic_dataset\reference\reference_03.png,N:\OUTPUT\gcp_compact_spatial_representation_OUTPUT\synthetic_smoke\synthetic_dataset\target\target_03.png,137.9,136.0,138.00434782608696,136.24014336917563,0.26183450224921434,0.26183450224921434,731.0,512,128.0,ok,32.0,1.0,3.0,0.0,percentile,hamming,cfg_054,,,,,,
synthetic_00,spatial_percentile_hamming,N:\OUTPUT\gcp_compact_spatial_representation_OUTPUT\synthetic_smoke\synthetic_dataset\reference\reference_00.png,N:\OUTPUT\gcp_compact_spatial_representation_OUTPUT\synthetic_smoke\synthetic_dataset\target\target_00.png,138.75,137.1,138.688622754491,137.29280397022333,0.20233768111786024,0.20233768111786024,751.0,640,102.4,ok,32.0,1.0,3.0,1.0,percentile,hamming,cfg_055,,,,,,
synthetic_01,spatial_percentile_hamming,N:\OUTPUT\gcp_compact_spatial_representation_OUTPUT\synthetic_smoke\synthetic_dataset\reference\reference_01.png,N:\OUTPUT\gcp_compact_spatial_representation_OUTPUT\synthetic_smoke\synthetic_dataset\target\target_01.png,140.1,138.8,140.10526315789474,138.7411003236246,0.059134361484270204,0.059134361484270204,732.0,640,102.4,ok,32.0,1.0,3.0,1.0,percentile,hamming,cfg_055,,,,,,
synthetic_02,spatial_percentile_hamming,N:\OUTPUT\gcp_compact_spatial_representation_OUTPUT\synthetic_smoke\synthetic_dataset\reference\reference_02.png,N:\OUTPUT\gcp_compact_spatial_representation_OUTPUT\synthetic_smoke\synthetic_dataset\target\target_02.png,136.3,139.6,136.4173076923077,139.48178137651823,0.16654350066117696,0.16654350066117696,585.0,640,102.4,ok,32.0,1.0,3.0,1.0,percentile,hamming,cfg_055,,,,,,
synthetic_03,spatial_percentile_hamming,N:\OUTPUT\gcp_compact_spatial_representation_OUTPUT\synthetic_smoke\synthetic_dataset\reference\reference_03.png,N:\OUTPUT\gcp_compact_spatial_representation_OUTPUT\synthetic_smoke\synthetic_dataset\target\target_03.png,137.9,136.0,138.00819672131146,136.2320819112628,0.256063554685059,0.256063554685059,839.0,640,102.4,ok,32.0,1.0,3.0,1.0,percentile,hamming,cfg_055,,,,,,
synthetic_00,spatial_percentile_hamming,N:\OUTPUT\gcp_compact_spatial_representation_OUTPUT\synthetic_smoke\synthetic_dataset\reference\reference_00.png,N:\OUTPUT\gcp_compact_spatial_representation_OUTPUT\synthetic_smoke\synthetic_dataset\target\target_00.png,138.75,137.1,138.53846153846155,137.25316455696202,0.2611664262868199,0.2611664262868199,125.0,256,256.0,ok,32.0,2.0,0.0,0.0,percentile,hamming,cfg_056,,,,,,
synthetic_01,spatial_percentile_hamming,N:\OUTPUT\gcp_compact_spatial_representation_OUTPUT\synthetic_smoke\synthetic_dataset\reference\reference_01.png,N:\OUTPUT\gcp_compact_spatial_representation_OUTPUT\synthetic_smoke\synthetic_dataset\target\target_01.png,140.1,138.8,140.22619047619048,138.8046875,0.12627750764657905,0.12627750764657905,108.0,256,256.0,ok,32.0,2.0,0.0,0.0,percentile,hamming,cfg_056,,,,,,
synthetic_02,spatial_percentile_hamming,N:\OUTPUT\gcp_compact_spatial_representation_OUTPUT\synthetic_smoke\synthetic_dataset\reference\reference_02.png,N:\OUTPUT\gcp_compact_spatial_representation_OUTPUT\synthetic_smoke\synthetic_dataset\target\target_02.png,136.3,139.6,136.41836734693877,139.5263157894737,0.13942808792421563,0.13942808792421563,48.0,256,256.0,ok,32.0,2.0,0.0,0.0,percentile,hamming,cfg_056,,,,,,
synthetic_03,spatial_percentile_hamming,N:\OUTPUT\gcp_compact_spatial_representation_OUTPUT\synthetic_smoke\synthetic_dataset\reference\reference_03.png,N:\OUTPUT\gcp_compact_spatial_representation_OUTPUT\synthetic_smoke\synthetic_dataset\target\target_03.png,137.9,136.0,137.88050314465409,136.21052631578948,0.21142719079690642,0.21142719079690642,132.0,256,256.0,ok,32.0,2.0,0.0,0.0,percentile,hamming,cfg_056,,,,,,
synthetic_00,spatial_percentile_hamming,N:\OUTPUT\gcp_compact_spatial_representation_OUTPUT\synthetic_smoke\synthetic_dataset\reference\reference_00.png,N:\OUTPUT\gcp_compact_spatial_representation_OUTPUT\synthetic_smoke\synthetic_dataset\target\target_00.png,138.75,137.1,138.54761904761904,137.23834196891193,0.24514597742784872,0.24514597742784872,212.0,384,170.66666666666666,ok,32.0,2.0,0.0,1.0,percentile,hamming,cfg_057,,,,,,
synthetic_01,spatial_percentile_hamming,N:\OUTPUT\gcp_compact_spatial_representation_OUTPUT\synthetic_smoke\synthetic_dataset\reference\reference_01.png,N:\OUTPUT\gcp_compact_spatial_representation_OUTPUT\synthetic_smoke\synthetic_dataset\target\target_01.png,140.1,138.8,140.20744680851064,138.82608695652175,0.11056828641020967,0.11056828641020967,199.0,384,170.66666666666666,ok,32.0,2.0,0.0,1.0,percentile,hamming,cfg_057,,,,,,
synthetic_02,spatial_percentile_hamming,N:\OUTPUT\gcp_compact_spatial_representation_OUTPUT\synthetic_smoke\synthetic_dataset\reference\reference_02.png,N:\OUTPUT\gcp_compact_spatial_representation_OUTPUT\synthetic_smoke\synthetic_dataset\target\target_02.png,136.3,139.6,136.3834808259587,139.55115511551156,0.0967205823154273,0.0967205823154273,134.0,384,170.66666666666666,ok,32.0,2.0,0.0,1.0,percentile,hamming,cfg_057,,,,,,
synthetic_03,spatial_percentile_hamming,N:\OUTPUT\gcp_compact_spatial_representation_OUTPUT\synthetic_smoke\synthetic_dataset\reference\reference_03.png,N:\OUTPUT\gcp_compact_spatial_representation_OUTPUT\synthetic_smoke\synthetic_dataset\target\target_03.png,137.9,136.0,137.9027027027027,136.22994652406416,0.22996240677790986,0.22996240677790986,241.0,384,170.66666666666666,ok,32.0,2.0,0.0,1.0,percentile,hamming,cfg_057,,,,,,
synthetic_00,spatial_percentile_hamming,N:\OUTPUT\gcp_compact_spatial_representation_OUTPUT\synthetic_smoke\synthetic_dataset\reference\reference_00.png,N:\OUTPUT\gcp_compact_spatial_representation_OUTPUT\synthetic_smoke\synthetic_dataset\target\target_00.png,138.75,137.1,138.57201646090536,137.27004219409284,0.24615541424181925,0.24615541424181925,259.0,384,170.66666666666666,ok,32.0,2.0,1.0,0.0,percentile,hamming,cfg_058,,,,,,
synthetic_01,spatial_percentile_hamming,N:\OUTPUT\gcp_compact_spatial_representation_OUTPUT\synthetic_smoke\synthetic_dataset\reference\reference_01.png,N:\OUTPUT\gcp_compact_spatial_representation_OUTPUT\synthetic_smoke\synthetic_dataset\target\target_01.png,140.1,138.8,140.17543859649123,138.74576271186442,0.09291213733884067,0.09291213733884067,250.0,384,170.66666666666666,ok,32.0,2.0,1.0,0.0,percentile,hamming,cfg_058,,,,,,
synthetic_02,spatial_percentile_hamming,N:\OUTPUT\gcp_compact_spatial_representation_OUTPUT\synthetic_smoke\synthetic_dataset\reference\reference_02.png,N:\OUTPUT\gcp_compact_spatial_representation_OUTPUT\synthetic_smoke\synthetic_dataset\target\target_02.png,136.3,139.6,136.41489361702128,139.5,0.15231724535399238,0.15231724535399238,153.0,384,170.66666666666666,ok,32.0,2.0,1.0,0.0,percentile,hamming,cfg_058,,,,,,
synthetic_03,spatial_percentile_hamming,N:\OUTPUT\gcp_compact_spatial_representation_OUTPUT\synthetic_smoke\synthetic_dataset\reference\reference_03.png,N:\OUTPUT\gcp_compact_spatial_representation_OUTPUT\synthetic_smoke\synthetic_dataset\target\target_03.png,137.9,136.0,137.9035532994924,136.22950819672133,0.2295357015794223,0.2295357015794223,284.0,384,170.66666666666666,ok,32.0,2.0,1.0,0.0,percentile,hamming,cfg_058,,,,,,
synthetic_00,spatial_percentile_hamming,N:\OUTPUT\gcp_compact_spatial_representation_OUTPUT\synthetic_smoke\synthetic_dataset\reference\reference_00.png,N:\OUTPUT\gcp_compact_spatial_representation_OUTPUT\synthetic_smoke\synthetic_dataset\target\target_00.png,138.75,137.1,138.57647058823528,137.25735294117646,0.23424859624829078,0.23424859624829078,346.0,512,128.0,ok,32.0,2.0,1.0,1.0,percentile,hamming,cfg_059,,,,,,
synthetic_01,spatial_percentile_hamming,N:\OUTPUT\gcp_compact_spatial_representation_OUTPUT\synthetic_smoke\synthetic_dataset\reference\reference_01.png,N:\OUTPUT\gcp_compact_spatial_representation_OUTPUT\synthetic_smoke\synthetic_dataset\target\target_01.png,140.1,138.8,140.16532258064515,138.77142857142857,0.0712977283842628,0.0712977283842628,341.0,512,128.0,ok,32.0,2.0,1.0,1.0,percentile,hamming,cfg_059,,,,,,
synthetic_02,spatial_percentile_hamming,N:\OUTPUT\gcp_compact_spatial_representation_OUTPUT\synthetic_smoke\synthetic_dataset\reference\reference_02.png,N:\OUTPUT\gcp_compact_spatial_representation_OUTPUT\synthetic_smoke\synthetic_dataset\target\target_02.png,136.3,139.6,136.3871733966746,139.5214105793451,0.1173690680147831,0.1173690680147831,239.0,512,128.0,ok,32.0,2.0,1.0,1.0,percentile,hamming,cfg_059,,,,,,
synthetic_03,spatial_percentile_hamming,N:\OUTPUT\gcp_compact_spatial_representation_OUTPUT\synthetic_smoke\synthetic_dataset\reference\reference_03.png,N:\OUTPUT\gcp_compact_spatial_representation_OUTPUT\synthetic_smoke\synthetic_dataset\target\target_03.png,137.9,136.0,137.91928251121075,136.2423076923077,0.2430737192500889,0.2430737192500889,393.0,512,128.0,ok,32.0,2.0,1.0,1.0,percentile,hamming,cfg_059,,,,,,
synthetic_00,spatial_percentile_hamming,N:\OUTPUT\gcp_compact_spatial_representation_OUTPUT\synthetic_smoke\synthetic_dataset\reference\reference_00.png,N:\OUTPUT\gcp_compact_spatial_representation_OUTPUT\synthetic_smoke\synthetic_dataset\target\target_00.png,138.75,137.1,138.64156626506025,137.31428571428572,0.240158785431486,0.240158785431486,480.0,512,128.0,ok,32.0,2.0,2.0,0.0,percentile,hamming,cfg_060,,,,,,
synthetic_01,spatial_percentile_hamming,N:\OUTPUT\gcp_compact_spatial_representation_OUTPUT\synthetic_smoke\synthetic_dataset\reference\reference_01.png,N:\OUTPUT\gcp_compact_spatial_representation_OUTPUT\synthetic_smoke\synthetic_dataset\target\target_01.png,140.1,138.8,140.14864864864865,138.73880597014926,0.07817544566367893,0.07817544566367893,453.0,512,128.0,ok,32.0,2.0,2.0,0.0,percentile,hamming,cfg_060,,,,,,
synthetic_02,spatial_percentile_hamming,N:\OUTPUT\gcp_compact_spatial_representation_OUTPUT\synthetic_smoke\synthetic_dataset\reference\reference_02.png,N:\OUTPUT\gcp_compact_spatial_representation_OUTPUT\synthetic_smoke\synthetic_dataset\target\target_02.png,136.3,139.6,136.39530332681016,139.49068322981367,0.145027171057884,0.145027171057884,320.0,512,128.0,ok,32.0,2.0,2.0,0.0,percentile,hamming,cfg_060,,,,,,
synthetic_03,spatial_percentile_hamming,N:\OUTPUT\gcp_compact_spatial_representation_OUTPUT\synthetic_smoke\synthetic_dataset\reference\reference_03.png,N:\OUTPUT\gcp_compact_spatial_representation_OUTPUT\synthetic_smoke\synthetic_dataset\target\target_03.png,137.9,136.0,137.93286219081273,136.19808306709265,0.20079050040737603,0.20079050040737603,513.0,512,128.0,ok,32.0,2.0,2.0,0.0,percentile,hamming,cfg_060,,,,,,
synthetic_00,spatial_percentile_hamming,N:\OUTPUT\gcp_compact_spatial_representation_OUTPUT\synthetic_smoke\synthetic_dataset\reference\reference_00.png,N:\OUTPUT\gcp_compact_spatial_representation_OUTPUT\synthetic_smoke\synthetic_dataset\target\target_00.png,138.75,137.1,138.6424418604651,137.3012987012987,0.22823216365084995,0.22823216365084995,567.0,640,102.4,ok,32.0,2.0,2.0,1.0,percentile,hamming,cfg_061,,,,,,
synthetic_01,spatial_percentile_hamming,N:\OUTPUT\gcp_compact_spatial_representation_OUTPUT\synthetic_smoke\synthetic_dataset\reference\reference_01.png,N:\OUTPUT\gcp_compact_spatial_representation_OUTPUT\synthetic_smoke\synthetic_dataset\target\target_01.png,140.1,138.8,140.14240506329114,138.75747508305648,0.06005462474930847,0.06005462474930847,544.0,640,102.4,ok,32.0,2.0,2.0,1.0,percentile,hamming,cfg_061,,,,,,
synthetic_02,spatial_percentile_hamming,N:\OUTPUT\gcp_compact_spatial_representation_OUTPUT\synthetic_smoke\synthetic_dataset\reference\reference_02.png,N:\OUTPUT\gcp_compact_spatial_representation_OUTPUT\synthetic_smoke\synthetic_dataset\target\target_02.png,136.3,139.6,136.37589928057554,139.5076923076923,0.11950485701867013,0.11950485701867013,406.0,640,102.4,ok,32.0,2.0,2.0,1.0,percentile,hamming,cfg_061,,,,,,
synthetic_03,spatial_percentile_hamming,N:\OUTPUT\gcp_compact_spatial_representation_OUTPUT\synthetic_smoke\synthetic_dataset\reference\reference_03.png,N:\OUTPUT\gcp_compact_spatial_representation_OUTPUT\synthetic_smoke\synthetic_dataset\target\target_03.png,137.9,136.0,137.94174757281553,136.209726443769,0.21384115846108534,0.21384115846108534,622.0,640,102.4,ok,32.0,2.0,2.0,1.0,percentile,hamming,cfg_061,,,,,,
synthetic_00,spatial_percentile_hamming,N:\OUTPUT\gcp_compact_spatial_representation_OUTPUT\synthetic_smoke\synthetic_dataset\reference\reference_00.png,N:\OUTPUT\gcp_compact_spatial_representation_OUTPUT\synthetic_smoke\synthetic_dataset\target\target_00.png,138.75,137.1,138.65,137.29436325678498,0.2185796778935856,0.2185796778935856,750.0,640,102.4,ok,32.0,2.0,3.0,0.0,percentile,hamming,cfg_062,,,,,,
synthetic_01,spatial_percentile_hamming,N:\OUTPUT\gcp_compact_spatial_representation_OUTPUT\synthetic_smoke\synthetic_dataset\reference\reference_01.png,N:\OUTPUT\gcp_compact_spatial_representation_OUTPUT\synthetic_smoke\synthetic_dataset\target\target_01.png,140.1,138.8,140.1501272264631,138.7270341207349,0.08852546735156037,0.08852546735156037,716.0,640,102.4,ok,32.0,2.0,3.0,0.0,percentile,hamming,cfg_062,,,,,,
synthetic_02,spatial_percentile_hamming,N:\OUTPUT\gcp_compact_spatial_representation_OUTPUT\synthetic_smoke\synthetic_dataset\reference\reference_02.png,N:\OUTPUT\gcp_compact_spatial_representation_OUTPUT\synthetic_smoke\synthetic_dataset\target\target_02.png,136.3,139.6,136.42375366568916,139.4751552795031,0.1757872976282701,0.1757872976282701,535.0,640,102.4,ok,32.0,2.0,3.0,0.0,percentile,hamming,cfg_062,,,,,,
synthetic_03,spatial_percentile_hamming,N:\OUTPUT\gcp_compact_spatial_representation_OUTPUT\synthetic_smoke\synthetic_dataset\reference\reference_03.png,N:\OUTPUT\gcp_compact_spatial_representation_OUTPUT\synthetic_smoke\synthetic_dataset\target\target_03.png,137.9,136.0,137.97160883280756,136.175,0.18908417420837853,0.18908417420837853,827.0,640,102.4,ok,32.0,2.0,3.0,0.0,percentile,hamming,cfg_062,,,,,,
synthetic_00,spatial_percentile_hamming,N:\OUTPUT\gcp_compact_spatial_representation_OUTPUT\synthetic_smoke\synthetic_dataset\reference\reference_00.png,N:\OUTPUT\gcp_compact_spatial_representation_OUTPUT\synthetic_smoke\synthetic_dataset\target\target_00.png,138.75,137.1,138.6504424778761,137.28599221789884,0.21096162051515208,0.21096162051515208,837.0,768,85.33333333333333,ok,32.0,2.0,3.0,1.0,percentile,hamming,cfg_063,,,,,,
synthetic_01,spatial_percentile_hamming,N:\OUTPUT\gcp_compact_spatial_representation_OUTPUT\synthetic_smoke\synthetic_dataset\reference\reference_01.png,N:\OUTPUT\gcp_compact_spatial_representation_OUTPUT\synthetic_smoke\synthetic_dataset\target\target_01.png,140.1,138.8,140.1452784503632,138.7415458937198,0.07393930354224271,0.07393930354224271,807.0,768,85.33333333333333,ok,32.0,2.0,3.0,1.0,percentile,hamming,cfg_063,,,,,,
synthetic_02,spatial_percentile_hamming,N:\OUTPUT\gcp_compact_spatial_representation_OUTPUT\synthetic_smoke\synthetic_dataset\reference\reference_02.png,N:\OUTPUT\gcp_compact_spatial_representation_OUTPUT\synthetic_smoke\synthetic_dataset\target\target_02.png,136.3,139.6,136.40715268225586,139.48898678414096,0.15429073663051143,0.15429073663051143,621.0,768,85.33333333333333,ok,32.0,2.0,3.0,1.0,percentile,hamming,cfg_063,,,,,,
synthetic_03,spatial_percentile_hamming,N:\OUTPUT\gcp_compact_spatial_representation_OUTPUT\synthetic_smoke\synthetic_dataset\reference\reference_03.png,N:\OUTPUT\gcp_compact_spatial_representation_OUTPUT\synthetic_smoke\synthetic_dataset\target\target_03.png,137.9,136.0,137.97667638483966,136.18617021276594,0.2013420376210498,0.2013420376210498,936.0,768,85.33333333333333,ok,32.0,2.0,3.0,1.0,percentile,hamming,cfg_063,,,,,,
synthetic_00,spatial_percentile_hamming,N:\OUTPUT\gcp_compact_spatial_representation_OUTPUT\synthetic_smoke\synthetic_dataset\reference\reference_00.png,N:\OUTPUT\gcp_compact_spatial_representation_OUTPUT\synthetic_smoke\synthetic_dataset\target\target_00.png,138.75,137.1,138.53755868544602,137.31413612565444,0.3016381813360551,0.3016381813360551,552.0,512,128.0,ok,32.0,4.0,0.0,0.0,percentile,hamming,cfg_064,,,,,,
synthetic_01,spatial_percentile_hamming,N:\OUTPUT\gcp_compact_spatial_representation_OUTPUT\synthetic_smoke\synthetic_dataset\reference\reference_01.png,N:\OUTPUT\gcp_compact_spatial_representation_OUTPUT\synthetic_smoke\synthetic_dataset\target\target_01.png,140.1,138.8,140.27953890489914,138.70637119113573,0.2024859803090795,0.2024859803090795,560.0,512,128.0,ok,32.0,4.0,0.0,0.0,percentile,hamming,cfg_064,,,,,,
synthetic_02,spatial_percentile_hamming,N:\OUTPUT\gcp_compact_spatial_representation_OUTPUT\synthetic_smoke\synthetic_dataset\reference\reference_02.png,N:\OUTPUT\gcp_compact_spatial_representation_OUTPUT\synthetic_smoke\synthetic_dataset\target\target_02.png,136.3,139.6,136.4232613908873,139.5052770448549,0.15545355806441868,0.15545355806441868,358.0,512,128.0,ok,32.0,4.0,0.0,0.0,percentile,hamming,cfg_064,,,,,,
synthetic_03,spatial_percentile_hamming,N:\OUTPUT\gcp_compact_spatial_representation_OUTPUT\synthetic_smoke\synthetic_dataset\reference\reference_03.png,N:\OUTPUT\gcp_compact_spatial_representation_OUTPUT\synthetic_smoke\synthetic_dataset\target\target_03.png,137.9,136.0,137.841642228739,136.29392971246006,0.2996669907303811,0.2996669907303811,633.0,512,128.0,ok,32.0,4.0,0.0,0.0,percentile,hamming,cfg_064,,,,,,
synthetic_00,spatial_percentile_hamming,N:\OUTPUT\gcp_compact_spatial_representation_OUTPUT\synthetic_smoke\synthetic_dataset\reference\reference_00.png,N:\OUTPUT\gcp_compact_spatial_representation_OUTPUT\synthetic_smoke\synthetic_dataset\target\target_00.png,138.75,137.1,138.54109589041096,137.30215827338128,0.2907041356769688,0.2907041356769688,639.0,640,102.4,ok,32.0,4.0,0.0,1.0,percentile,hamming,cfg_065,,,,,,
synthetic_01,spatial_percentile_hamming,N:\OUTPUT\gcp_compact_spatial_representation_OUTPUT\synthetic_smoke\synthetic_dataset\reference\reference_01.png,N:\OUTPUT\gcp_compact_spatial_representation_OUTPUT\synthetic_smoke\synthetic_dataset\target\target_01.png,140.1,138.8,140.26702997275206,138.7233502538071,0.1837775704186788,0.1837775704186788,651.0,640,102.4,ok,32.0,4.0,0.0,1.0,percentile,hamming,cfg_065,,,,,,
synthetic_02,spatial_percentile_hamming,N:\OUTPUT\gcp_compact_spatial_representation_OUTPUT\synthetic_smoke\synthetic_dataset\reference\reference_02.png,N:\OUTPUT\gcp_compact_spatial_representation_OUTPUT\synthetic_smoke\synthetic_dataset\target\target_02.png,136.3,139.6,136.40955631399316,139.51572327044025,0.13822139154650773,0.13822139154650773,444.0,640,102.4,ok,32.0,4.0,0.0,1.0,percentile,hamming,cfg_065,,,,,,
synthetic_03,spatial_percentile_hamming,N:\OUTPUT\gcp_compact_spatial_representation_OUTPUT\synthetic_smoke\synthetic_dataset\reference\reference_03.png,N:\OUTPUT\gcp_compact_spatial_representation_OUTPUT\synthetic_smoke\synthetic_dataset\target\target_03.png,137.9,136.0,137.85558583106268,136.30091185410333,0.30417192891898925,0.30417192891898925,742.0,640,102.4,ok,32.0,4.0,0.0,1.0,percentile,hamming,cfg_065,,,,,,
synthetic_00,spatial_percentile_hamming,N:\OUTPUT\gcp_compact_spatial_representation_OUTPUT\synthetic_smoke\synthetic_dataset\reference\reference_00.png,N:\OUTPUT\gcp_compact_spatial_representation_OUTPUT\synthetic_smoke\synthetic_dataset\target\target_00.png,138.75,137.1,138.55360623781675,137.31236442516268,0.2892562166992615,0.2892562166992615,686.0,640,102.4,ok,32.0,4.0,1.0,0.0,percentile,hamming,cfg_066,,,,,,
synthetic_01,spatial_percentile_hamming,N:\OUTPUT\gcp_compact_spatial_representation_OUTPUT\synthetic_smoke\synthetic_dataset\reference\reference_01.png,N:\OUTPUT\gcp_compact_spatial_representation_OUTPUT\synthetic_smoke\synthetic_dataset\target\target_01.png,140.1,138.8,140.24324324324326,138.69268292682926,0.17898486228947955,0.17898486228947955,702.0,640,102.4,ok,32.0,4.0,1.0,0.0,percentile,hamming,cfg_066,,,,,,
synthetic_02,spatial_percentile_hamming,N:\OUTPUT\gcp_compact_spatial_representation_OUTPUT\synthetic_smoke\synthetic_dataset\reference\reference_02.png,N:\OUTPUT\gcp_compact_spatial_representation_OUTPUT\synthetic_smoke\synthetic_dataset\target\target_02.png,136.3,139.6,136.42139737991266,139.49647887323943,0.15954293320430776,0.15954293320430776,463.0,640,102.4,ok,32.0,4.0,1.0,0.0,percentile,hamming,cfg_066,,,,,,
synthetic_03,spatial_percentile_hamming,N:\OUTPUT\gcp_compact_spatial_representation_OUTPUT\synthetic_smoke\synthetic_dataset\reference\reference_03.png,N:\OUTPUT\gcp_compact_spatial_representation_OUTPUT\synthetic_smoke\synthetic_dataset\target\target_03.png,137.9,136.0,137.8575197889182,136.2901554404145,0.29324861114026,0.29324861114026,785.0,640,102.4,ok,32.0,4.0,1.0,0.0,percentile,hamming,cfg_066,,,,,,
synthetic_00,spatial_percentile_hamming,N:\OUTPUT\gcp_compact_spatial_representation_OUTPUT\synthetic_smoke\synthetic_dataset\reference\reference_00.png,N:\OUTPUT\gcp_compact_spatial_representation_OUTPUT\synthetic_smoke\synthetic_dataset\target\target_00.png,138.75,137.1,138.55619047619047,137.30241935483872,0.28024226435818694,0.28024226435818694,773.0,768,85.33333333333333,ok,32.0,4.0,1.0,1.0,percentile,hamming,cfg_067,,,,,,
synthetic_01,spatial_percentile_hamming,N:\OUTPUT\gcp_compact_spatial_representation_OUTPUT\synthetic_smoke\synthetic_dataset\reference\reference_01.png,N:\OUTPUT\gcp_compact_spatial_representation_OUTPUT\synthetic_smoke\synthetic_dataset\target\target_01.png,140.1,138.8,140.23419203747073,138.70880361173815,0.16224760137689878,0.16224760137689878,793.0,768,85.33333333333333,ok,32.0,4.0,1.0,1.0,percentile,hamming,cfg_067,,,,,,
synthetic_02,spatial_percentile_hamming,N:\OUTPUT\gcp_compact_spatial_representation_OUTPUT\synthetic_smoke\synthetic_dataset\reference\reference_02.png,N:\OUTPUT\gcp_compact_spatial_representation_OUTPUT\synthetic_smoke\synthetic_dataset\target\target_02.png,136.3,139.6,136.4089490114464,139.50618672665917,0.14377349321090205,0.14377349321090205,549.0,768,85.33333333333333,ok,32.0,4.0,1.0,1.0,percentile,hamming,cfg_067,,,,,,
synthetic_03,spatial_percentile_hamming,N:\OUTPUT\gcp_compact_spatial_representation_OUTPUT\synthetic_smoke\synthetic_dataset\reference\reference_03.png,N:\OUTPUT\gcp_compact_spatial_representation_OUTPUT\synthetic_smoke\synthetic_dataset\target\target_03.png,137.9,136.0,137.86913580246915,136.29601990049753,0.29762456246047553,0.29762456246047553,894.0,768,85.33333333333333,ok,32.0,4.0,1.0,1.0,percentile,hamming,cfg_067,,,,,,
synthetic_00,spatial_percentile_hamming,N:\OUTPUT\gcp_compact_spatial_representation_OUTPUT\synthetic_smoke\synthetic_dataset\reference\reference_00.png,N:\OUTPUT\gcp_compact_spatial_representation_OUTPUT\synthetic_smoke\synthetic_dataset\target\target_00.png,138.75,137.1,138.59468438538207,137.33101045296166,0.2783680468762571,0.2783680468762571,907.0,768,85.33333333333333,ok,32.0,4.0,2.0,0.0,percentile,hamming,cfg_068,,,,,,
synthetic_01,spatial_percentile_hamming,N:\OUTPUT\gcp_compact_spatial_representation_OUTPUT\synthetic_smoke\synthetic_dataset\reference\reference_01.png,N:\OUTPUT\gcp_compact_spatial_representation_OUTPUT\synthetic_smoke\synthetic_dataset\target\target_01.png,140.1,138.8,140.21684210526317,138.6986027944112,0.15470446297231719,0.15470446297231719,905.0,768,85.33333333333333,ok,32.0,4.0,2.0,0.0,percentile,hamming,cfg_068,,,,,,
synthetic_02,spatial_percentile_hamming,N:\OUTPUT\gcp_compact_spatial_representation_OUTPUT\synthetic_smoke\synthetic_dataset\reference\reference_02.png,N:\OUTPUT\gcp_compact_spatial_representation_OUTPUT\synthetic_smoke\synthetic_dataset\target\target_02.png,136.3,139.6,136.41103710751665,139.4923076923077,0.1546831354148054,0.1546831354148054,630.0,768,85.33333333333333,ok,32.0,4.0,2.0,0.0,percentile,hamming,cfg_068,,,,,,
synthetic_03,spatial_percentile_hamming,N:\OUTPUT\gcp_compact_spatial_representation_OUTPUT\synthetic_smoke\synthetic_dataset\reference\reference_03.png,N:\OUTPUT\gcp_compact_spatial_representation_OUTPUT\synthetic_smoke\synthetic_dataset\target\target_03.png,137.9,136.0,137.88387096774193,136.25934065934067,0.25984172734346045,0.25984172734346045,1014.0,768,85.33333333333333,ok,32.0,4.0,2.0,0.0,percentile,hamming,cfg_068,,,,,,
synthetic_00,spatial_percentile_hamming,N:\OUTPUT\gcp_compact_spatial_representation_OUTPUT\synthetic_smoke\synthetic_dataset\reference\reference_00.png,N:\OUTPUT\gcp_compact_spatial_representation_OUTPUT\synthetic_smoke\synthetic_dataset\target\target_00.png,138.75,137.1,138.59609120521174,137.32183908045977,0.2700009161695826,0.2700009161695826,994.0,896,73.14285714285714,ok,32.0,4.0,2.0,1.0,percentile,hamming,cfg_069,,,,,,
synthetic_01,spatial_percentile_hamming,N:\OUTPUT\gcp_compact_spatial_representation_OUTPUT\synthetic_smoke\synthetic_dataset\reference\reference_01.png,N:\OUTPUT\gcp_compact_spatial_representation_OUTPUT\synthetic_smoke\synthetic_dataset\target\target_01.png,140.1,138.8,140.210101010101,138.71161048689137,0.1411911415523069,0.1411911415523069,996.0,896,73.14285714285714,ok,32.0,4.0,2.0,1.0,percentile,hamming,cfg_069,,,,,,
synthetic_02,spatial_percentile_hamming,N:\OUTPUT\gcp_compact_spatial_representation_OUTPUT\synthetic_smoke\synthetic_dataset\reference\reference_02.png,N:\OUTPUT\gcp_compact_spatial_representation_OUTPUT\synthetic_smoke\synthetic_dataset\target\target_02.png,136.3,139.6,136.40054744525548,139.5009881422925,0.14111391396347656,0.14111391396347656,716.0,896,73.14285714285714,ok,32.0,4.0,2.0,1.0,percentile,hamming,cfg_069,,,,,,
synthetic_03,spatial_percentile_hamming,N:\OUTPUT\gcp_compact_spatial_representation_OUTPUT\synthetic_smoke\synthetic_dataset\reference\reference_03.png,N:\OUTPUT\gcp_compact_spatial_representation_OUTPUT\synthetic_smoke\synthetic_dataset\target\target_03.png,137.9,136.0,137.89205702647658,136.26539278131634,0.2655116178309616,0.2655116178309616,1123.0,896,73.14285714285714,ok,32.0,4.0,2.0,1.0,percentile,hamming,cfg_069,,,,,,
synthetic_00,spatial_percentile_hamming,N:\OUTPUT\gcp_compact_spatial_representation_OUTPUT\synthetic_smoke\synthetic_dataset\reference\reference_00.png,N:\OUTPUT\gcp_compact_spatial_representation_OUTPUT\synthetic_smoke\synthetic_dataset\target\target_00.png,138.75,137.1,138.60704225352112,137.31436699857753,0.2576628171806337,0.2576628171806337,1177.0,896,73.14285714285714,ok,32.0,4.0,3.0,0.0,percentile,hamming,cfg_070,,,,,,
synthetic_01,spatial_percentile_hamming,N:\OUTPUT\gcp_compact_spatial_representation_OUTPUT\synthetic_smoke\synthetic_dataset\reference\reference_01.png,N:\OUTPUT\gcp_compact_spatial_representation_OUTPUT\synthetic_smoke\synthetic_dataset\target\target_01.png,140.1,138.8,140.2062937062937,138.6986970684039,0.14683540427165365,0.14683540427165365,1168.0,896,73.14285714285714,ok,32.0,4.0,3.0,0.0,percentile,hamming,cfg_070,,,,,,
synthetic_02,spatial_percentile_hamming,N:\OUTPUT\gcp_compact_spatial_representation_OUTPUT\synthetic_smoke\synthetic_dataset\reference\reference_02.png,N:\OUTPUT\gcp_compact_spatial_representation_OUTPUT\synthetic_smoke\synthetic_dataset\target\target_02.png,136.3,139.6,136.42471358428804,139.48327464788733,0.17081652710377263,0.17081652710377263,845.0,896,73.14285714285714,ok,32.0,4.0,3.0,0.0,percentile,hamming,cfg_070,,,,,,
synthetic_03,spatial_percentile_hamming,N:\OUTPUT\gcp_compact_spatial_representation_OUTPUT\synthetic_smoke\synthetic_dataset\reference\reference_03.png,N:\OUTPUT\gcp_compact_spatial_representation_OUTPUT\synthetic_smoke\synthetic_dataset\target\target_03.png,137.9,136.0,137.9118236472946,136.23705179282868,0.23734647905254122,0.23734647905254122,1328.0,896,73.14285714285714,ok,32.0,4.0,3.0,0.0,percentile,hamming,cfg_070,,,,,,
synthetic_00,spatial_percentile_hamming,N:\OUTPUT\gcp_compact_spatial_representation_OUTPUT\synthetic_smoke\synthetic_dataset\reference\reference_00.png,N:\OUTPUT\gcp_compact_spatial_representation_OUTPUT\synthetic_smoke\synthetic_dataset\target\target_00.png,138.75,137.1,138.60803324099723,137.30758807588074,0.251490297843918,0.251490297843918,1264.0,1024,64.0,ok,32.0,4.0,3.0,1.0,percentile,hamming,cfg_071,,,,,,
synthetic_01,spatial_percentile_hamming,N:\OUTPUT\gcp_compact_spatial_representation_OUTPUT\synthetic_smoke\synthetic_dataset\reference\reference_01.png,N:\OUTPUT\gcp_compact_spatial_representation_OUTPUT\synthetic_smoke\synthetic_dataset\target\target_01.png,140.1,138.8,140.20101351351352,138.70942812982997,0.13567237588560396,0.13567237588560396,1259.0,1024,64.0,ok,32.0,4.0,3.0,1.0,percentile,hamming,cfg_071,,,,,,
synthetic_02,spatial_percentile_hamming,N:\OUTPUT\gcp_compact_spatial_representation_OUTPUT\synthetic_smoke\synthetic_dataset\reference\reference_02.png,N:\OUTPUT\gcp_compact_spatial_representation_OUTPUT\synthetic_smoke\synthetic_dataset\target\target_02.png,136.3,139.6,136.4151539068666,139.49104859335037,0.15852706796497615,0.15852706796497615,931.0,1024,64.0,ok,32.0,4.0,3.0,1.0,percentile,hamming,cfg_071,,,,,,
synthetic_03,spatial_percentile_hamming,N:\OUTPUT\gcp_compact_spatial_representation_OUTPUT\synthetic_smoke\synthetic_dataset\reference\reference_03.png,N:\OUTPUT\gcp_compact_spatial_representation_OUTPUT\synthetic_smoke\synthetic_dataset\target\target_03.png,137.9,136.0,137.91809523809525,136.24324324324326,0.24391538087054176,0.24391538087054176,1437.0,1024,64.0,ok,32.0,4.0,3.0,1.0,percentile,hamming,cfg_071,,,,,,
synthetic_00,raw_ncc,N:\OUTPUT\gcp_compact_spatial_representation_OUTPUT\synthetic_smoke\synthetic_dataset\reference\reference_00.png,N:\OUTPUT\gcp_compact_spatial_representation_OUTPUT\synthetic_smoke\synthetic_dataset\target\target_00.png,138.75,137.1,138.6126655736114,137.21718606385843,0.18053619646520133,0.18053619646520133,0.037721335887908936,65536,1.0,ok,,,,,,,baseline_raw_ncc,,,,,,
synthetic_01,raw_ncc,N:\OUTPUT\gcp_compact_spatial_representation_OUTPUT\synthetic_smoke\synthetic_dataset\reference\reference_01.png,N:\OUTPUT\gcp_compact_spatial_representation_OUTPUT\synthetic_smoke\synthetic_dataset\target\target_01.png,140.1,138.8,140.17165330535238,138.70694999540092,0.11744147275904376,0.11744147275904376,0.05784273147583008,65536,1.0,ok,,,,,,,baseline_raw_ncc,,,,,,
synthetic_02,raw_ncc,N:\OUTPUT\gcp_compact_spatial_representation_OUTPUT\synthetic_smoke\synthetic_dataset\reference\reference_02.png,N:\OUTPUT\gcp_compact_spatial_representation_OUTPUT\synthetic_smoke\synthetic_dataset\target\target_02.png,136.3,139.6,136.41083845735818,139.5348620281972,0.1285617322538834,0.1285617322538834,0.010993659496307373,65536,1.0,ok,,,,,,,baseline_raw_ncc,,,,,,
synthetic_03,raw_ncc,N:\OUTPUT\gcp_compact_spatial_representation_OUTPUT\synthetic_smoke\synthetic_dataset\reference\reference_03.png,N:\OUTPUT\gcp_compact_spatial_representation_OUTPUT\synthetic_smoke\synthetic_dataset\target\target_03.png,137.9,136.0,137.76293094672795,135.92754938422823,0.15503875996216857,0.15503875996216857,0.08714830875396729,65536,1.0,ok,,,,,,,baseline_raw_ncc,,,,,,
synthetic_00,orb,N:\OUTPUT\gcp_compact_spatial_representation_OUTPUT\synthetic_smoke\synthetic_dataset\reference\reference_00.png,N:\OUTPUT\gcp_compact_spatial_representation_OUTPUT\synthetic_smoke\synthetic_dataset\target\target_00.png,138.75,137.1,138.95852661132812,137.3092803955078,0.2954346485703729,0.2954346485703729,24.0,123088,0.5324320811126999,ok,,,,,,,baseline_orb,2198.0,1182.0,1168.0,,,
synthetic_01,orb,N:\OUTPUT\gcp_compact_spatial_representation_OUTPUT\synthetic_smoke\synthetic_dataset\reference\reference_01.png,N:\OUTPUT\gcp_compact_spatial_representation_OUTPUT\synthetic_smoke\synthetic_dataset\target\target_01.png,140.1,138.8,140.2661895751953,138.93185424804688,0.212142682248538,0.212142682248538,25.0,115752,0.5661759624023774,ok,,,,,,,baseline_orb,2067.0,1089.0,1082.0,,,
synthetic_02,orb,N:\OUTPUT\gcp_compact_spatial_representation_OUTPUT\synthetic_smoke\synthetic_dataset\reference\reference_02.png,N:\OUTPUT\gcp_compact_spatial_representation_OUTPUT\synthetic_smoke\synthetic_dataset\target\target_02.png,136.3,139.6,136.47027587890625,139.65219116210938,0.17809489700611777,0.17809489700611777,22.0,119728,0.5473740478417747,ok,,,,,,,baseline_orb,2138.0,1075.0,1065.0,,,
synthetic_03,orb,N:\OUTPUT\gcp_compact_spatial_representation_OUTPUT\synthetic_smoke\synthetic_dataset\reference\reference_03.png,N:\OUTPUT\gcp_compact_spatial_representation_OUTPUT\synthetic_smoke\synthetic_dataset\target\target_03.png,137.9,136.0,137.82400512695312,136.0409698486328,0.08633509846179062,0.08633509846179062,25.0,120176,0.5453335108507522,ok,,,,,,,baseline_orb,2146.0,1079.0,1072.0,,,
synthetic_00,sift,N:\OUTPUT\gcp_compact_spatial_representation_OUTPUT\synthetic_smoke\synthetic_dataset\reference\reference_00.png,N:\OUTPUT\gcp_compact_spatial_representation_OUTPUT\synthetic_smoke\synthetic_dataset\target\target_00.png,138.75,137.1,138.75112915039062,137.09632873535156,0.0038409848637392173,0.0038409848637392173,56.02231216430664,283008,0.23156942559927635,ok,,,,,,,baseline_sift,528.0,342.0,330.0,,,
synthetic_01,sift,N:\OUTPUT\gcp_compact_spatial_representation_OUTPUT\synthetic_smoke\synthetic_dataset\reference\reference_01.png,N:\OUTPUT\gcp_compact_spatial_representation_OUTPUT\synthetic_smoke\synthetic_dataset\target\target_01.png,140.1,138.8,140.11386108398438,138.79824829101562,0.013971332563074814,0.013971332563074814,60.954898834228516,241200,0.27170812603648425,ok,,,,,,,baseline_sift,450.0,302.0,293.0,,,
synthetic_02,sift,N:\OUTPUT\gcp_compact_spatial_representation_OUTPUT\synthetic_smoke\synthetic_dataset\reference\reference_02.png,N:\OUTPUT\gcp_compact_spatial_representation_OUTPUT\synthetic_smoke\synthetic_dataset\target\target_02.png,136.3,139.6,136.32347106933594,139.58016967773438,0.03072674367599289,0.03072674367599289,44.187042236328125,264248,0.24800944567224728,ok,,,,,,,baseline_sift,493.0,358.0,353.0,,,
synthetic_03,sift,N:\OUTPUT\gcp_compact_spatial_representation_OUTPUT\synthetic_smoke\synthetic_dataset\reference\reference_03.png,N:\OUTPUT\gcp_compact_spatial_representation_OUTPUT\synthetic_smoke\synthetic_dataset\target\target_03.png,137.9,136.0,137.8978729248047,135.99205017089844,0.008229473350742922,0.008229473350742922,57.5760383605957,287832,0.22768837377359016,ok,,,,,,,baseline_sift,537.0,359.0,348.0,,,
synthetic_00,median_binary_g16,N:\OUTPUT\gcp_compact_spatial_representation_OUTPUT\synthetic_smoke\synthetic_dataset\reference\reference_00.png,N:\OUTPUT\gcp_compact_spatial_representation_OUTPUT\synthetic_smoke\synthetic_dataset\target\target_00.png,138.75,137.1,138.33333333333334,137.2,0.42849867107273754,0.42849867107273754,6.0,32,2048.0,ok,,,,,,,baseline_median_binary,,,,16.0,,
synthetic_01,median_binary_g16,N:\OUTPUT\gcp_compact_spatial_representation_OUTPUT\synthetic_smoke\synthetic_dataset\reference\reference_01.png,N:\OUTPUT\gcp_compact_spatial_representation_OUTPUT\synthetic_smoke\synthetic_dataset\target\target_01.png,140.1,138.8,140.25,139.2,0.4272001872658573,0.4272001872658573,6.0,32,2048.0,ok,,,,,,,baseline_median_binary,,,,16.0,,
synthetic_02,median_binary_g16,N:\OUTPUT\gcp_compact_spatial_representation_OUTPUT\synthetic_smoke\synthetic_dataset\reference\reference_02.png,N:\OUTPUT\gcp_compact_spatial_representation_OUTPUT\synthetic_smoke\synthetic_dataset\target\target_02.png,136.3,139.6,135.75,139.55555555555554,0.5517928131481855,0.22360679774996628,0.0,32,2048.0,ok,,,,,,,baseline_median_binary,,,,16.0,,
synthetic_03,median_binary_g16,N:\OUTPUT\gcp_compact_spatial_representation_OUTPUT\synthetic_smoke\synthetic_dataset\reference\reference_03.png,N:\OUTPUT\gcp_compact_spatial_representation_OUTPUT\synthetic_smoke\synthetic_dataset\target\target_03.png,137.9,136.0,138.25,137.0,1.0594810050208527,0.6403124237432885,8.0,32,2048.0,ok,,,,,,,baseline_median_binary,,,,16.0,,
synthetic_00,webp_q30,N:\OUTPUT\gcp_compact_spatial_representation_OUTPUT\synthetic_smoke\synthetic_dataset\reference\reference_00.png,N:\OUTPUT\gcp_compact_spatial_representation_OUTPUT\synthetic_smoke\synthetic_dataset\target\target_00.png,138.75,137.1,138.61018608210023,137.2097660060997,0.17775406530812346,0.17775406530812346,0.040959715843200684,7590,8.63451910408432,ok,,,,,,,baseline_webp_30,,,,,webp,30.0
synthetic_01,webp_q30,N:\OUTPUT\gcp_compact_spatial_representation_OUTPUT\synthetic_smoke\synthetic_dataset\reference\reference_01.png,N:\OUTPUT\gcp_compact_spatial_representation_OUTPUT\synthetic_smoke\synthetic_dataset\target\target_01.png,140.1,138.8,140.16905834539946,138.70626739928363,0.11642532158584966,0.11642532158584966,0.06131225824356079,7402,8.853823291002431,ok,,,,,,,baseline_webp_30,,,,,webp,30.0
synthetic_02,webp_q30,N:\OUTPUT\gcp_compact_spatial_representation_OUTPUT\synthetic_smoke\synthetic_dataset\reference\reference_02.png,N:\OUTPUT\gcp_compact_spatial_representation_OUTPUT\synthetic_smoke\synthetic_dataset\target\target_02.png,136.3,139.6,136.4067458121426,139.53413484699124,0.12543080479230578,0.12543080479230578,0.017883360385894775,8302,7.894001445434835,ok,,,,,,,baseline_webp_30,,,,,webp,30.0
synthetic_03,webp_q30,N:\OUTPUT\gcp_compact_spatial_representation_OUTPUT\synthetic_smoke\synthetic_dataset\reference\reference_03.png,N:\OUTPUT\gcp_compact_spatial_representation_OUTPUT\synthetic_smoke\synthetic_dataset\target\target_03.png,137.9,136.0,137.76061413495546,135.9218988949252,0.15977547367516182,0.15977547367516182,0.0885387659072876,7560,8.66878306878307,ok,,,,,,,baseline_webp_30,,,,,webp,30.0
synthetic_00,webp_q50,N:\OUTPUT\gcp_compact_spatial_representation_OUTPUT\synthetic_smoke\synthetic_dataset\reference\reference_00.png,N:\OUTPUT\gcp_compact_spatial_representation_OUTPUT\synthetic_smoke\synthetic_dataset\target\target_00.png,138.75,137.1,138.61113939540098,137.21568620038715,0.18073617366100966,0.18073617366100966,0.039520204067230225,10958,5.980653403905822,ok,,,,,,,baseline_webp_50,,,,,webp,50.0
synthetic_01,webp_q50,N:\OUTPUT\gcp_compact_spatial_representation_OUTPUT\synthetic_smoke\synthetic_dataset\reference\reference_01.png,N:\OUTPUT\gcp_compact_spatial_representation_OUTPUT\synthetic_smoke\synthetic_dataset\target\target_01.png,140.1,138.8,140.16805353802422,138.7077058241519,0.1146712646354668,0.1146712646354668,0.06008940935134888,10642,6.15824093215561,ok,,,,,,,baseline_webp_50,,,,,webp,50.0
synthetic_02,webp_q50,N:\OUTPUT\gcp_compact_spatial_representation_OUTPUT\synthetic_smoke\synthetic_dataset\reference\reference_02.png,N:\OUTPUT\gcp_compact_spatial_representation_OUTPUT\synthetic_smoke\synthetic_dataset\target\target_02.png,136.3,139.6,136.40933938107935,139.5352138996397,0.12709185282584654,0.12709185282584654,0.015249133110046387,11406,5.745747852007716,ok,,,,,,,baseline_webp_50,,,,,webp,50.0
synthetic_03,webp_q50,N:\OUTPUT\gcp_compact_spatial_representation_OUTPUT\synthetic_smoke\synthetic_dataset\reference\reference_03.png,N:\OUTPUT\gcp_compact_spatial_representation_OUTPUT\synthetic_smoke\synthetic_dataset\target\target_03.png,137.9,136.0,137.76330487154374,135.9235969759198,0.15659814887882986,0.15659814887882986,0.08771371841430664,10878,6.024636881779739,ok,,,,,,,baseline_webp_50,,,,,webp,50.0
synthetic_00,jpeg2000_q1000,N:\OUTPUT\gcp_compact_spatial_representation_OUTPUT\synthetic_smoke\synthetic_dataset\reference\reference_00.png,N:\OUTPUT\gcp_compact_spatial_representation_OUTPUT\synthetic_smoke\synthetic_dataset\target\target_00.png,138.75,137.1,138.6126655736114,137.21718606385843,0.18053619646520133,0.18053619646520133,0.037721335887908936,50832,1.2892666037141958,ok,,,,,,,baseline_jpeg2000_1000,,,,,jpeg2000,1000.0
synthetic_01,jpeg2000_q1000,N:\OUTPUT\gcp_compact_spatial_representation_OUTPUT\synthetic_smoke\synthetic_dataset\reference\reference_01.png,N:\OUTPUT\gcp_compact_spatial_representation_OUTPUT\synthetic_smoke\synthetic_dataset\target\target_01.png,140.1,138.8,140.17165330535238,138.70694999540092,0.11744147275904376,0.11744147275904376,0.05784273147583008,50679,1.293158902109355,ok,,,,,,,baseline_jpeg2000_1000,,,,,jpeg2000,1000.0
synthetic_02,jpeg2000_q1000,N:\OUTPUT\gcp_compact_spatial_representation_OUTPUT\synthetic_smoke\synthetic_dataset\reference\reference_02.png,N:\OUTPUT\gcp_compact_spatial_representation_OUTPUT\synthetic_smoke\synthetic_dataset\target\target_02.png,136.3,139.6,136.41083845735818,139.5348620281972,0.1285617322538834,0.1285617322538834,0.010993659496307373,51824,1.2645878357517752,ok,,,,,,,baseline_jpeg2000_1000,,,,,jpeg2000,1000.0
synthetic_03,jpeg2000_q1000,N:\OUTPUT\gcp_compact_spatial_representation_OUTPUT\synthetic_smoke\synthetic_dataset\reference\reference_03.png,N:\OUTPUT\gcp_compact_spatial_representation_OUTPUT\synthetic_smoke\synthetic_dataset\target\target_03.png,137.9,136.0,137.76293094672795,135.92754938422823,0.15503875996216857,0.15503875996216857,0.08714830875396729,50524,1.2971261182804212,ok,,,,,,,baseline_jpeg2000_1000,,,,,jpeg2000,1000.0
synthetic_00,jpeg2000_q500,N:\OUTPUT\gcp_compact_spatial_representation_OUTPUT\synthetic_smoke\synthetic_dataset\reference\reference_00.png,N:\OUTPUT\gcp_compact_spatial_representation_OUTPUT\synthetic_smoke\synthetic_dataset\target\target_00.png,138.75,137.1,138.61252731522413,137.21710784638344,0.18059066073320487,0.18059066073320487,0.038656651973724365,32606,2.009936821443906,ok,,,,,,,baseline_jpeg2000_500,,,,,jpeg2000,500.0
synthetic_01,jpeg2000_q500,N:\OUTPUT\gcp_compact_spatial_representation_OUTPUT\synthetic_smoke\synthetic_dataset\reference\reference_01.png,N:\OUTPUT\gcp_compact_spatial_representation_OUTPUT\synthetic_smoke\synthetic_dataset\target\target_01.png,140.1,138.8,140.1716166878354,138.7070796675898,0.1173164018871209,0.1173164018871209,0.05906933546066284,32775,1.9995728451563692,ok,,,,,,,baseline_jpeg2000_500,,,,,jpeg2000,500.0
synthetic_02,jpeg2000_q500,N:\OUTPUT\gcp_compact_spatial_representation_OUTPUT\synthetic_smoke\synthetic_dataset\reference\reference_02.png,N:\OUTPUT\gcp_compact_spatial_representation_OUTPUT\synthetic_smoke\synthetic_dataset\target\target_02.png,136.3,139.6,136.41061982211525,139.53461707239114,0.12849775199400024,0.12849775199400024,0.011732339859008789,32719,2.00299520156484,ok,,,,,,,baseline_jpeg2000_500,,,,,jpeg2000,500.0
synthetic_03,jpeg2000_q500,N:\OUTPUT\gcp_compact_spatial_representation_OUTPUT\synthetic_smoke\synthetic_dataset\reference\reference_03.png,N:\OUTPUT\gcp_compact_spatial_representation_OUTPUT\synthetic_smoke\synthetic_dataset\target\target_03.png,137.9,136.0,137.7628303064861,135.9273018233389,0.15524351744451634,0.15524351744451634,0.0883590579032898,32683,2.005201480892207,ok,,,,,,,baseline_jpeg2000_500,,,,,jpeg2000,500.0
synthetic_00,jpeg2000_q250,N:\OUTPUT\gcp_compact_spatial_representation_OUTPUT\synthetic_smoke\synthetic_dataset\reference\reference_00.png,N:\OUTPUT\gcp_compact_spatial_representation_OUTPUT\synthetic_smoke\synthetic_dataset\target\target_00.png,138.75,137.1,138.61307539665032,137.21593415833595,0.17941314353061136,0.17941314353061136,0.03963810205459595,16155,4.056700711853916,ok,,,,,,,baseline_jpeg2000_250,,,,,jpeg2000,250.0
synthetic_01,jpeg2000_q250,N:\OUTPUT\gcp_compact_spatial_representation_OUTPUT\synthetic_smoke\synthetic_dataset\reference\reference_01.png,N:\OUTPUT\gcp_compact_spatial_representation_OUTPUT\synthetic_smoke\synthetic_dataset\target\target_01.png,140.1,138.8,140.16974446822445,138.70865984341523,0.11492308320282726,0.11492308320282726,0.06039845943450928,16208,4.0434353405725565,ok,,,,,,,baseline_jpeg2000_250,,,,,jpeg2000,250.0
synthetic_02,jpeg2000_q250,N:\OUTPUT\gcp_compact_spatial_representation_OUTPUT\synthetic_smoke\synthetic_dataset\reference\reference_02.png,N:\OUTPUT\gcp_compact_spatial_representation_OUTPUT\synthetic_smoke\synthetic_dataset\target\target_02.png,136.3,139.6,136.41028686812965,139.53464986960245,0.12819451167978993,0.12819451167978993,0.014338135719299316,16186,4.048931175089583,ok,,,,,,,baseline_jpeg2000_250,,,,,jpeg2000,250.0
synthetic_03,jpeg2000_q250,N:\OUTPUT\gcp_compact_spatial_representation_OUTPUT\synthetic_smoke\synthetic_dataset\reference\reference_03.png,N:\OUTPUT\gcp_compact_spatial_representation_OUTPUT\synthetic_smoke\synthetic_dataset\target\target_03.png,137.9,136.0,137.7635072605124,135.9247840323619,0.1558451466057435,0.1558451466057435,0.08859723806381226,16105,4.0692952499223844,ok,,,,,,,baseline_jpeg2000_250,,,,,jpeg2000,250.0
synthetic_00,jpeg2000_q100,N:\OUTPUT\gcp_compact_spatial_representation_OUTPUT\synthetic_smoke\synthetic_dataset\reference\reference_00.png,N:\OUTPUT\gcp_compact_spatial_representation_OUTPUT\synthetic_smoke\synthetic_dataset\target\target_00.png,138.75,137.1,138.61372811539934,137.21321172945878,0.17716354653162786,0.17716354653162786,0.042107582092285156,6436,10.18272218769422,ok,,,,,,,baseline_jpeg2000_100,,,,,jpeg2000,100.0
synthetic_01,jpeg2000_q100,N:\OUTPUT\gcp_compact_spatial_representation_OUTPUT\synthetic_smoke\synthetic_dataset\reference\reference_01.png,N:\OUTPUT\gcp_compact_spatial_representation_OUTPUT\synthetic_smoke\synthetic_dataset\target\target_01.png,140.1,138.8,140.16706921907527,138.704993169722,0.11629521893372173,0.11629521893372173,0.06287491321563721,6517,10.056160810188738,ok,,,,,,,baseline_jpeg2000_100,,,,,jpeg2000,100.0
synthetic_02,jpeg2000_q100,N:\OUTPUT\gcp_compact_spatial_representation_OUTPUT\synthetic_smoke\synthetic_dataset\reference\reference_02.png,N:\OUTPUT\gcp_compact_spatial_representation_OUTPUT\synthetic_smoke\synthetic_dataset\target\target_02.png,136.3,139.6,136.40980335695903,139.5342609457516,0.12797812490008492,0.12797812490008492,0.02587980031967163,6445,10.168502715283164,ok,,,,,,,baseline_jpeg2000_100,,,,,jpeg2000,100.0
synthetic_03,jpeg2000_q100,N:\OUTPUT\gcp_compact_spatial_representation_OUTPUT\synthetic_smoke\synthetic_dataset\reference\reference_03.png,N:\OUTPUT\gcp_compact_spatial_representation_OUTPUT\synthetic_smoke\synthetic_dataset\target\target_03.png,137.9,136.0,137.76337268070765,135.92919255428458,0.15388540783894297,0.15388540783894297,0.09023255109786987,6547,10.010080953108293,ok,,,,,,,baseline_jpeg2000_100,,,,,jpeg2000,100.0
